-- MySQL dump 10.13  Distrib 8.0.43, for Win64 (x86_64)
--
-- Host: 127.0.0.1    Database: schedule_new_three
-- ------------------------------------------------------
-- Server version	8.0.43

/*!40101 SET @OLD_CHARACTER_SET_CLIENT=@@CHARACTER_SET_CLIENT */;
/*!40101 SET @OLD_CHARACTER_SET_RESULTS=@@CHARACTER_SET_RESULTS */;
/*!40101 SET @OLD_COLLATION_CONNECTION=@@COLLATION_CONNECTION */;
/*!50503 SET NAMES utf8 */;
/*!40103 SET @OLD_TIME_ZONE=@@TIME_ZONE */;
/*!40103 SET TIME_ZONE='+00:00' */;
/*!40014 SET @OLD_UNIQUE_CHECKS=@@UNIQUE_CHECKS, UNIQUE_CHECKS=0 */;
/*!40014 SET @OLD_FOREIGN_KEY_CHECKS=@@FOREIGN_KEY_CHECKS, FOREIGN_KEY_CHECKS=0 */;
/*!40101 SET @OLD_SQL_MODE=@@SQL_MODE, SQL_MODE='NO_AUTO_VALUE_ON_ZERO' */;
/*!40111 SET @OLD_SQL_NOTES=@@SQL_NOTES, SQL_NOTES=0 */;

--
-- Table structure for table `admins`
--

DROP TABLE IF EXISTS `admins`;
/*!40101 SET @saved_cs_client     = @@character_set_client */;
/*!50503 SET character_set_client = utf8mb4 */;
CREATE TABLE `admins` (
  `id` bigint unsigned NOT NULL AUTO_INCREMENT,
  `username` varchar(255) CHARACTER SET utf8mb4 COLLATE utf8mb4_unicode_ci NOT NULL,
  `email` varchar(255) CHARACTER SET utf8mb4 COLLATE utf8mb4_unicode_ci NOT NULL,
  `password` varchar(255) CHARACTER SET utf8mb4 COLLATE utf8mb4_unicode_ci NOT NULL,
  `full_name` varchar(255) CHARACTER SET utf8mb4 COLLATE utf8mb4_unicode_ci NOT NULL,
  `remember_token` varchar(100) CHARACTER SET utf8mb4 COLLATE utf8mb4_unicode_ci DEFAULT NULL,
  `created_at` timestamp NULL DEFAULT NULL,
  `updated_at` timestamp NULL DEFAULT NULL,
  PRIMARY KEY (`id`),
  UNIQUE KEY `admins_username_unique` (`username`),
  UNIQUE KEY `admins_email_unique` (`email`)
) ENGINE=InnoDB AUTO_INCREMENT=2 DEFAULT CHARSET=utf8mb4 COLLATE=utf8mb4_unicode_ci;
/*!40101 SET character_set_client = @saved_cs_client */;

--
-- Dumping data for table `admins`
--

LOCK TABLES `admins` WRITE;
/*!40000 ALTER TABLE `admins` DISABLE KEYS */;
INSERT INTO `admins` VALUES (1,'admin','admin@example.com','$2y$12$HnvoC.5GS8oySgr4hQqyqOVR./KP.Nj.MFbTSUCdGn7cJsoH6r.0i','Administrator',NULL,'2026-06-08 00:33:26','2026-06-08 00:33:26');
/*!40000 ALTER TABLE `admins` ENABLE KEYS */;
UNLOCK TABLES;

--
-- Table structure for table `agent_conversation_messages`
--

DROP TABLE IF EXISTS `agent_conversation_messages`;
/*!40101 SET @saved_cs_client     = @@character_set_client */;
/*!50503 SET character_set_client = utf8mb4 */;
CREATE TABLE `agent_conversation_messages` (
  `id` varchar(36) CHARACTER SET utf8mb4 COLLATE utf8mb4_unicode_ci NOT NULL,
  `conversation_id` varchar(36) CHARACTER SET utf8mb4 COLLATE utf8mb4_unicode_ci NOT NULL,
  `user_id` bigint unsigned DEFAULT NULL,
  `agent` varchar(255) CHARACTER SET utf8mb4 COLLATE utf8mb4_unicode_ci NOT NULL,
  `role` varchar(25) CHARACTER SET utf8mb4 COLLATE utf8mb4_unicode_ci NOT NULL,
  `content` text CHARACTER SET utf8mb4 COLLATE utf8mb4_unicode_ci NOT NULL,
  `attachments` text CHARACTER SET utf8mb4 COLLATE utf8mb4_unicode_ci NOT NULL,
  `tool_calls` text CHARACTER SET utf8mb4 COLLATE utf8mb4_unicode_ci NOT NULL,
  `tool_results` text CHARACTER SET utf8mb4 COLLATE utf8mb4_unicode_ci NOT NULL,
  `usage` text CHARACTER SET utf8mb4 COLLATE utf8mb4_unicode_ci NOT NULL,
  `meta` text CHARACTER SET utf8mb4 COLLATE utf8mb4_unicode_ci NOT NULL,
  `created_at` timestamp NULL DEFAULT NULL,
  `updated_at` timestamp NULL DEFAULT NULL,
  PRIMARY KEY (`id`),
  KEY `conversation_index` (`conversation_id`,`user_id`,`updated_at`),
  KEY `agent_conversation_messages_user_id_index` (`user_id`),
  KEY `agent_conversation_messages_conversation_id_index` (`conversation_id`)
) ENGINE=InnoDB DEFAULT CHARSET=utf8mb4 COLLATE=utf8mb4_unicode_ci;
/*!40101 SET character_set_client = @saved_cs_client */;

--
-- Dumping data for table `agent_conversation_messages`
--

LOCK TABLES `agent_conversation_messages` WRITE;
/*!40000 ALTER TABLE `agent_conversation_messages` DISABLE KEYS */;
/*!40000 ALTER TABLE `agent_conversation_messages` ENABLE KEYS */;
UNLOCK TABLES;

--
-- Table structure for table `agent_conversations`
--

DROP TABLE IF EXISTS `agent_conversations`;
/*!40101 SET @saved_cs_client     = @@character_set_client */;
/*!50503 SET character_set_client = utf8mb4 */;
CREATE TABLE `agent_conversations` (
  `id` varchar(36) CHARACTER SET utf8mb4 COLLATE utf8mb4_unicode_ci NOT NULL,
  `user_id` bigint unsigned DEFAULT NULL,
  `title` varchar(255) CHARACTER SET utf8mb4 COLLATE utf8mb4_unicode_ci NOT NULL,
  `created_at` timestamp NULL DEFAULT NULL,
  `updated_at` timestamp NULL DEFAULT NULL,
  PRIMARY KEY (`id`),
  KEY `agent_conversations_user_id_updated_at_index` (`user_id`,`updated_at`)
) ENGINE=InnoDB DEFAULT CHARSET=utf8mb4 COLLATE=utf8mb4_unicode_ci;
/*!40101 SET character_set_client = @saved_cs_client */;

--
-- Dumping data for table `agent_conversations`
--

LOCK TABLES `agent_conversations` WRITE;
/*!40000 ALTER TABLE `agent_conversations` DISABLE KEYS */;
/*!40000 ALTER TABLE `agent_conversations` ENABLE KEYS */;
UNLOCK TABLES;

--
-- Table structure for table `cache`
--

DROP TABLE IF EXISTS `cache`;
/*!40101 SET @saved_cs_client     = @@character_set_client */;
/*!50503 SET character_set_client = utf8mb4 */;
CREATE TABLE `cache` (
  `key` varchar(255) CHARACTER SET utf8mb4 COLLATE utf8mb4_unicode_ci NOT NULL,
  `value` mediumtext CHARACTER SET utf8mb4 COLLATE utf8mb4_unicode_ci NOT NULL,
  `expiration` int NOT NULL,
  PRIMARY KEY (`key`)
) ENGINE=InnoDB DEFAULT CHARSET=utf8mb4 COLLATE=utf8mb4_unicode_ci;
/*!40101 SET character_set_client = @saved_cs_client */;

--
-- Dumping data for table `cache`
--

LOCK TABLES `cache` WRITE;
/*!40000 ALTER TABLE `cache` DISABLE KEYS */;
INSERT INTO `cache` VALUES ('laravel-cache-schedule_run_4_section_4_last_error','s:43:\"Unknown teacher [Teacher A] returned by AI.\";',1780932754);
/*!40000 ALTER TABLE `cache` ENABLE KEYS */;
UNLOCK TABLES;

--
-- Table structure for table `cache_locks`
--

DROP TABLE IF EXISTS `cache_locks`;
/*!40101 SET @saved_cs_client     = @@character_set_client */;
/*!50503 SET character_set_client = utf8mb4 */;
CREATE TABLE `cache_locks` (
  `key` varchar(255) CHARACTER SET utf8mb4 COLLATE utf8mb4_unicode_ci NOT NULL,
  `owner` varchar(255) CHARACTER SET utf8mb4 COLLATE utf8mb4_unicode_ci NOT NULL,
  `expiration` int NOT NULL,
  PRIMARY KEY (`key`)
) ENGINE=InnoDB DEFAULT CHARSET=utf8mb4 COLLATE=utf8mb4_unicode_ci;
/*!40101 SET character_set_client = @saved_cs_client */;

--
-- Dumping data for table `cache_locks`
--

LOCK TABLES `cache_locks` WRITE;
/*!40000 ALTER TABLE `cache_locks` DISABLE KEYS */;
/*!40000 ALTER TABLE `cache_locks` ENABLE KEYS */;
UNLOCK TABLES;

--
-- Table structure for table `clients`
--

DROP TABLE IF EXISTS `clients`;
/*!40101 SET @saved_cs_client     = @@character_set_client */;
/*!50503 SET character_set_client = utf8mb4 */;
CREATE TABLE `clients` (
  `id` bigint unsigned NOT NULL AUTO_INCREMENT,
  `school_id` bigint unsigned NOT NULL,
  `username` varchar(255) CHARACTER SET utf8mb4 COLLATE utf8mb4_unicode_ci NOT NULL,
  `email` varchar(255) CHARACTER SET utf8mb4 COLLATE utf8mb4_unicode_ci NOT NULL,
  `password` varchar(255) CHARACTER SET utf8mb4 COLLATE utf8mb4_unicode_ci NOT NULL,
  `full_name` varchar(255) CHARACTER SET utf8mb4 COLLATE utf8mb4_unicode_ci NOT NULL,
  `is_active` tinyint(1) NOT NULL DEFAULT '1',
  `remember_token` varchar(100) CHARACTER SET utf8mb4 COLLATE utf8mb4_unicode_ci DEFAULT NULL,
  `created_at` timestamp NULL DEFAULT NULL,
  `updated_at` timestamp NULL DEFAULT NULL,
  PRIMARY KEY (`id`),
  UNIQUE KEY `clients_username_unique` (`username`),
  UNIQUE KEY `clients_email_unique` (`email`),
  KEY `clients_school_id_foreign` (`school_id`),
  CONSTRAINT `clients_school_id_foreign` FOREIGN KEY (`school_id`) REFERENCES `schools` (`id`) ON DELETE CASCADE
) ENGINE=InnoDB AUTO_INCREMENT=2 DEFAULT CHARSET=utf8mb4 COLLATE=utf8mb4_unicode_ci;
/*!40101 SET character_set_client = @saved_cs_client */;

--
-- Dumping data for table `clients`
--

LOCK TABLES `clients` WRITE;
/*!40000 ALTER TABLE `clients` DISABLE KEYS */;
INSERT INTO `clients` VALUES (1,1,'school one','school_one@gmail.com','$2y$12$t1zHUwfyAVpUl6l4pzXuTOqu0nwQd54mEF/IGpN89v0fjpHrKggIC','Little Angle',1,NULL,'2026-06-08 00:36:52','2026-06-08 04:22:17');
/*!40000 ALTER TABLE `clients` ENABLE KEYS */;
UNLOCK TABLES;

--
-- Table structure for table `failed_jobs`
--

DROP TABLE IF EXISTS `failed_jobs`;
/*!40101 SET @saved_cs_client     = @@character_set_client */;
/*!50503 SET character_set_client = utf8mb4 */;
CREATE TABLE `failed_jobs` (
  `id` bigint unsigned NOT NULL AUTO_INCREMENT,
  `uuid` varchar(255) CHARACTER SET utf8mb4 COLLATE utf8mb4_unicode_ci NOT NULL,
  `connection` text CHARACTER SET utf8mb4 COLLATE utf8mb4_unicode_ci NOT NULL,
  `queue` text CHARACTER SET utf8mb4 COLLATE utf8mb4_unicode_ci NOT NULL,
  `payload` longtext CHARACTER SET utf8mb4 COLLATE utf8mb4_unicode_ci NOT NULL,
  `exception` longtext CHARACTER SET utf8mb4 COLLATE utf8mb4_unicode_ci NOT NULL,
  `failed_at` timestamp NOT NULL DEFAULT CURRENT_TIMESTAMP,
  PRIMARY KEY (`id`),
  UNIQUE KEY `failed_jobs_uuid_unique` (`uuid`)
) ENGINE=InnoDB AUTO_INCREMENT=2 DEFAULT CHARSET=utf8mb4 COLLATE=utf8mb4_unicode_ci;
/*!40101 SET character_set_client = @saved_cs_client */;

--
-- Dumping data for table `failed_jobs`
--

LOCK TABLES `failed_jobs` WRITE;
/*!40000 ALTER TABLE `failed_jobs` DISABLE KEYS */;
INSERT INTO `failed_jobs` VALUES (1,'b294c903-b304-4d22-add4-545dbdbadcc3','database','default','{\"uuid\":\"b294c903-b304-4d22-add4-545dbdbadcc3\",\"displayName\":\"App\\\\Jobs\\\\ProcessGradeScheduleJob\",\"job\":\"Illuminate\\\\Queue\\\\CallQueuedHandler@call\",\"maxTries\":5,\"maxExceptions\":null,\"failOnTimeout\":false,\"backoff\":\"30,120,300,600\",\"timeout\":300,\"retryUntil\":null,\"data\":{\"commandName\":\"App\\\\Jobs\\\\ProcessGradeScheduleJob\",\"command\":\"O:32:\\\"App\\\\Jobs\\\\ProcessGradeScheduleJob\\\":4:{s:8:\\\"schoolId\\\";i:1;s:14:\\\"gradeSectionId\\\";i:2;s:19:\\\"masterScheduleRunId\\\";i:2;s:24:\\\"remainingGradeSectionIds\\\";a:12:{i:0;i:6;i:1;i:4;i:2;i:5;i:3;i:9;i:4;i:7;i:5;i:8;i:6;i:12;i:7;i:10;i:8;i:11;i:9;i:15;i:10;i:13;i:11;i:14;}}\",\"batchId\":null},\"createdAt\":1780917788,\"delay\":null}','Illuminate\\Queue\\MaxAttemptsExceededException: App\\Jobs\\ProcessGradeScheduleJob has been attempted too many times. in C:\\Users\\User\\schedule-school-project\\vendor\\laravel\\framework\\src\\Illuminate\\Queue\\MaxAttemptsExceededException.php:24\nStack trace:\n#0 C:\\Users\\User\\schedule-school-project\\vendor\\laravel\\framework\\src\\Illuminate\\Queue\\Worker.php(883): Illuminate\\Queue\\MaxAttemptsExceededException::forJob(Object(Illuminate\\Queue\\Jobs\\DatabaseJob))\n#1 C:\\Users\\User\\schedule-school-project\\vendor\\laravel\\framework\\src\\Illuminate\\Queue\\Worker.php(592): Illuminate\\Queue\\Worker->maxAttemptsExceededException(Object(Illuminate\\Queue\\Jobs\\DatabaseJob))\n#2 C:\\Users\\User\\schedule-school-project\\vendor\\laravel\\framework\\src\\Illuminate\\Queue\\Worker.php(493): Illuminate\\Queue\\Worker->markJobAsFailedIfAlreadyExceedsMaxAttempts(\'database\', Object(Illuminate\\Queue\\Jobs\\DatabaseJob), 5)\n#3 C:\\Users\\User\\schedule-school-project\\vendor\\laravel\\framework\\src\\Illuminate\\Queue\\Worker.php(454): Illuminate\\Queue\\Worker->process(\'database\', Object(Illuminate\\Queue\\Jobs\\DatabaseJob), Object(Illuminate\\Queue\\WorkerOptions))\n#4 C:\\Users\\User\\schedule-school-project\\vendor\\laravel\\framework\\src\\Illuminate\\Queue\\Worker.php(212): Illuminate\\Queue\\Worker->runJob(Object(Illuminate\\Queue\\Jobs\\DatabaseJob), \'database\', Object(Illuminate\\Queue\\WorkerOptions))\n#5 C:\\Users\\User\\schedule-school-project\\vendor\\laravel\\framework\\src\\Illuminate\\Queue\\Console\\WorkCommand.php(149): Illuminate\\Queue\\Worker->daemon(\'database\', \'default\', Object(Illuminate\\Queue\\WorkerOptions))\n#6 C:\\Users\\User\\schedule-school-project\\vendor\\laravel\\framework\\src\\Illuminate\\Queue\\Console\\WorkCommand.php(132): Illuminate\\Queue\\Console\\WorkCommand->runWorker(\'database\', \'default\')\n#7 C:\\Users\\User\\schedule-school-project\\vendor\\laravel\\framework\\src\\Illuminate\\Container\\BoundMethod.php(36): Illuminate\\Queue\\Console\\WorkCommand->handle()\n#8 C:\\Users\\User\\schedule-school-project\\vendor\\laravel\\framework\\src\\Illuminate\\Container\\Util.php(43): Illuminate\\Container\\BoundMethod::{closure:Illuminate\\Container\\BoundMethod::call():35}()\n#9 C:\\Users\\User\\schedule-school-project\\vendor\\laravel\\framework\\src\\Illuminate\\Container\\BoundMethod.php(96): Illuminate\\Container\\Util::unwrapIfClosure(Object(Closure))\n#10 C:\\Users\\User\\schedule-school-project\\vendor\\laravel\\framework\\src\\Illuminate\\Container\\BoundMethod.php(35): Illuminate\\Container\\BoundMethod::callBoundMethod(Object(Illuminate\\Foundation\\Application), Array, Object(Closure))\n#11 C:\\Users\\User\\schedule-school-project\\vendor\\laravel\\framework\\src\\Illuminate\\Container\\Container.php(799): Illuminate\\Container\\BoundMethod::call(Object(Illuminate\\Foundation\\Application), Array, Array, NULL)\n#12 C:\\Users\\User\\schedule-school-project\\vendor\\laravel\\framework\\src\\Illuminate\\Console\\Command.php(211): Illuminate\\Container\\Container->call(Array)\n#13 C:\\Users\\User\\schedule-school-project\\vendor\\symfony\\console\\Command\\Command.php(341): Illuminate\\Console\\Command->execute(Object(Symfony\\Component\\Console\\Input\\ArgvInput), Object(Illuminate\\Console\\OutputStyle))\n#14 C:\\Users\\User\\schedule-school-project\\vendor\\laravel\\framework\\src\\Illuminate\\Console\\Command.php(180): Symfony\\Component\\Console\\Command\\Command->run(Object(Symfony\\Component\\Console\\Input\\ArgvInput), Object(Illuminate\\Console\\OutputStyle))\n#15 C:\\Users\\User\\schedule-school-project\\vendor\\symfony\\console\\Application.php(1117): Illuminate\\Console\\Command->run(Object(Symfony\\Component\\Console\\Input\\ArgvInput), Object(Symfony\\Component\\Console\\Output\\ConsoleOutput))\n#16 C:\\Users\\User\\schedule-school-project\\vendor\\symfony\\console\\Application.php(356): Symfony\\Component\\Console\\Application->doRunCommand(Object(Illuminate\\Queue\\Console\\WorkCommand), Object(Symfony\\Component\\Console\\Input\\ArgvInput), Object(Symfony\\Component\\Console\\Output\\ConsoleOutput))\n#17 C:\\Users\\User\\schedule-school-project\\vendor\\symfony\\console\\Application.php(195): Symfony\\Component\\Console\\Application->doRun(Object(Symfony\\Component\\Console\\Input\\ArgvInput), Object(Symfony\\Component\\Console\\Output\\ConsoleOutput))\n#18 C:\\Users\\User\\schedule-school-project\\vendor\\laravel\\framework\\src\\Illuminate\\Foundation\\Console\\Kernel.php(198): Symfony\\Component\\Console\\Application->run(Object(Symfony\\Component\\Console\\Input\\ArgvInput), Object(Symfony\\Component\\Console\\Output\\ConsoleOutput))\n#19 C:\\Users\\User\\schedule-school-project\\vendor\\laravel\\framework\\src\\Illuminate\\Foundation\\Application.php(1235): Illuminate\\Foundation\\Console\\Kernel->handle(Object(Symfony\\Component\\Console\\Input\\ArgvInput), Object(Symfony\\Component\\Console\\Output\\ConsoleOutput))\n#20 C:\\Users\\User\\schedule-school-project\\artisan(16): Illuminate\\Foundation\\Application->handleCommand(Object(Symfony\\Component\\Console\\Input\\ArgvInput))\n#21 {main}','2026-06-08 08:04:05');
/*!40000 ALTER TABLE `failed_jobs` ENABLE KEYS */;
UNLOCK TABLES;

--
-- Table structure for table `grade_sections`
--

DROP TABLE IF EXISTS `grade_sections`;
/*!40101 SET @saved_cs_client     = @@character_set_client */;
/*!50503 SET character_set_client = utf8mb4 */;
CREATE TABLE `grade_sections` (
  `id` bigint unsigned NOT NULL AUTO_INCREMENT,
  `school_id` bigint unsigned NOT NULL,
  `grade_id` bigint unsigned NOT NULL,
  `section_id` bigint unsigned NOT NULL,
  `schedule_template_id` bigint unsigned NOT NULL,
  `created_at` timestamp NULL DEFAULT NULL,
  `updated_at` timestamp NULL DEFAULT NULL,
  PRIMARY KEY (`id`),
  UNIQUE KEY `grade_sections_school_id_grade_id_section_id_unique` (`school_id`,`grade_id`,`section_id`),
  KEY `grade_sections_grade_id_foreign` (`grade_id`),
  KEY `grade_sections_section_id_foreign` (`section_id`),
  KEY `grade_sections_schedule_template_id_index` (`schedule_template_id`),
  KEY `grade_sections_school_id_schedule_template_id_index` (`school_id`,`schedule_template_id`),
  CONSTRAINT `grade_sections_grade_id_foreign` FOREIGN KEY (`grade_id`) REFERENCES `grades` (`id`) ON DELETE CASCADE,
  CONSTRAINT `grade_sections_schedule_template_id_foreign` FOREIGN KEY (`schedule_template_id`) REFERENCES `schedule_templates` (`id`) ON DELETE CASCADE,
  CONSTRAINT `grade_sections_school_id_foreign` FOREIGN KEY (`school_id`) REFERENCES `schools` (`id`) ON DELETE CASCADE,
  CONSTRAINT `grade_sections_section_id_foreign` FOREIGN KEY (`section_id`) REFERENCES `sections` (`id`) ON DELETE CASCADE
) ENGINE=InnoDB AUTO_INCREMENT=16 DEFAULT CHARSET=utf8mb4 COLLATE=utf8mb4_unicode_ci;
/*!40101 SET character_set_client = @saved_cs_client */;

--
-- Dumping data for table `grade_sections`
--

LOCK TABLES `grade_sections` WRITE;
/*!40000 ALTER TABLE `grade_sections` DISABLE KEYS */;
INSERT INTO `grade_sections` VALUES (1,1,1,1,1,'2026-06-08 01:09:35','2026-06-08 01:09:35'),(2,1,1,2,1,'2026-06-08 01:09:42','2026-06-08 01:09:42'),(3,1,1,3,1,'2026-06-08 01:09:48','2026-06-08 01:09:48'),(4,1,2,1,1,'2026-06-08 01:10:05','2026-06-08 01:10:05'),(5,1,2,2,1,'2026-06-08 01:10:10','2026-06-08 01:10:10'),(6,1,2,3,1,'2026-06-08 01:10:15','2026-06-08 01:10:15'),(7,1,3,1,1,'2026-06-08 01:10:23','2026-06-08 01:10:23'),(8,1,3,2,1,'2026-06-08 01:10:26','2026-06-08 01:10:26'),(9,1,3,3,1,'2026-06-08 01:10:31','2026-06-08 01:10:31');
/*!40000 ALTER TABLE `grade_sections` ENABLE KEYS */;
UNLOCK TABLES;

--
-- Table structure for table `grades`
--

DROP TABLE IF EXISTS `grades`;
/*!40101 SET @saved_cs_client     = @@character_set_client */;
/*!50503 SET character_set_client = utf8mb4 */;
CREATE TABLE `grades` (
  `id` bigint unsigned NOT NULL AUTO_INCREMENT,
  `school_id` bigint unsigned NOT NULL,
  `name` varchar(255) CHARACTER SET utf8mb4 COLLATE utf8mb4_unicode_ci NOT NULL,
  `created_at` timestamp NULL DEFAULT NULL,
  `updated_at` timestamp NULL DEFAULT NULL,
  PRIMARY KEY (`id`),
  UNIQUE KEY `grades_school_id_name_unique` (`school_id`,`name`),
  CONSTRAINT `grades_school_id_foreign` FOREIGN KEY (`school_id`) REFERENCES `schools` (`id`) ON DELETE CASCADE
) ENGINE=InnoDB AUTO_INCREMENT=6 DEFAULT CHARSET=utf8mb4 COLLATE=utf8mb4_unicode_ci;
/*!40101 SET character_set_client = @saved_cs_client */;

--
-- Dumping data for table `grades`
--

LOCK TABLES `grades` WRITE;
/*!40000 ALTER TABLE `grades` DISABLE KEYS */;
INSERT INTO `grades` VALUES (1,1,'Grade 6','2026-06-08 00:56:57','2026-06-08 00:56:57'),(2,1,'Grade 7','2026-06-08 00:57:03','2026-06-08 00:57:03'),(3,1,'Grade 8','2026-06-08 00:57:07','2026-06-08 00:57:07'),(4,1,'Grade 9','2026-06-08 00:57:12','2026-06-08 00:57:12'),(5,1,'Grade 10','2026-06-08 00:57:15','2026-06-08 00:57:15');
/*!40000 ALTER TABLE `grades` ENABLE KEYS */;
UNLOCK TABLES;

--
-- Table structure for table `job_batches`
--

DROP TABLE IF EXISTS `job_batches`;
/*!40101 SET @saved_cs_client     = @@character_set_client */;
/*!50503 SET character_set_client = utf8mb4 */;
CREATE TABLE `job_batches` (
  `id` varchar(255) CHARACTER SET utf8mb4 COLLATE utf8mb4_unicode_ci NOT NULL,
  `name` varchar(255) CHARACTER SET utf8mb4 COLLATE utf8mb4_unicode_ci NOT NULL,
  `total_jobs` int NOT NULL,
  `pending_jobs` int NOT NULL,
  `failed_jobs` int NOT NULL,
  `failed_job_ids` longtext CHARACTER SET utf8mb4 COLLATE utf8mb4_unicode_ci NOT NULL,
  `options` mediumtext CHARACTER SET utf8mb4 COLLATE utf8mb4_unicode_ci,
  `cancelled_at` int DEFAULT NULL,
  `created_at` int NOT NULL,
  `finished_at` int DEFAULT NULL,
  PRIMARY KEY (`id`)
) ENGINE=InnoDB DEFAULT CHARSET=utf8mb4 COLLATE=utf8mb4_unicode_ci;
/*!40101 SET character_set_client = @saved_cs_client */;

--
-- Dumping data for table `job_batches`
--

LOCK TABLES `job_batches` WRITE;
/*!40000 ALTER TABLE `job_batches` DISABLE KEYS */;
/*!40000 ALTER TABLE `job_batches` ENABLE KEYS */;
UNLOCK TABLES;

--
-- Table structure for table `jobs`
--

DROP TABLE IF EXISTS `jobs`;
/*!40101 SET @saved_cs_client     = @@character_set_client */;
/*!50503 SET character_set_client = utf8mb4 */;
CREATE TABLE `jobs` (
  `id` bigint unsigned NOT NULL AUTO_INCREMENT,
  `queue` varchar(255) CHARACTER SET utf8mb4 COLLATE utf8mb4_unicode_ci NOT NULL,
  `payload` longtext CHARACTER SET utf8mb4 COLLATE utf8mb4_unicode_ci NOT NULL,
  `attempts` tinyint unsigned NOT NULL,
  `reserved_at` int unsigned DEFAULT NULL,
  `available_at` int unsigned NOT NULL,
  `created_at` int unsigned NOT NULL,
  PRIMARY KEY (`id`),
  KEY `jobs_queue_index` (`queue`)
) ENGINE=InnoDB AUTO_INCREMENT=223 DEFAULT CHARSET=utf8mb4 COLLATE=utf8mb4_unicode_ci;
/*!40101 SET character_set_client = @saved_cs_client */;

--
-- Dumping data for table `jobs`
--

LOCK TABLES `jobs` WRITE;
/*!40000 ALTER TABLE `jobs` DISABLE KEYS */;
/*!40000 ALTER TABLE `jobs` ENABLE KEYS */;
UNLOCK TABLES;

--
-- Table structure for table `master_schedule_entries`
--

DROP TABLE IF EXISTS `master_schedule_entries`;
/*!40101 SET @saved_cs_client     = @@character_set_client */;
/*!50503 SET character_set_client = utf8mb4 */;
CREATE TABLE `master_schedule_entries` (
  `id` bigint unsigned NOT NULL AUTO_INCREMENT,
  `master_schedule_run_id` bigint unsigned NOT NULL,
  `school_id` bigint unsigned NOT NULL,
  `grade_section_id` bigint unsigned NOT NULL,
  `grade_section` varchar(255) CHARACTER SET utf8mb4 COLLATE utf8mb4_unicode_ci NOT NULL,
  `day` varchar(255) CHARACTER SET utf8mb4 COLLATE utf8mb4_unicode_ci NOT NULL,
  `time_slot` varchar(255) CHARACTER SET utf8mb4 COLLATE utf8mb4_unicode_ci NOT NULL,
  `teacher` varchar(255) CHARACTER SET utf8mb4 COLLATE utf8mb4_unicode_ci NOT NULL,
  `subject` varchar(255) CHARACTER SET utf8mb4 COLLATE utf8mb4_unicode_ci NOT NULL,
  `metadata` json DEFAULT NULL,
  `created_at` timestamp NULL DEFAULT NULL,
  `updated_at` timestamp NULL DEFAULT NULL,
  PRIMARY KEY (`id`),
  UNIQUE KEY `schedule_entry_slot_unique` (`master_schedule_run_id`,`grade_section_id`,`day`,`time_slot`),
  KEY `master_schedule_entries_grade_section_id_foreign` (`grade_section_id`),
  KEY `master_schedule_entries_school_id_grade_section_id_index` (`school_id`,`grade_section_id`),
  CONSTRAINT `master_schedule_entries_grade_section_id_foreign` FOREIGN KEY (`grade_section_id`) REFERENCES `grade_sections` (`id`) ON DELETE CASCADE,
  CONSTRAINT `master_schedule_entries_master_schedule_run_id_foreign` FOREIGN KEY (`master_schedule_run_id`) REFERENCES `master_schedule_runs` (`id`) ON DELETE CASCADE,
  CONSTRAINT `master_schedule_entries_school_id_foreign` FOREIGN KEY (`school_id`) REFERENCES `schools` (`id`) ON DELETE CASCADE
) ENGINE=InnoDB AUTO_INCREMENT=2939 DEFAULT CHARSET=utf8mb4 COLLATE=utf8mb4_unicode_ci;
/*!40101 SET character_set_client = @saved_cs_client */;

--
-- Dumping data for table `master_schedule_entries`
--

LOCK TABLES `master_schedule_entries` WRITE;
/*!40000 ALTER TABLE `master_schedule_entries` DISABLE KEYS */;
INSERT INTO `master_schedule_entries` VALUES (516,5,1,3,'Grade 6PM','W','10:35-11:15','Saliza mam','ICT','{\"source\": \"manual-assignment\", \"is_fixed\": true}','2026-06-08 09:44:00','2026-06-08 09:44:01'),(517,5,1,3,'Grade 6PM','Th','10:35-11:15','Saliza mam','ICT','{\"source\": \"manual-assignment\", \"is_fixed\": true}','2026-06-08 09:44:05','2026-06-08 09:44:07'),(518,5,1,3,'Grade 6PM','F','10:35-11:15','Saliza mam','ICT','{\"source\": \"manual-assignment\", \"is_fixed\": true}','2026-06-08 09:44:11','2026-06-08 09:44:12'),(521,5,1,3,'Grade 6PM','Th','14:05-14:45','Club Sir','Club','{\"source\": \"manual-assignment\", \"is_fixed\": true}','2026-06-08 09:45:34','2026-06-08 09:45:36'),(522,5,1,3,'Grade 6PM','F','15:00-15:45','Chinese Mam','Chinese','{\"source\": \"manual-assignment\", \"is_fixed\": true}','2026-06-08 09:45:51','2026-06-08 09:45:54'),(523,5,1,3,'Grade 6PM','M','13:20-14:05','Dance Mam','Dance','{\"source\": \"manual-assignment\", \"is_fixed\": true}','2026-06-08 10:02:41','2026-06-08 10:02:43'),(524,5,1,3,'Grade 6PM','T','13:20-14:05','Game Sir','Games','{\"source\": \"manual-assignment\", \"is_fixed\": true}','2026-06-08 10:02:47','2026-06-08 10:02:49'),(527,5,1,1,'Grade 6RR','M','13:20-14:05','Dance Mam','Dance','{\"source\": \"manual-assignment\", \"is_fixed\": true}','2026-06-08 10:06:12','2026-06-08 10:06:14'),(528,5,1,1,'Grade 6RR','W','13:20-14:05','Salina Mam','ICT','{\"source\": \"manual-assignment\", \"is_fixed\": true}','2026-06-08 10:06:34','2026-06-08 10:06:36'),(529,5,1,1,'Grade 6RR','Th','13:20-14:05','Salina Mam','ICT','{\"source\": \"manual-assignment\", \"is_fixed\": true}','2026-06-08 10:06:42','2026-06-08 10:06:47'),(530,5,1,1,'Grade 6RR','F','13:20-14:05','Salina Mam','ICT','{\"source\": \"manual-assignment\", \"is_fixed\": true}','2026-06-08 10:06:45','2026-06-08 10:06:49'),(531,5,1,1,'Grade 6RR','Th','14:05-14:45','Club Sir','Club','{\"source\": \"manual-assignment\", \"is_fixed\": true}','2026-06-08 10:07:05','2026-06-08 10:07:12'),(532,5,1,1,'Grade 6RR','F','14:05-14:45','Chinese Mam','Chinese','{\"source\": \"manual-assignment\", \"is_fixed\": true}','2026-06-08 10:07:11','2026-06-08 10:07:14'),(536,5,1,1,'Grade 6RR','T','13:20-14:05','Game Sir','Games','{\"source\": \"manual-assignment\", \"is_fixed\": true}','2026-06-08 10:08:27','2026-06-08 10:08:29'),(537,5,1,2,'Grade 6TM','M','12:05-12:45','Saliza mam','ICT','{\"source\": \"manual-assignment\", \"is_fixed\": true}','2026-06-08 10:08:53','2026-06-08 10:09:03'),(538,5,1,2,'Grade 6TM','T','12:05-12:45','Saliza mam','ICT','{\"source\": \"manual-assignment\", \"is_fixed\": true}','2026-06-08 10:08:58','2026-06-08 10:09:03'),(539,5,1,2,'Grade 6TM','W','12:05-12:45','Saliza mam','ICT','{\"source\": \"manual-assignment\", \"is_fixed\": true}','2026-06-08 10:09:02','2026-06-08 10:09:04'),(542,5,1,2,'Grade 6TM','M','13:20-14:05','Dance Mam','Dance','{\"source\": \"manual-assignment\", \"is_fixed\": true}','2026-06-08 10:09:24','2026-06-08 10:09:25'),(543,5,1,2,'Grade 6TM','T','13:20-14:05','Game Sir','Games','{\"source\": \"manual-assignment\", \"is_fixed\": true}','2026-06-08 10:09:27','2026-06-08 10:09:29'),(546,5,1,2,'Grade 6TM','F','13:20-14:05','Chinese Mam','Chinese','{\"source\": \"manual-assignment\", \"is_fixed\": true}','2026-06-08 10:09:46','2026-06-08 10:09:46'),(547,5,1,2,'Grade 6TM','Th','14:05-14:45','Club Sir','Club','{\"source\": \"manual-assignment\", \"is_fixed\": true}','2026-06-08 10:10:02','2026-06-08 10:10:04'),(548,5,1,4,'Grade 7RR','M','11:25-12:05','Saliza mam','ICT','{\"source\": \"manual-assignment\", \"is_fixed\": true}','2026-06-08 10:10:41','2026-06-08 10:10:42'),(549,5,1,4,'Grade 7RR','T','11:25-12:05','Saliza mam','ICT','{\"source\": \"manual-assignment\", \"is_fixed\": true}','2026-06-08 10:10:47','2026-06-08 10:10:48'),(552,5,1,4,'Grade 7RR','F','11:25-12:05','Saliza mam','ICT','{\"source\": \"manual-assignment\", \"is_fixed\": true}','2026-06-08 10:11:03','2026-06-08 10:11:04'),(553,5,1,4,'Grade 7RR','M','14:05-14:45','Dance Mam','Dance','{\"source\": \"manual-assignment\", \"is_fixed\": true}','2026-06-08 10:11:20','2026-06-08 10:11:22'),(554,5,1,4,'Grade 7RR','T','14:05-14:45','Chinese Mam','Chinese','{\"source\": \"manual-assignment\", \"is_fixed\": true}','2026-06-08 10:11:26','2026-06-08 10:11:35'),(555,5,1,4,'Grade 7RR','W','14:05-14:45','Game Sir','Games','{\"source\": \"manual-assignment\", \"is_fixed\": true}','2026-06-08 10:11:30','2026-06-08 10:11:36'),(556,5,1,4,'Grade 7RR','Th','15:00-15:45','Club Sir','Club','{\"source\": \"manual-assignment\", \"is_fixed\": true}','2026-06-08 10:11:53','2026-06-08 10:11:54'),(558,5,1,5,'Grade 7TM','W','10:35-11:15','Salina Mam','ICT','{\"source\": \"manual-assignment\", \"is_fixed\": true}','2026-06-08 10:13:56','2026-06-08 10:14:05'),(559,5,1,5,'Grade 7TM','Th','10:35-11:15','Salina Mam','ICT','{\"source\": \"manual-assignment\", \"is_fixed\": true}','2026-06-08 10:14:01','2026-06-08 10:14:05'),(560,5,1,5,'Grade 7TM','F','10:35-11:15','Salina Mam','ICT','{\"source\": \"manual-assignment\", \"is_fixed\": true}','2026-06-08 10:14:04','2026-06-08 10:14:07'),(561,5,1,5,'Grade 7TM','F','11:25-12:05','Chinese Mam','Chinese','{\"source\": \"manual-assignment\", \"is_fixed\": true}','2026-06-08 10:14:31','2026-06-08 10:14:33'),(562,5,1,5,'Grade 7TM','M','14:05-14:45','Dance Mam','Dance','{\"source\": \"manual-assignment\", \"is_fixed\": true}','2026-06-08 10:14:52','2026-06-08 10:14:54'),(563,5,1,5,'Grade 7TM','T','14:05-14:45','Sabbu mam','Health','{\"source\": \"manual-assignment\", \"is_fixed\": true}','2026-06-08 10:15:00','2026-06-08 10:15:01'),(564,5,1,5,'Grade 7TM','W','14:05-14:45','Game Sir','Games','{\"source\": \"manual-assignment\", \"is_fixed\": true}','2026-06-08 10:15:09','2026-06-08 10:15:10'),(565,5,1,5,'Grade 7TM','Th','15:00-15:45','Club Sir','Club','{\"source\": \"manual-assignment\", \"is_fixed\": true}','2026-06-08 10:22:54','2026-06-08 10:22:55'),(568,5,1,6,'Grade 7PM','W','11:25-12:05','Salina Mam','ICT','{\"source\": \"manual-assignment\", \"is_fixed\": true}','2026-06-08 10:26:00','2026-06-08 10:26:12'),(569,5,1,6,'Grade 7PM','Th','11:25-12:05','Salina Mam','ICT','{\"source\": \"manual-assignment\", \"is_fixed\": true}','2026-06-08 10:26:04','2026-06-08 10:26:13'),(570,5,1,6,'Grade 7PM','F','11:25-12:05','Salina Mam','ICT','{\"source\": \"manual-assignment\", \"is_fixed\": true}','2026-06-08 10:26:09','2026-06-08 10:26:14'),(571,5,1,6,'Grade 7PM','M','14:05-14:45','Dance Mam','Dance','{\"source\": \"manual-assignment\", \"is_fixed\": true}','2026-06-08 10:26:28','2026-06-08 10:26:29'),(572,5,1,6,'Grade 7PM','W','14:05-14:45','Game Sir','Games','{\"source\": \"manual-assignment\", \"is_fixed\": true}','2026-06-08 10:26:35','2026-06-08 10:26:36'),(573,5,1,6,'Grade 7PM','T','15:00-15:45','Chinese Mam','Chinese','{\"source\": \"manual-assignment\", \"is_fixed\": true}','2026-06-08 10:27:30','2026-06-08 10:27:40'),(574,5,1,6,'Grade 7PM','Th','15:00-15:45','Club Sir','Club','{\"source\": \"manual-assignment\", \"is_fixed\": true}','2026-06-08 10:27:35','2026-06-08 10:27:41'),(578,5,1,9,'Grade 8PM','Th','09:40-10:25','Saliza mam','ICT','{\"source\": \"manual-assignment\", \"is_fixed\": true}','2026-06-08 10:29:18','2026-06-08 10:29:19'),(579,5,1,9,'Grade 8PM','F','09:40-10:25','Saliza mam','ICT','{\"source\": \"manual-assignment\", \"is_fixed\": true}','2026-06-08 10:29:22','2026-06-08 10:29:26'),(580,5,1,9,'Grade 8PM','W','11:25-12:05','Saliza mam','ICT','{\"source\": \"manual-assignment\", \"is_fixed\": true}','2026-06-08 10:29:47','2026-06-08 10:29:49'),(583,5,1,7,'Grade 8RR','M','15:00-15:45','Nabin sir','Opt Maths','{\"source\": \"manual-assignment\", \"is_fixed\": true}','2026-06-09 20:29:17','2026-06-09 20:29:27'),(584,5,1,7,'Grade 8RR','T','15:00-15:45','Nabin sir','Opt Maths','{\"source\": \"manual-assignment\", \"is_fixed\": true}','2026-06-09 20:29:21','2026-06-09 20:29:27'),(585,5,1,7,'Grade 8RR','F','15:00-15:45','Nabin sir','Opt Maths','{\"source\": \"manual-assignment\", \"is_fixed\": true}','2026-06-09 20:29:26','2026-06-09 20:29:29'),(586,5,1,4,'Grade 7RR','M','15:00-15:45','Sharmila mam','Social','{\"source\": \"manual-assignment\", \"is_fixed\": true}','2026-06-09 20:33:03','2026-06-09 20:33:17'),(587,5,1,4,'Grade 7RR','T','15:00-15:45','Sharmila mam','Social','{\"source\": \"manual-assignment\", \"is_fixed\": true}','2026-06-09 20:33:09','2026-06-09 20:33:16'),(588,5,1,4,'Grade 7RR','W','15:00-15:45','Sharmila mam','Social','{\"source\": \"manual-assignment\", \"is_fixed\": true}','2026-06-09 20:33:14','2026-06-09 20:33:16'),(589,5,1,4,'Grade 7RR','Th','14:05-14:45','Sharmila mam','Social','{\"source\": \"manual-assignment\", \"is_fixed\": true}','2026-06-09 20:33:31','2026-06-09 20:33:32'),(590,5,1,4,'Grade 7RR','F','15:00-15:45','Sharmila mam','Social','{\"source\": \"manual-assignment\", \"is_fixed\": true}','2026-06-09 20:33:38','2026-06-09 20:33:39'),(591,5,1,5,'Grade 7TM','M','13:20-14:05','Sharmila mam','Social','{\"source\": \"manual-assignment\", \"is_fixed\": true}','2026-06-09 20:34:03','2026-06-09 20:34:17'),(592,5,1,5,'Grade 7TM','T','13:20-14:05','Sharmila mam','Social','{\"source\": \"manual-assignment\", \"is_fixed\": true}','2026-06-09 20:34:06','2026-06-09 20:34:18'),(593,5,1,5,'Grade 7TM','W','13:20-14:05','Sharmila mam','Social','{\"source\": \"manual-assignment\", \"is_fixed\": true}','2026-06-09 20:34:09','2026-06-09 20:34:18'),(594,5,1,5,'Grade 7TM','Th','13:20-14:05','Sharmila mam','Social','{\"source\": \"manual-assignment\", \"is_fixed\": true}','2026-06-09 20:34:13','2026-06-09 20:34:19'),(595,5,1,5,'Grade 7TM','F','13:20-14:05','Sharmila mam','Social','{\"source\": \"manual-assignment\", \"is_fixed\": true}','2026-06-09 20:34:16','2026-06-09 20:34:20'),(596,5,1,6,'Grade 7PM','M','09:40-10:25','Sharmila mam','Social','{\"source\": \"manual-assignment\", \"is_fixed\": true}','2026-06-09 20:35:30','2026-06-09 20:35:44'),(597,5,1,6,'Grade 7PM','T','09:40-10:25','Sharmila mam','Social','{\"source\": \"manual-assignment\", \"is_fixed\": true}','2026-06-09 20:35:33','2026-06-09 20:35:45'),(598,5,1,6,'Grade 7PM','W','09:40-10:25','Sharmila mam','Social','{\"source\": \"manual-assignment\", \"is_fixed\": true}','2026-06-09 20:35:37','2026-06-09 20:35:46'),(599,5,1,6,'Grade 7PM','Th','09:40-10:25','Sharmila mam','Social','{\"source\": \"manual-assignment\", \"is_fixed\": true}','2026-06-09 20:35:40','2026-06-09 20:35:47'),(600,5,1,6,'Grade 7PM','F','09:40-10:25','Sharmila mam','Social','{\"source\": \"manual-assignment\", \"is_fixed\": true}','2026-06-09 20:35:43','2026-06-09 20:35:48'),(601,5,1,8,'Grade 8TM','M','11:25-12:05','Sharmila mam','Social','{\"source\": \"manual-assignment\", \"is_fixed\": true}','2026-06-09 20:36:12','2026-06-09 20:36:13'),(602,5,1,8,'Grade 8TM','T','14:05-14:45','Sharmila mam','Social','{\"source\": \"manual-assignment\", \"is_fixed\": true}','2026-06-09 20:36:38','2026-06-09 20:36:42'),(603,5,1,8,'Grade 8TM','W','14:05-14:45','Sharmila mam','Social','{\"source\": \"manual-assignment\", \"is_fixed\": true}','2026-06-09 20:36:41','2026-06-09 20:36:43'),(604,5,1,8,'Grade 8TM','Th','11:25-12:05','Sharmila mam','Social','{\"source\": \"manual-assignment\", \"is_fixed\": true}','2026-06-09 20:37:05','2026-06-09 20:37:11'),(605,5,1,8,'Grade 8TM','F','11:25-12:05','Sharmila mam','Social','{\"source\": \"manual-assignment\", \"is_fixed\": true}','2026-06-09 20:37:09','2026-06-09 20:37:12'),(606,5,1,8,'Grade 8TM','M','10:35-11:15','Sandhya mam','English','{\"source\": \"manual-assignment\", \"is_fixed\": true}','2026-06-09 20:37:51','2026-06-09 20:38:05'),(607,5,1,8,'Grade 8TM','T','10:35-11:15','Sandhya mam','English','{\"source\": \"manual-assignment\", \"is_fixed\": true}','2026-06-09 20:37:56','2026-06-09 20:38:05'),(608,5,1,8,'Grade 8TM','W','10:35-11:15','Sandhya mam','English','{\"source\": \"manual-assignment\", \"is_fixed\": true}','2026-06-09 20:37:59','2026-06-09 20:38:06'),(609,5,1,8,'Grade 8TM','Th','10:35-11:15','Sandhya mam','English','{\"source\": \"manual-assignment\", \"is_fixed\": true}','2026-06-09 20:38:01','2026-06-09 20:38:07'),(610,5,1,8,'Grade 8TM','F','10:35-11:15','Sandhya mam','English','{\"source\": \"manual-assignment\", \"is_fixed\": true}','2026-06-09 20:38:04','2026-06-09 20:38:08'),(611,5,1,9,'Grade 8PM','W','14:05-14:45','Sandhya mam','English','{\"source\": \"manual-assignment\", \"is_fixed\": true}','2026-06-09 20:38:34','2026-06-09 20:38:58'),(612,5,1,9,'Grade 8PM','M','15:00-15:45','Sandhya mam','English','{\"source\": \"manual-assignment\", \"is_fixed\": true}','2026-06-09 20:38:44','2026-06-09 20:38:56'),(613,5,1,9,'Grade 8PM','T','15:00-15:45','Sandhya mam','English','{\"source\": \"manual-assignment\", \"is_fixed\": true}','2026-06-09 20:38:48','2026-06-09 20:38:57'),(614,5,1,9,'Grade 8PM','Th','14:05-14:45','Sandhya mam','English','{\"source\": \"manual-assignment\", \"is_fixed\": true}','2026-06-09 20:38:52','2026-06-09 20:38:59'),(615,5,1,9,'Grade 8PM','F','15:00-15:45','Sandhya mam','English','{\"source\": \"manual-assignment\", \"is_fixed\": true}','2026-06-09 20:38:55','2026-06-09 20:39:00'),(616,5,1,9,'Grade 8PM','W','15:00-15:45','Game Sir','Games','{\"source\": \"manual-assignment\", \"is_fixed\": true}','2026-06-09 20:39:15','2026-06-09 20:39:20'),(617,5,1,9,'Grade 8PM','Th','15:00-15:45','Club Sir','Club','{\"source\": \"manual-assignment\", \"is_fixed\": true}','2026-06-09 20:39:18','2026-06-09 20:39:20'),(618,5,1,6,'Grade 7PM','M','10:35-11:15','Archana mam','Nepali','{\"source\": \"manual-assignment\", \"is_fixed\": true}','2026-06-09 20:40:45','2026-06-09 20:41:06'),(619,5,1,6,'Grade 7PM','T','10:35-11:15','Archana mam','Nepali','{\"source\": \"manual-assignment\", \"is_fixed\": true}','2026-06-09 20:40:49','2026-06-09 20:41:06'),(620,5,1,6,'Grade 7PM','W','10:35-11:15','Archana mam','Nepali','{\"source\": \"manual-assignment\", \"is_fixed\": true}','2026-06-09 20:40:54','2026-06-09 20:41:07'),(621,5,1,6,'Grade 7PM','Th','10:35-11:15','Archana mam','Nepali','{\"source\": \"manual-assignment\", \"is_fixed\": true}','2026-06-09 20:40:59','2026-06-09 20:41:08'),(622,5,1,6,'Grade 7PM','F','10:35-11:15','Archana mam','Nepali','{\"source\": \"manual-assignment\", \"is_fixed\": true}','2026-06-09 20:41:04','2026-06-09 20:41:09'),(623,5,1,7,'Grade 8RR','M','14:05-14:45','Archana mam','Nepali','{\"source\": \"manual-assignment\", \"is_fixed\": true}','2026-06-09 20:41:36','2026-06-09 20:41:48'),(624,5,1,7,'Grade 8RR','T','14:05-14:45','Archana mam','Nepali','{\"source\": \"manual-assignment\", \"is_fixed\": true}','2026-06-09 20:41:38','2026-06-09 20:41:49'),(625,5,1,7,'Grade 8RR','W','14:05-14:45','Archana mam','Nepali','{\"source\": \"manual-assignment\", \"is_fixed\": true}','2026-06-09 20:41:40','2026-06-09 20:41:49'),(626,5,1,7,'Grade 8RR','Th','14:05-14:45','Archana mam','Nepali','{\"source\": \"manual-assignment\", \"is_fixed\": true}','2026-06-09 20:41:44','2026-06-09 20:41:50'),(627,5,1,7,'Grade 8RR','F','14:05-14:45','Archana mam','Nepali','{\"source\": \"manual-assignment\", \"is_fixed\": true}','2026-06-09 20:41:47','2026-06-09 20:41:51'),(628,5,1,8,'Grade 8TM','M','12:05-12:45','Archana mam','Nepali','{\"source\": \"manual-assignment\", \"is_fixed\": true}','2026-06-09 20:42:04','2026-06-09 20:42:13'),(629,5,1,8,'Grade 8TM','T','12:05-12:45','Archana mam','Nepali','{\"source\": \"manual-assignment\", \"is_fixed\": true}','2026-06-09 20:42:06','2026-06-09 20:42:14'),(630,5,1,8,'Grade 8TM','W','12:05-12:45','Archana mam','Nepali','{\"source\": \"manual-assignment\", \"is_fixed\": true}','2026-06-09 20:42:08','2026-06-09 20:42:15'),(631,5,1,8,'Grade 8TM','Th','12:05-12:45','Archana mam','Nepali','{\"source\": \"manual-assignment\", \"is_fixed\": true}','2026-06-09 20:42:10','2026-06-09 20:42:15'),(632,5,1,8,'Grade 8TM','F','12:05-12:45','Archana mam','Nepali','{\"source\": \"manual-assignment\", \"is_fixed\": true}','2026-06-09 20:42:12','2026-06-09 20:42:16'),(633,5,1,9,'Grade 8PM','M','11:25-12:05','Archana mam','Nepali','{\"source\": \"manual-assignment\", \"is_fixed\": true}','2026-06-09 20:42:35','2026-06-09 20:42:37'),(634,5,1,9,'Grade 8PM','T','11:25-12:05','Archana mam','Nepali','{\"source\": \"manual-assignment\", \"is_fixed\": true}','2026-06-09 20:42:41','2026-06-09 20:42:44'),(635,5,1,9,'Grade 8PM','W','13:20-14:05','Archana mam','Nepali','{\"source\": \"manual-assignment\", \"is_fixed\": true}','2026-06-09 20:42:55','2026-06-09 20:42:56'),(636,5,1,9,'Grade 8PM','Th','13:20-14:05','Archana mam','Nepali','{\"source\": \"manual-assignment\", \"is_fixed\": true}','2026-06-09 20:42:58','2026-06-09 20:43:00'),(637,5,1,9,'Grade 8PM','F','13:20-14:05','Archana mam','Nepali','{\"source\": \"manual-assignment\", \"is_fixed\": true}','2026-06-09 20:43:02','2026-06-09 20:43:03'),(642,5,1,7,'Grade 8RR','W','12:05-12:45','Salina Mam','ICT','{\"source\": \"manual-assignment\", \"is_fixed\": true}','2026-06-09 21:39:18','2026-06-09 21:39:26'),(643,5,1,7,'Grade 8RR','Th','12:05-12:45','Salina Mam','ICT','{\"source\": \"manual-assignment\", \"is_fixed\": true}','2026-06-09 21:39:21','2026-06-09 21:39:27'),(644,5,1,7,'Grade 8RR','F','12:05-12:45','Salina Mam','ICT','{\"source\": \"manual-assignment\", \"is_fixed\": true}','2026-06-09 21:39:25','2026-06-09 21:39:30'),(649,5,1,7,'Grade 8RR','W','15:00-15:45','Game Sir','Games','{\"source\": \"manual-assignment\", \"is_fixed\": true}','2026-06-09 21:42:48','2026-06-09 21:42:53'),(650,5,1,7,'Grade 8RR','Th','15:00-15:45','Club Sir','Club','{\"source\": \"manual-assignment\", \"is_fixed\": true}','2026-06-09 21:42:52','2026-06-09 21:42:54'),(651,5,1,8,'Grade 8TM','W','09:40-10:25','Salina Mam','ICT','{\"source\": \"manual-assignment\", \"is_fixed\": true}','2026-06-09 21:43:40','2026-06-09 21:43:49'),(652,5,1,8,'Grade 8TM','Th','09:40-10:25','Salina Mam','ICT','{\"source\": \"manual-assignment\", \"is_fixed\": true}','2026-06-09 21:43:44','2026-06-09 21:43:50'),(653,5,1,8,'Grade 8TM','F','09:40-10:25','Salina Mam','ICT','{\"source\": \"manual-assignment\", \"is_fixed\": true}','2026-06-09 21:43:47','2026-06-09 21:43:50'),(657,5,1,8,'Grade 8TM','W','15:00-15:45','Game Sir','Games','{\"source\": \"manual-assignment\", \"is_fixed\": true}','2026-06-09 21:52:30','2026-06-09 21:52:31'),(658,5,1,8,'Grade 8TM','Th','15:00-15:45','Club Sir','Club','{\"source\": \"manual-assignment\", \"is_fixed\": true}','2026-06-09 21:52:42','2026-06-09 21:52:43'),(771,6,1,3,'Grade 6PM','F','10:35-11:15','Saliza mam','ICT','{\"source\": \"manual-assignment\", \"is_fixed\": true}','2026-06-20 02:08:23','2026-06-20 02:08:23'),(772,6,1,3,'Grade 6PM','F','15:00-15:45','Chinese Mam','Chinese','{\"source\": \"manual-assignment\", \"is_fixed\": true}','2026-06-20 02:08:23','2026-06-20 02:08:23'),(773,6,1,3,'Grade 6PM','M','13:20-14:05','Dance Mam','Dance','{\"source\": \"manual-assignment\", \"is_fixed\": true}','2026-06-20 02:08:23','2026-06-20 02:08:23'),(774,6,1,3,'Grade 6PM','T','13:20-14:05','Game Sir','Games','{\"source\": \"manual-assignment\", \"is_fixed\": true}','2026-06-20 02:08:23','2026-06-20 02:08:23'),(775,6,1,3,'Grade 6PM','Th','10:35-11:15','Saliza mam','ICT','{\"source\": \"manual-assignment\", \"is_fixed\": true}','2026-06-20 02:08:23','2026-06-20 02:08:23'),(776,6,1,3,'Grade 6PM','Th','14:05-14:45','Club Sir','Club','{\"source\": \"manual-assignment\", \"is_fixed\": true}','2026-06-20 02:08:23','2026-06-20 02:08:23'),(777,6,1,3,'Grade 6PM','W','10:35-11:15','Saliza mam','ICT','{\"source\": \"manual-assignment\", \"is_fixed\": true}','2026-06-20 02:08:23','2026-06-20 02:08:23'),(778,6,1,3,'Grade 6PM','T','10:35-11:15','Sabbu mam','Health','{\"source\": \"laravel-ai-master-schedule-agent\"}','2026-06-20 02:08:23','2026-06-20 02:08:23'),(779,6,1,3,'Grade 6PM','W','11:25-12:05','Sabbu mam','Health','{\"source\": \"laravel-ai-master-schedule-agent\"}','2026-06-20 02:08:23','2026-06-20 02:08:23'),(780,6,1,3,'Grade 6PM','Th','11:25-12:05','Sabbu mam','Health','{\"source\": \"laravel-ai-master-schedule-agent\"}','2026-06-20 02:08:23','2026-06-20 02:08:23'),(781,6,1,3,'Grade 6PM','F','11:25-12:05','Sabbu mam','Health','{\"source\": \"laravel-ai-master-schedule-agent\"}','2026-06-20 02:08:23','2026-06-20 02:08:23'),(782,6,1,3,'Grade 6PM','M','10:35-11:15','Sabbu mam','Health','{\"source\": \"laravel-ai-master-schedule-agent\"}','2026-06-20 02:08:23','2026-06-20 02:08:23'),(783,6,1,3,'Grade 6PM','T','09:40-10:25','Bina mam','Social','{\"source\": \"laravel-ai-master-schedule-agent\"}','2026-06-20 02:08:23','2026-06-20 02:08:23'),(784,6,1,3,'Grade 6PM','T','11:25-12:05','Chandika mam','Nepali','{\"source\": \"laravel-ai-master-schedule-agent\"}','2026-06-20 02:08:23','2026-06-20 02:08:23'),(785,6,1,3,'Grade 6PM','T','12:05-12:45','Mohit sir','Maths','{\"source\": \"laravel-ai-master-schedule-agent\"}','2026-06-20 02:08:23','2026-06-20 02:08:23'),(786,6,1,3,'Grade 6PM','T','14:05-14:45','Sonam sir','English','{\"source\": \"laravel-ai-master-schedule-agent\"}','2026-06-20 02:08:23','2026-06-20 02:08:23'),(787,6,1,3,'Grade 6PM','T','15:00-15:45','Tanju mam','Science','{\"source\": \"laravel-ai-master-schedule-agent\"}','2026-06-20 02:08:23','2026-06-20 02:08:23'),(788,6,1,3,'Grade 6PM','W','09:40-10:25','Bina mam','Social','{\"source\": \"laravel-ai-master-schedule-agent\"}','2026-06-20 02:08:23','2026-06-20 02:08:23'),(789,6,1,3,'Grade 6PM','W','12:05-12:45','Chandika mam','Nepali','{\"source\": \"laravel-ai-master-schedule-agent\"}','2026-06-20 02:08:23','2026-06-20 02:08:23'),(790,6,1,3,'Grade 6PM','W','13:20-14:05','Mohit sir','Maths','{\"source\": \"laravel-ai-master-schedule-agent\"}','2026-06-20 02:08:23','2026-06-20 02:08:23'),(791,6,1,3,'Grade 6PM','W','14:05-14:45','Sonam sir','English','{\"source\": \"laravel-ai-master-schedule-agent\"}','2026-06-20 02:08:23','2026-06-20 02:08:23'),(792,6,1,3,'Grade 6PM','W','15:00-15:45','Tanju mam','Science','{\"source\": \"laravel-ai-master-schedule-agent\"}','2026-06-20 02:08:23','2026-06-20 02:08:23'),(793,6,1,3,'Grade 6PM','Th','09:40-10:25','Bina mam','Social','{\"source\": \"laravel-ai-master-schedule-agent\"}','2026-06-20 02:08:23','2026-06-20 02:08:23'),(794,6,1,3,'Grade 6PM','Th','12:05-12:45','Chandika mam','Nepali','{\"source\": \"laravel-ai-master-schedule-agent\"}','2026-06-20 02:08:23','2026-06-20 02:08:23'),(795,6,1,3,'Grade 6PM','Th','13:20-14:05','Mohit sir','Maths','{\"source\": \"laravel-ai-master-schedule-agent\"}','2026-06-20 02:08:23','2026-06-20 02:08:23'),(796,6,1,3,'Grade 6PM','Th','15:00-15:45','Sonam sir','English','{\"source\": \"laravel-ai-master-schedule-agent\"}','2026-06-20 02:08:23','2026-06-20 02:08:23'),(797,6,1,3,'Grade 6PM','F','09:40-10:25','Tanju mam','Science','{\"source\": \"laravel-ai-master-schedule-agent\"}','2026-06-20 02:08:23','2026-06-20 02:08:23'),(798,6,1,3,'Grade 6PM','F','12:05-12:45','Bina mam','Social','{\"source\": \"laravel-ai-master-schedule-agent\"}','2026-06-20 02:08:23','2026-06-20 02:08:23'),(799,6,1,3,'Grade 6PM','F','13:20-14:05','Chandika mam','Nepali','{\"source\": \"laravel-ai-master-schedule-agent\"}','2026-06-20 02:08:23','2026-06-20 02:08:23'),(800,6,1,3,'Grade 6PM','F','14:05-14:45','Mohit sir','Maths','{\"source\": \"laravel-ai-master-schedule-agent\"}','2026-06-20 02:08:23','2026-06-20 02:08:23'),(801,6,1,3,'Grade 6PM','M','09:40-10:25','Sonam sir','English','{\"source\": \"laravel-ai-master-schedule-agent\"}','2026-06-20 02:08:23','2026-06-20 02:08:23'),(802,6,1,3,'Grade 6PM','M','11:25-12:05','Tanju mam','Science','{\"source\": \"laravel-ai-master-schedule-agent\"}','2026-06-20 02:08:23','2026-06-20 02:08:23'),(803,6,1,3,'Grade 6PM','M','12:05-12:45','Bina mam','Social','{\"source\": \"laravel-ai-master-schedule-agent\"}','2026-06-20 02:08:23','2026-06-20 02:08:23'),(804,6,1,3,'Grade 6PM','M','14:05-14:45','Chandika mam','Nepali','{\"source\": \"laravel-ai-master-schedule-agent\"}','2026-06-20 02:08:23','2026-06-20 02:08:23'),(805,6,1,3,'Grade 6PM','M','15:00-15:45','Mohit sir','Maths','{\"source\": \"laravel-ai-master-schedule-agent\"}','2026-06-20 02:08:23','2026-06-20 02:08:23'),(806,6,1,1,'Grade 6RR','F','13:20-14:05','Salina Mam','ICT','{\"source\": \"manual-assignment\", \"is_fixed\": true}','2026-06-20 02:08:23','2026-06-20 02:08:23'),(807,6,1,1,'Grade 6RR','F','14:05-14:45','Chinese Mam','Chinese','{\"source\": \"manual-assignment\", \"is_fixed\": true}','2026-06-20 02:08:23','2026-06-20 02:08:23'),(808,6,1,1,'Grade 6RR','M','13:20-14:05','Dance Mam','Dance','{\"source\": \"manual-assignment\", \"is_fixed\": true}','2026-06-20 02:08:23','2026-06-20 02:08:23'),(809,6,1,1,'Grade 6RR','T','13:20-14:05','Game Sir','Games','{\"source\": \"manual-assignment\", \"is_fixed\": true}','2026-06-20 02:08:23','2026-06-20 02:08:23'),(810,6,1,1,'Grade 6RR','Th','13:20-14:05','Salina Mam','ICT','{\"source\": \"manual-assignment\", \"is_fixed\": true}','2026-06-20 02:08:23','2026-06-20 02:08:23'),(811,6,1,1,'Grade 6RR','Th','14:05-14:45','Club Sir','Club','{\"source\": \"manual-assignment\", \"is_fixed\": true}','2026-06-20 02:08:23','2026-06-20 02:08:23'),(812,6,1,1,'Grade 6RR','W','13:20-14:05','Salina Mam','ICT','{\"source\": \"manual-assignment\", \"is_fixed\": true}','2026-06-20 02:08:23','2026-06-20 02:08:23'),(813,6,1,1,'Grade 6RR','T','11:25-12:05','Sabbu mam','Health','{\"source\": \"laravel-ai-master-schedule-agent\"}','2026-06-20 02:08:23','2026-06-20 02:08:23'),(814,6,1,1,'Grade 6RR','W','10:35-11:15','Sabbu mam','Health','{\"source\": \"laravel-ai-master-schedule-agent\"}','2026-06-20 02:08:23','2026-06-20 02:08:23'),(815,6,1,1,'Grade 6RR','Th','10:35-11:15','Sabbu mam','Health','{\"source\": \"laravel-ai-master-schedule-agent\"}','2026-06-20 02:08:23','2026-06-20 02:08:23'),(816,6,1,1,'Grade 6RR','F','10:35-11:15','Sabbu mam','Health','{\"source\": \"laravel-ai-master-schedule-agent\"}','2026-06-20 02:08:23','2026-06-20 02:08:23'),(817,6,1,1,'Grade 6RR','M','11:25-12:05','Sabbu mam','Health','{\"source\": \"laravel-ai-master-schedule-agent\"}','2026-06-20 02:08:23','2026-06-20 02:08:23'),(818,6,1,1,'Grade 6RR','T','10:35-11:15','Bina mam','Social','{\"source\": \"laravel-ai-master-schedule-agent\"}','2026-06-20 02:08:23','2026-06-20 02:08:23'),(819,6,1,1,'Grade 6RR','T','09:40-10:25','Chandika mam','Nepali','{\"source\": \"laravel-ai-master-schedule-agent\"}','2026-06-20 02:08:23','2026-06-20 02:08:23'),(820,6,1,1,'Grade 6RR','T','14:05-14:45','Mohit sir','Maths','{\"source\": \"laravel-ai-master-schedule-agent\"}','2026-06-20 02:08:23','2026-06-20 02:08:23'),(821,6,1,1,'Grade 6RR','W','11:25-12:05','Bina mam','Social','{\"source\": \"laravel-ai-master-schedule-agent\"}','2026-06-20 02:08:23','2026-06-20 02:08:23'),(822,6,1,1,'Grade 6RR','W','09:40-10:25','Chandika mam','Nepali','{\"source\": \"laravel-ai-master-schedule-agent\"}','2026-06-20 02:08:23','2026-06-20 02:08:23'),(823,6,1,1,'Grade 6RR','W','12:05-12:45','Mohit sir','Maths','{\"source\": \"laravel-ai-master-schedule-agent\"}','2026-06-20 02:08:23','2026-06-20 02:08:23'),(824,6,1,1,'Grade 6RR','Th','11:25-12:05','Bina mam','Social','{\"source\": \"laravel-ai-master-schedule-agent\"}','2026-06-20 02:08:23','2026-06-20 02:08:23'),(825,6,1,1,'Grade 6RR','Th','09:40-10:25','Chandika mam','Nepali','{\"source\": \"laravel-ai-master-schedule-agent\"}','2026-06-20 02:08:23','2026-06-20 02:08:23'),(826,6,1,1,'Grade 6RR','Th','12:05-12:45','Mohit sir','Maths','{\"source\": \"laravel-ai-master-schedule-agent\"}','2026-06-20 02:08:23','2026-06-20 02:08:23'),(827,6,1,1,'Grade 6RR','F','09:40-10:25','Bina mam','Social','{\"source\": \"laravel-ai-master-schedule-agent\"}','2026-06-20 02:08:23','2026-06-20 02:08:23'),(828,6,1,1,'Grade 6RR','F','11:25-12:05','Chandika mam','Nepali','{\"source\": \"laravel-ai-master-schedule-agent\"}','2026-06-20 02:08:23','2026-06-20 02:08:23'),(829,6,1,1,'Grade 6RR','F','12:05-12:45','Mohit sir','Maths','{\"source\": \"laravel-ai-master-schedule-agent\"}','2026-06-20 02:08:23','2026-06-20 02:08:23'),(830,6,1,1,'Grade 6RR','M','09:40-10:25','Bina mam','Social','{\"source\": \"laravel-ai-master-schedule-agent\"}','2026-06-20 02:08:23','2026-06-20 02:08:23'),(831,6,1,1,'Grade 6RR','M','10:35-11:15','Chandika mam','Nepali','{\"source\": \"laravel-ai-master-schedule-agent\"}','2026-06-20 02:08:23','2026-06-20 02:08:23'),(832,6,1,1,'Grade 6RR','M','12:05-12:45','Mohit sir','Maths','{\"source\": \"laravel-ai-master-schedule-agent\"}','2026-06-20 02:08:23','2026-06-20 02:08:23'),(833,6,1,1,'Grade 6RR','T','15:00-15:45','Sonam sir','English','{\"source\": \"laravel-ai-master-schedule-agent\"}','2026-06-20 02:08:23','2026-06-20 02:08:23'),(834,6,1,1,'Grade 6RR','T','12:05-12:45','Tanju mam','Science','{\"source\": \"laravel-ai-master-schedule-agent\"}','2026-06-20 02:08:23','2026-06-20 02:08:23'),(835,6,1,1,'Grade 6RR','W','15:00-15:45','Sonam sir','English','{\"source\": \"laravel-ai-master-schedule-agent\"}','2026-06-20 02:08:23','2026-06-20 02:08:23'),(836,6,1,1,'Grade 6RR','W','14:05-14:45','Tanju mam','Science','{\"source\": \"laravel-ai-master-schedule-agent\"}','2026-06-20 02:08:23','2026-06-20 02:08:23'),(837,6,1,1,'Grade 6RR','F','15:00-15:45','Sonam sir','English','{\"source\": \"laravel-ai-master-schedule-agent\"}','2026-06-20 02:08:23','2026-06-20 02:08:23'),(838,6,1,1,'Grade 6RR','Th','15:00-15:45','Tanju mam','Science','{\"source\": \"laravel-ai-master-schedule-agent\"}','2026-06-20 02:08:23','2026-06-20 02:08:23'),(839,6,1,1,'Grade 6RR','M','14:05-14:45','Sonam sir','English','{\"source\": \"laravel-ai-master-schedule-agent\"}','2026-06-20 02:08:23','2026-06-20 02:08:23'),(840,6,1,1,'Grade 6RR','M','15:00-15:45','Tanju mam','Science','{\"source\": \"laravel-ai-master-schedule-agent\"}','2026-06-20 02:08:23','2026-06-20 02:08:23'),(841,6,1,2,'Grade 6TM','F','13:20-14:05','Chinese Mam','Chinese','{\"source\": \"manual-assignment\", \"is_fixed\": true}','2026-06-20 02:14:35','2026-06-20 02:14:35'),(842,6,1,2,'Grade 6TM','M','12:05-12:45','Saliza mam','ICT','{\"source\": \"manual-assignment\", \"is_fixed\": true}','2026-06-20 02:14:35','2026-06-20 02:14:35'),(843,6,1,2,'Grade 6TM','M','13:20-14:05','Dance Mam','Dance','{\"source\": \"manual-assignment\", \"is_fixed\": true}','2026-06-20 02:14:35','2026-06-20 02:14:35'),(844,6,1,2,'Grade 6TM','T','12:05-12:45','Saliza mam','ICT','{\"source\": \"manual-assignment\", \"is_fixed\": true}','2026-06-20 02:14:35','2026-06-20 02:14:35'),(845,6,1,2,'Grade 6TM','T','13:20-14:05','Game Sir','Games','{\"source\": \"manual-assignment\", \"is_fixed\": true}','2026-06-20 02:14:35','2026-06-20 02:14:35'),(846,6,1,2,'Grade 6TM','Th','14:05-14:45','Club Sir','Club','{\"source\": \"manual-assignment\", \"is_fixed\": true}','2026-06-20 02:14:35','2026-06-20 02:14:35'),(847,6,1,2,'Grade 6TM','W','12:05-12:45','Saliza mam','ICT','{\"source\": \"manual-assignment\", \"is_fixed\": true}','2026-06-20 02:14:35','2026-06-20 02:14:35'),(848,6,1,2,'Grade 6TM','T','15:00-15:45','Sabbu mam','Health','{\"source\": \"laravel-ai-master-schedule-agent\"}','2026-06-20 02:14:35','2026-06-20 02:14:35'),(849,6,1,2,'Grade 6TM','W','13:20-14:05','Sabbu mam','Health','{\"source\": \"laravel-ai-master-schedule-agent\"}','2026-06-20 02:14:35','2026-06-20 02:14:35'),(850,6,1,2,'Grade 6TM','Th','12:05-12:45','Sabbu mam','Health','{\"source\": \"laravel-ai-master-schedule-agent\"}','2026-06-20 02:14:35','2026-06-20 02:14:35'),(851,6,1,2,'Grade 6TM','F','12:05-12:45','Sabbu mam','Health','{\"source\": \"laravel-ai-master-schedule-agent\"}','2026-06-20 02:14:35','2026-06-20 02:14:35'),(852,6,1,2,'Grade 6TM','T','11:25-12:05','Bina mam','Social','{\"source\": \"laravel-ai-master-schedule-agent\"}','2026-06-20 02:14:35','2026-06-20 02:14:35'),(853,6,1,2,'Grade 6TM','T','10:35-11:15','Chandika mam','Nepali','{\"source\": \"laravel-ai-master-schedule-agent\"}','2026-06-20 02:14:35','2026-06-20 02:14:35'),(854,6,1,2,'Grade 6TM','T','09:40-10:25','Mohit sir','Maths','{\"source\": \"laravel-ai-master-schedule-agent\"}','2026-06-20 02:14:35','2026-06-20 02:14:35'),(855,6,1,2,'Grade 6TM','W','10:35-11:15','Bina mam','Social','{\"source\": \"laravel-ai-master-schedule-agent\"}','2026-06-20 02:14:35','2026-06-20 02:14:35'),(856,6,1,2,'Grade 6TM','W','11:25-12:05','Chandika mam','Nepali','{\"source\": \"laravel-ai-master-schedule-agent\"}','2026-06-20 02:14:35','2026-06-20 02:14:35'),(857,6,1,2,'Grade 6TM','W','09:40-10:25','Mohit sir','Maths','{\"source\": \"laravel-ai-master-schedule-agent\"}','2026-06-20 02:14:35','2026-06-20 02:14:35'),(858,6,1,2,'Grade 6TM','Th','10:35-11:15','Bina mam','Social','{\"source\": \"laravel-ai-master-schedule-agent\"}','2026-06-20 02:14:35','2026-06-20 02:14:35'),(859,6,1,2,'Grade 6TM','Th','11:25-12:05','Chandika mam','Nepali','{\"source\": \"laravel-ai-master-schedule-agent\"}','2026-06-20 02:14:35','2026-06-20 02:14:35'),(860,6,1,2,'Grade 6TM','Th','09:40-10:25','Mohit sir','Maths','{\"source\": \"laravel-ai-master-schedule-agent\"}','2026-06-20 02:14:35','2026-06-20 02:14:35'),(861,6,1,2,'Grade 6TM','F','10:35-11:15','Bina mam','Social','{\"source\": \"laravel-ai-master-schedule-agent\"}','2026-06-20 02:14:35','2026-06-20 02:14:35'),(862,6,1,2,'Grade 6TM','F','09:40-10:25','Chandika mam','Nepali','{\"source\": \"laravel-ai-master-schedule-agent\"}','2026-06-20 02:14:35','2026-06-20 02:14:35'),(863,6,1,2,'Grade 6TM','F','11:25-12:05','Mohit sir','Maths','{\"source\": \"laravel-ai-master-schedule-agent\"}','2026-06-20 02:14:35','2026-06-20 02:14:35'),(864,6,1,2,'Grade 6TM','M','10:35-11:15','Bina mam','Social','{\"source\": \"laravel-ai-master-schedule-agent\"}','2026-06-20 02:14:35','2026-06-20 02:14:35'),(865,6,1,2,'Grade 6TM','M','09:40-10:25','Chandika mam','Nepali','{\"source\": \"laravel-ai-master-schedule-agent\"}','2026-06-20 02:14:35','2026-06-20 02:14:35'),(866,6,1,2,'Grade 6TM','M','11:25-12:05','Mohit sir','Maths','{\"source\": \"laravel-ai-master-schedule-agent\"}','2026-06-20 02:14:35','2026-06-20 02:14:35'),(867,6,1,2,'Grade 6TM','T','14:05-14:45','Tanju mam','Science','{\"source\": \"laravel-ai-master-schedule-agent\"}','2026-06-20 02:14:35','2026-06-20 02:14:35'),(868,6,1,2,'Grade 6TM','Th','13:20-14:05','Tanju mam','Science','{\"source\": \"laravel-ai-master-schedule-agent\"}','2026-06-20 02:14:35','2026-06-20 02:14:35'),(869,6,1,2,'Grade 6TM','F','14:05-14:45','Tanju mam','Science','{\"source\": \"laravel-ai-master-schedule-agent\"}','2026-06-20 02:14:35','2026-06-20 02:14:35'),(870,6,1,2,'Grade 6TM','M','14:05-14:45','Tanju mam','Science','{\"source\": \"laravel-ai-master-schedule-agent\"}','2026-06-20 02:14:35','2026-06-20 02:14:35'),(871,6,1,2,'Grade 6TM','W','14:05-14:45','Awanti mam','English','{\"source\": \"laravel-ai-master-schedule-agent\"}','2026-06-20 02:14:35','2026-06-20 02:14:35'),(872,6,1,2,'Grade 6TM','Th','15:00-15:45','Awanti mam','English','{\"source\": \"laravel-ai-master-schedule-agent\"}','2026-06-20 02:14:35','2026-06-20 02:14:35'),(873,6,1,2,'Grade 6TM','F','15:00-15:45','Awanti mam','English','{\"source\": \"laravel-ai-master-schedule-agent\"}','2026-06-20 02:14:35','2026-06-20 02:14:35'),(874,6,1,2,'Grade 6TM','M','15:00-15:45','Awanti mam','English','{\"source\": \"laravel-ai-master-schedule-agent\"}','2026-06-20 02:14:35','2026-06-20 02:14:35'),(875,6,1,6,'Grade 7PM','F','09:40-10:25','Sharmila mam','Social','{\"source\": \"manual-assignment\", \"is_fixed\": true}','2026-06-20 02:15:17','2026-06-20 02:15:17'),(876,6,1,6,'Grade 7PM','F','10:35-11:15','Archana mam','Nepali','{\"source\": \"manual-assignment\", \"is_fixed\": true}','2026-06-20 02:15:17','2026-06-20 02:15:17'),(877,6,1,6,'Grade 7PM','F','11:25-12:05','Salina Mam','ICT','{\"source\": \"manual-assignment\", \"is_fixed\": true}','2026-06-20 02:15:17','2026-06-20 02:15:17'),(878,6,1,6,'Grade 7PM','M','09:40-10:25','Sharmila mam','Social','{\"source\": \"manual-assignment\", \"is_fixed\": true}','2026-06-20 02:15:17','2026-06-20 02:15:17'),(879,6,1,6,'Grade 7PM','M','10:35-11:15','Archana mam','Nepali','{\"source\": \"manual-assignment\", \"is_fixed\": true}','2026-06-20 02:15:17','2026-06-20 02:15:17'),(880,6,1,6,'Grade 7PM','M','14:05-14:45','Dance Mam','Dance','{\"source\": \"manual-assignment\", \"is_fixed\": true}','2026-06-20 02:15:17','2026-06-20 02:15:17'),(881,6,1,6,'Grade 7PM','T','09:40-10:25','Sharmila mam','Social','{\"source\": \"manual-assignment\", \"is_fixed\": true}','2026-06-20 02:15:17','2026-06-20 02:15:17'),(882,6,1,6,'Grade 7PM','T','10:35-11:15','Archana mam','Nepali','{\"source\": \"manual-assignment\", \"is_fixed\": true}','2026-06-20 02:15:17','2026-06-20 02:15:17'),(883,6,1,6,'Grade 7PM','T','15:00-15:45','Chinese Mam','Chinese','{\"source\": \"manual-assignment\", \"is_fixed\": true}','2026-06-20 02:15:17','2026-06-20 02:15:17'),(884,6,1,6,'Grade 7PM','Th','09:40-10:25','Sharmila mam','Social','{\"source\": \"manual-assignment\", \"is_fixed\": true}','2026-06-20 02:15:17','2026-06-20 02:15:17'),(885,6,1,6,'Grade 7PM','Th','10:35-11:15','Archana mam','Nepali','{\"source\": \"manual-assignment\", \"is_fixed\": true}','2026-06-20 02:15:17','2026-06-20 02:15:17'),(886,6,1,6,'Grade 7PM','Th','11:25-12:05','Salina Mam','ICT','{\"source\": \"manual-assignment\", \"is_fixed\": true}','2026-06-20 02:15:17','2026-06-20 02:15:17'),(887,6,1,6,'Grade 7PM','Th','15:00-15:45','Club Sir','Club','{\"source\": \"manual-assignment\", \"is_fixed\": true}','2026-06-20 02:15:17','2026-06-20 02:15:17'),(888,6,1,6,'Grade 7PM','W','09:40-10:25','Sharmila mam','Social','{\"source\": \"manual-assignment\", \"is_fixed\": true}','2026-06-20 02:15:17','2026-06-20 02:15:17'),(889,6,1,6,'Grade 7PM','W','10:35-11:15','Archana mam','Nepali','{\"source\": \"manual-assignment\", \"is_fixed\": true}','2026-06-20 02:15:17','2026-06-20 02:15:17'),(890,6,1,6,'Grade 7PM','W','11:25-12:05','Salina Mam','ICT','{\"source\": \"manual-assignment\", \"is_fixed\": true}','2026-06-20 02:15:17','2026-06-20 02:15:17'),(891,6,1,6,'Grade 7PM','W','14:05-14:45','Game Sir','Games','{\"source\": \"manual-assignment\", \"is_fixed\": true}','2026-06-20 02:15:17','2026-06-20 02:15:17'),(892,6,1,6,'Grade 7PM','T','11:25-12:05','Mohit sir','Maths','{\"source\": \"laravel-ai-master-schedule-agent\"}','2026-06-20 02:15:17','2026-06-20 02:15:17'),(893,6,1,6,'Grade 7PM','T','12:05-12:45','Sabbu mam','Health','{\"source\": \"laravel-ai-master-schedule-agent\"}','2026-06-20 02:15:17','2026-06-20 02:15:17'),(894,6,1,6,'Grade 7PM','W','15:00-15:45','Mohit sir','Maths','{\"source\": \"laravel-ai-master-schedule-agent\"}','2026-06-20 02:15:17','2026-06-20 02:15:17'),(895,6,1,6,'Grade 7PM','W','12:05-12:45','Sabbu mam','Health','{\"source\": \"laravel-ai-master-schedule-agent\"}','2026-06-20 02:15:17','2026-06-20 02:15:17'),(896,6,1,6,'Grade 7PM','Th','14:05-14:45','Mohit sir','Maths','{\"source\": \"laravel-ai-master-schedule-agent\"}','2026-06-20 02:15:17','2026-06-20 02:15:17'),(897,6,1,6,'Grade 7PM','Th','13:20-14:05','Sabbu mam','Health','{\"source\": \"laravel-ai-master-schedule-agent\"}','2026-06-20 02:15:17','2026-06-20 02:15:17'),(898,6,1,6,'Grade 7PM','F','13:20-14:05','Mohit sir','Maths','{\"source\": \"laravel-ai-master-schedule-agent\"}','2026-06-20 02:15:17','2026-06-20 02:15:17'),(899,6,1,6,'Grade 7PM','F','14:05-14:45','Sabbu mam','Health','{\"source\": \"laravel-ai-master-schedule-agent\"}','2026-06-20 02:15:17','2026-06-20 02:15:17'),(900,6,1,6,'Grade 7PM','M','13:20-14:05','Mohit sir','Maths','{\"source\": \"laravel-ai-master-schedule-agent\"}','2026-06-20 02:15:17','2026-06-20 02:15:17'),(901,6,1,6,'Grade 7PM','T','13:20-14:05','Awanti mam','English','{\"source\": \"laravel-ai-master-schedule-agent\"}','2026-06-20 02:15:17','2026-06-20 02:15:17'),(902,6,1,6,'Grade 7PM','W','13:20-14:05','Awanti mam','English','{\"source\": \"laravel-ai-master-schedule-agent\"}','2026-06-20 02:15:17','2026-06-20 02:15:17'),(903,6,1,6,'Grade 7PM','Th','12:05-12:45','Awanti mam','English','{\"source\": \"laravel-ai-master-schedule-agent\"}','2026-06-20 02:15:17','2026-06-20 02:15:17'),(904,6,1,6,'Grade 7PM','F','12:05-12:45','Awanti mam','English','{\"source\": \"laravel-ai-master-schedule-agent\"}','2026-06-20 02:15:17','2026-06-20 02:15:17'),(905,6,1,6,'Grade 7PM','M','11:25-12:05','Awanti mam','English','{\"source\": \"laravel-ai-master-schedule-agent\"}','2026-06-20 02:15:17','2026-06-20 02:15:17'),(906,6,1,6,'Grade 7PM','T','14:05-14:45','Pratibha mam','Science','{\"source\": \"laravel-ai-master-schedule-agent\"}','2026-06-20 02:15:17','2026-06-20 02:15:17'),(907,6,1,6,'Grade 7PM','F','15:00-15:45','Pratibha mam','Science','{\"source\": \"laravel-ai-master-schedule-agent\"}','2026-06-20 02:15:17','2026-06-20 02:15:17'),(908,6,1,6,'Grade 7PM','M','12:05-12:45','Pratibha mam','Science','{\"source\": \"laravel-ai-master-schedule-agent\"}','2026-06-20 02:15:17','2026-06-20 02:15:17'),(909,6,1,4,'Grade 7RR','F','11:25-12:05','Saliza mam','ICT','{\"source\": \"manual-assignment\", \"is_fixed\": true}','2026-06-20 02:16:45','2026-06-20 02:16:45'),(910,6,1,4,'Grade 7RR','F','15:00-15:45','Sharmila mam','Social','{\"source\": \"manual-assignment\", \"is_fixed\": true}','2026-06-20 02:16:45','2026-06-20 02:16:45'),(911,6,1,4,'Grade 7RR','M','11:25-12:05','Saliza mam','ICT','{\"source\": \"manual-assignment\", \"is_fixed\": true}','2026-06-20 02:16:45','2026-06-20 02:16:45'),(912,6,1,4,'Grade 7RR','M','14:05-14:45','Dance Mam','Dance','{\"source\": \"manual-assignment\", \"is_fixed\": true}','2026-06-20 02:16:45','2026-06-20 02:16:45'),(913,6,1,4,'Grade 7RR','M','15:00-15:45','Sharmila mam','Social','{\"source\": \"manual-assignment\", \"is_fixed\": true}','2026-06-20 02:16:45','2026-06-20 02:16:45'),(914,6,1,4,'Grade 7RR','T','11:25-12:05','Saliza mam','ICT','{\"source\": \"manual-assignment\", \"is_fixed\": true}','2026-06-20 02:16:45','2026-06-20 02:16:45'),(915,6,1,4,'Grade 7RR','T','14:05-14:45','Chinese Mam','Chinese','{\"source\": \"manual-assignment\", \"is_fixed\": true}','2026-06-20 02:16:45','2026-06-20 02:16:45'),(916,6,1,4,'Grade 7RR','T','15:00-15:45','Sharmila mam','Social','{\"source\": \"manual-assignment\", \"is_fixed\": true}','2026-06-20 02:16:45','2026-06-20 02:16:45'),(917,6,1,4,'Grade 7RR','Th','14:05-14:45','Sharmila mam','Social','{\"source\": \"manual-assignment\", \"is_fixed\": true}','2026-06-20 02:16:45','2026-06-20 02:16:45'),(918,6,1,4,'Grade 7RR','Th','15:00-15:45','Club Sir','Club','{\"source\": \"manual-assignment\", \"is_fixed\": true}','2026-06-20 02:16:45','2026-06-20 02:16:45'),(919,6,1,4,'Grade 7RR','W','14:05-14:45','Game Sir','Games','{\"source\": \"manual-assignment\", \"is_fixed\": true}','2026-06-20 02:16:45','2026-06-20 02:16:45'),(920,6,1,4,'Grade 7RR','W','15:00-15:45','Sharmila mam','Social','{\"source\": \"manual-assignment\", \"is_fixed\": true}','2026-06-20 02:16:45','2026-06-20 02:16:45'),(921,6,1,4,'Grade 7RR','T','13:20-14:05','Sabbu mam','Health','{\"source\": \"laravel-ai-master-schedule-agent\"}','2026-06-20 02:16:45','2026-06-20 02:16:45'),(922,6,1,4,'Grade 7RR','F','13:20-14:05','Sabbu mam','Health','{\"source\": \"laravel-ai-master-schedule-agent\"}','2026-06-20 02:16:45','2026-06-20 02:16:45'),(923,6,1,4,'Grade 7RR','M','12:05-12:45','Sabbu mam','Health','{\"source\": \"laravel-ai-master-schedule-agent\"}','2026-06-20 02:16:45','2026-06-20 02:16:45'),(924,6,1,4,'Grade 7RR','T','12:05-12:45','Chandika mam','Nepali','{\"source\": \"laravel-ai-master-schedule-agent\"}','2026-06-20 02:16:45','2026-06-20 02:16:45'),(925,6,1,4,'Grade 7RR','W','10:35-11:15','Chandika mam','Nepali','{\"source\": \"laravel-ai-master-schedule-agent\"}','2026-06-20 02:16:45','2026-06-20 02:16:45'),(926,6,1,4,'Grade 7RR','Th','10:35-11:15','Chandika mam','Nepali','{\"source\": \"laravel-ai-master-schedule-agent\"}','2026-06-20 02:16:45','2026-06-20 02:16:45'),(927,6,1,4,'Grade 7RR','F','10:35-11:15','Chandika mam','Nepali','{\"source\": \"laravel-ai-master-schedule-agent\"}','2026-06-20 02:16:45','2026-06-20 02:16:45'),(928,6,1,4,'Grade 7RR','M','13:20-14:05','Chandika mam','Nepali','{\"source\": \"laravel-ai-master-schedule-agent\"}','2026-06-20 02:16:45','2026-06-20 02:16:45'),(929,6,1,4,'Grade 7RR','T','09:40-10:25','Tanju mam','Science','{\"source\": \"laravel-ai-master-schedule-agent\"}','2026-06-20 02:16:45','2026-06-20 02:16:45'),(930,6,1,4,'Grade 7RR','W','09:40-10:25','Tanju mam','Science','{\"source\": \"laravel-ai-master-schedule-agent\"}','2026-06-20 02:16:45','2026-06-20 02:16:45'),(931,6,1,4,'Grade 7RR','Th','09:40-10:25','Tanju mam','Science','{\"source\": \"laravel-ai-master-schedule-agent\"}','2026-06-20 02:16:45','2026-06-20 02:16:45'),(932,6,1,4,'Grade 7RR','F','12:05-12:45','Tanju mam','Science','{\"source\": \"laravel-ai-master-schedule-agent\"}','2026-06-20 02:16:45','2026-06-20 02:16:45'),(933,6,1,4,'Grade 7RR','T','10:35-11:15','Awanti mam','English','{\"source\": \"laravel-ai-master-schedule-agent\"}','2026-06-20 02:16:45','2026-06-20 02:16:45'),(934,6,1,4,'Grade 7RR','W','11:25-12:05','Awanti mam','English','{\"source\": \"laravel-ai-master-schedule-agent\"}','2026-06-20 02:16:45','2026-06-20 02:16:45'),(935,6,1,4,'Grade 7RR','Th','11:25-12:05','Awanti mam','English','{\"source\": \"laravel-ai-master-schedule-agent\"}','2026-06-20 02:16:45','2026-06-20 02:16:45'),(936,6,1,4,'Grade 7RR','F','09:40-10:25','Awanti mam','English','{\"source\": \"laravel-ai-master-schedule-agent\"}','2026-06-20 02:16:45','2026-06-20 02:16:45'),(937,6,1,4,'Grade 7RR','M','09:40-10:25','Awanti mam','English','{\"source\": \"laravel-ai-master-schedule-agent\"}','2026-06-20 02:16:45','2026-06-20 02:16:45'),(938,6,1,4,'Grade 7RR','W','12:05-12:45','Monika mam','Maths','{\"source\": \"laravel-ai-master-schedule-agent\"}','2026-06-20 02:16:45','2026-06-20 02:16:45'),(939,6,1,4,'Grade 7RR','Th','12:05-12:45','Monika mam','Maths','{\"source\": \"laravel-ai-master-schedule-agent\"}','2026-06-20 02:16:45','2026-06-20 02:16:45'),(940,6,1,4,'Grade 7RR','F','14:05-14:45','Monika mam','Maths','{\"source\": \"laravel-ai-master-schedule-agent\"}','2026-06-20 02:16:45','2026-06-20 02:16:45'),(941,6,1,4,'Grade 7RR','M','10:35-11:15','Monika mam','Maths','{\"source\": \"laravel-ai-master-schedule-agent\"}','2026-06-20 02:16:45','2026-06-20 02:16:45'),(942,6,1,5,'Grade 7TM','F','10:35-11:15','Salina Mam','ICT','{\"source\": \"manual-assignment\", \"is_fixed\": true}','2026-06-20 02:21:58','2026-06-20 02:21:58'),(943,6,1,5,'Grade 7TM','F','11:25-12:05','Chinese Mam','Chinese','{\"source\": \"manual-assignment\", \"is_fixed\": true}','2026-06-20 02:21:58','2026-06-20 02:21:58'),(944,6,1,5,'Grade 7TM','F','13:20-14:05','Sharmila mam','Social','{\"source\": \"manual-assignment\", \"is_fixed\": true}','2026-06-20 02:21:58','2026-06-20 02:21:58'),(945,6,1,5,'Grade 7TM','M','13:20-14:05','Sharmila mam','Social','{\"source\": \"manual-assignment\", \"is_fixed\": true}','2026-06-20 02:21:58','2026-06-20 02:21:58'),(946,6,1,5,'Grade 7TM','M','14:05-14:45','Dance Mam','Dance','{\"source\": \"manual-assignment\", \"is_fixed\": true}','2026-06-20 02:21:58','2026-06-20 02:21:58'),(947,6,1,5,'Grade 7TM','T','13:20-14:05','Sharmila mam','Social','{\"source\": \"manual-assignment\", \"is_fixed\": true}','2026-06-20 02:21:58','2026-06-20 02:21:58'),(948,6,1,5,'Grade 7TM','T','14:05-14:45','Sabbu mam','Health','{\"source\": \"manual-assignment\", \"is_fixed\": true}','2026-06-20 02:21:58','2026-06-20 02:21:58'),(949,6,1,5,'Grade 7TM','Th','10:35-11:15','Salina Mam','ICT','{\"source\": \"manual-assignment\", \"is_fixed\": true}','2026-06-20 02:21:58','2026-06-20 02:21:58'),(950,6,1,5,'Grade 7TM','Th','13:20-14:05','Sharmila mam','Social','{\"source\": \"manual-assignment\", \"is_fixed\": true}','2026-06-20 02:21:58','2026-06-20 02:21:58'),(951,6,1,5,'Grade 7TM','Th','15:00-15:45','Club Sir','Club','{\"source\": \"manual-assignment\", \"is_fixed\": true}','2026-06-20 02:21:58','2026-06-20 02:21:58'),(952,6,1,5,'Grade 7TM','W','10:35-11:15','Salina Mam','ICT','{\"source\": \"manual-assignment\", \"is_fixed\": true}','2026-06-20 02:21:58','2026-06-20 02:21:58'),(953,6,1,5,'Grade 7TM','W','13:20-14:05','Sharmila mam','Social','{\"source\": \"manual-assignment\", \"is_fixed\": true}','2026-06-20 02:21:58','2026-06-20 02:21:58'),(954,6,1,5,'Grade 7TM','W','14:05-14:45','Game Sir','Games','{\"source\": \"manual-assignment\", \"is_fixed\": true}','2026-06-20 02:21:58','2026-06-20 02:21:58'),(955,6,1,5,'Grade 7TM','T','15:00-15:45','Chandika mam','Nepali','{\"source\": \"laravel-ai-master-schedule-agent\"}','2026-06-20 02:21:58','2026-06-20 02:21:58'),(956,6,1,5,'Grade 7TM','T','10:35-11:15','Mohit sir','Maths','{\"source\": \"laravel-ai-master-schedule-agent\"}','2026-06-20 02:21:58','2026-06-20 02:21:58'),(957,6,1,5,'Grade 7TM','W','15:00-15:45','Chandika mam','Nepali','{\"source\": \"laravel-ai-master-schedule-agent\"}','2026-06-20 02:21:58','2026-06-20 02:21:58'),(958,6,1,5,'Grade 7TM','W','11:25-12:05','Mohit sir','Maths','{\"source\": \"laravel-ai-master-schedule-agent\"}','2026-06-20 02:21:58','2026-06-20 02:21:58'),(959,6,1,5,'Grade 7TM','Th','14:05-14:45','Chandika mam','Nepali','{\"source\": \"laravel-ai-master-schedule-agent\"}','2026-06-20 02:21:58','2026-06-20 02:21:58'),(960,6,1,5,'Grade 7TM','Th','11:25-12:05','Mohit sir','Maths','{\"source\": \"laravel-ai-master-schedule-agent\"}','2026-06-20 02:21:58','2026-06-20 02:21:58'),(961,6,1,5,'Grade 7TM','F','12:05-12:45','Chandika mam','Nepali','{\"source\": \"laravel-ai-master-schedule-agent\"}','2026-06-20 02:21:58','2026-06-20 02:21:58'),(962,6,1,5,'Grade 7TM','F','09:40-10:25','Mohit sir','Maths','{\"source\": \"laravel-ai-master-schedule-agent\"}','2026-06-20 02:21:58','2026-06-20 02:21:58'),(963,6,1,5,'Grade 7TM','M','11:25-12:05','Chandika mam','Nepali','{\"source\": \"laravel-ai-master-schedule-agent\"}','2026-06-20 02:21:58','2026-06-20 02:21:58'),(964,6,1,5,'Grade 7TM','M','09:40-10:25','Mohit sir','Maths','{\"source\": \"laravel-ai-master-schedule-agent\"}','2026-06-20 02:21:58','2026-06-20 02:21:58'),(965,6,1,5,'Grade 7TM','T','09:40-10:25','Awanti mam','English','{\"source\": \"laravel-ai-master-schedule-agent\"}','2026-06-20 02:21:58','2026-06-20 02:21:58'),(966,6,1,5,'Grade 7TM','W','09:40-10:25','Awanti mam','English','{\"source\": \"laravel-ai-master-schedule-agent\"}','2026-06-20 02:21:58','2026-06-20 02:21:58'),(967,6,1,5,'Grade 7TM','Th','09:40-10:25','Awanti mam','English','{\"source\": \"laravel-ai-master-schedule-agent\"}','2026-06-20 02:21:58','2026-06-20 02:21:58'),(968,6,1,5,'Grade 7TM','F','14:05-14:45','Awanti mam','English','{\"source\": \"laravel-ai-master-schedule-agent\"}','2026-06-20 02:21:58','2026-06-20 02:21:58'),(969,6,1,5,'Grade 7TM','M','10:35-11:15','Awanti mam','English','{\"source\": \"laravel-ai-master-schedule-agent\"}','2026-06-20 02:21:58','2026-06-20 02:21:58'),(970,6,1,5,'Grade 7TM','T','11:25-12:05','Pratibha mam','Science','{\"source\": \"laravel-ai-master-schedule-agent\"}','2026-06-20 02:21:58','2026-06-20 02:21:58'),(971,6,1,5,'Grade 7TM','W','12:05-12:45','Pratibha mam','Science','{\"source\": \"laravel-ai-master-schedule-agent\"}','2026-06-20 02:21:58','2026-06-20 02:21:58'),(972,6,1,5,'Grade 7TM','Th','12:05-12:45','Pratibha mam','Science','{\"source\": \"laravel-ai-master-schedule-agent\"}','2026-06-20 02:21:58','2026-06-20 02:21:58'),(973,6,1,5,'Grade 7TM','M','15:00-15:45','Pratibha mam','Science','{\"source\": \"laravel-ai-master-schedule-agent\"}','2026-06-20 02:21:58','2026-06-20 02:21:58'),(974,6,1,9,'Grade 8PM','F','09:40-10:25','Saliza mam','ICT','{\"source\": \"manual-assignment\", \"is_fixed\": true}','2026-06-20 02:26:29','2026-06-20 02:26:29'),(975,6,1,9,'Grade 8PM','F','13:20-14:05','Archana mam','Nepali','{\"source\": \"manual-assignment\", \"is_fixed\": true}','2026-06-20 02:26:29','2026-06-20 02:26:29'),(976,6,1,9,'Grade 8PM','F','15:00-15:45','Sandhya mam','English','{\"source\": \"manual-assignment\", \"is_fixed\": true}','2026-06-20 02:26:29','2026-06-20 02:26:29'),(977,6,1,9,'Grade 8PM','M','11:25-12:05','Archana mam','Nepali','{\"source\": \"manual-assignment\", \"is_fixed\": true}','2026-06-20 02:26:29','2026-06-20 02:26:29'),(978,6,1,9,'Grade 8PM','M','15:00-15:45','Sandhya mam','English','{\"source\": \"manual-assignment\", \"is_fixed\": true}','2026-06-20 02:26:29','2026-06-20 02:26:29'),(979,6,1,9,'Grade 8PM','T','11:25-12:05','Archana mam','Nepali','{\"source\": \"manual-assignment\", \"is_fixed\": true}','2026-06-20 02:26:29','2026-06-20 02:26:29'),(980,6,1,9,'Grade 8PM','T','15:00-15:45','Sandhya mam','English','{\"source\": \"manual-assignment\", \"is_fixed\": true}','2026-06-20 02:26:29','2026-06-20 02:26:29'),(981,6,1,9,'Grade 8PM','Th','09:40-10:25','Saliza mam','ICT','{\"source\": \"manual-assignment\", \"is_fixed\": true}','2026-06-20 02:26:29','2026-06-20 02:26:29'),(982,6,1,9,'Grade 8PM','Th','13:20-14:05','Archana mam','Nepali','{\"source\": \"manual-assignment\", \"is_fixed\": true}','2026-06-20 02:26:29','2026-06-20 02:26:29'),(983,6,1,9,'Grade 8PM','Th','14:05-14:45','Sandhya mam','English','{\"source\": \"manual-assignment\", \"is_fixed\": true}','2026-06-20 02:26:29','2026-06-20 02:26:29'),(984,6,1,9,'Grade 8PM','Th','15:00-15:45','Club Sir','Club','{\"source\": \"manual-assignment\", \"is_fixed\": true}','2026-06-20 02:26:29','2026-06-20 02:26:29'),(985,6,1,9,'Grade 8PM','W','11:25-12:05','Saliza mam','ICT','{\"source\": \"manual-assignment\", \"is_fixed\": true}','2026-06-20 02:26:29','2026-06-20 02:26:29'),(986,6,1,9,'Grade 8PM','W','13:20-14:05','Archana mam','Nepali','{\"source\": \"manual-assignment\", \"is_fixed\": true}','2026-06-20 02:26:29','2026-06-20 02:26:29'),(987,6,1,9,'Grade 8PM','W','14:05-14:45','Sandhya mam','English','{\"source\": \"manual-assignment\", \"is_fixed\": true}','2026-06-20 02:26:29','2026-06-20 02:26:29'),(988,6,1,9,'Grade 8PM','W','15:00-15:45','Game Sir','Games','{\"source\": \"manual-assignment\", \"is_fixed\": true}','2026-06-20 02:26:29','2026-06-20 02:26:29'),(989,6,1,9,'Grade 8PM','M','13:20-14:05','Sabbu mam','Health','{\"source\": \"laravel-ai-master-schedule-agent\"}','2026-06-20 02:26:29','2026-06-20 02:26:29'),(990,6,1,9,'Grade 8PM','T','12:05-12:45','Bina mam','Social','{\"source\": \"laravel-ai-master-schedule-agent\"}','2026-06-20 02:26:29','2026-06-20 02:26:29'),(991,6,1,9,'Grade 8PM','W','12:05-12:45','Bina mam','Social','{\"source\": \"laravel-ai-master-schedule-agent\"}','2026-06-20 02:26:29','2026-06-20 02:26:29'),(992,6,1,9,'Grade 8PM','Th','12:05-12:45','Bina mam','Social','{\"source\": \"laravel-ai-master-schedule-agent\"}','2026-06-20 02:26:29','2026-06-20 02:26:29'),(993,6,1,9,'Grade 8PM','F','11:25-12:05','Bina mam','Social','{\"source\": \"laravel-ai-master-schedule-agent\"}','2026-06-20 02:26:29','2026-06-20 02:26:29'),(994,6,1,9,'Grade 8PM','T','09:40-10:25','Pratibha mam','Science','{\"source\": \"laravel-ai-master-schedule-agent\"}','2026-06-20 02:26:29','2026-06-20 02:26:29'),(995,6,1,9,'Grade 8PM','W','09:40-10:25','Pratibha mam','Science','{\"source\": \"laravel-ai-master-schedule-agent\"}','2026-06-20 02:26:29','2026-06-20 02:26:29'),(996,6,1,9,'Grade 8PM','Th','10:35-11:15','Pratibha mam','Science','{\"source\": \"laravel-ai-master-schedule-agent\"}','2026-06-20 02:26:29','2026-06-20 02:26:29'),(997,6,1,9,'Grade 8PM','T','10:35-11:15','Monika mam','Maths','{\"source\": \"laravel-ai-master-schedule-agent\"}','2026-06-20 02:26:29','2026-06-20 02:26:29'),(998,6,1,9,'Grade 8PM','T','13:20-14:05','Monika mam','Opt Maths','{\"source\": \"laravel-ai-master-schedule-agent\"}','2026-06-20 02:26:29','2026-06-20 02:26:29'),(999,6,1,9,'Grade 8PM','W','10:35-11:15','Monika mam','Maths','{\"source\": \"laravel-ai-master-schedule-agent\"}','2026-06-20 02:26:29','2026-06-20 02:26:29'),(1000,6,1,9,'Grade 8PM','Th','11:25-12:05','Monika mam','Opt Maths','{\"source\": \"laravel-ai-master-schedule-agent\"}','2026-06-20 02:26:29','2026-06-20 02:26:29'),(1001,6,1,9,'Grade 8PM','F','10:35-11:15','Monika mam','Maths','{\"source\": \"laravel-ai-master-schedule-agent\"}','2026-06-20 02:26:29','2026-06-20 02:26:29'),(1002,6,1,9,'Grade 8PM','F','12:05-12:45','Monika mam','Opt Maths','{\"source\": \"laravel-ai-master-schedule-agent\"}','2026-06-20 02:26:29','2026-06-20 02:26:29'),(1003,6,1,7,'Grade 8RR','F','12:05-12:45','Salina Mam','ICT','{\"source\": \"manual-assignment\", \"is_fixed\": true}','2026-06-20 02:27:10','2026-06-20 02:27:10'),(1004,6,1,7,'Grade 8RR','F','14:05-14:45','Archana mam','Nepali','{\"source\": \"manual-assignment\", \"is_fixed\": true}','2026-06-20 02:27:10','2026-06-20 02:27:10'),(1005,6,1,7,'Grade 8RR','F','15:00-15:45','Nabin sir','Opt Maths','{\"source\": \"manual-assignment\", \"is_fixed\": true}','2026-06-20 02:27:10','2026-06-20 02:27:10'),(1006,6,1,7,'Grade 8RR','M','14:05-14:45','Archana mam','Nepali','{\"source\": \"manual-assignment\", \"is_fixed\": true}','2026-06-20 02:27:10','2026-06-20 02:27:10'),(1007,6,1,7,'Grade 8RR','M','15:00-15:45','Nabin sir','Opt Maths','{\"source\": \"manual-assignment\", \"is_fixed\": true}','2026-06-20 02:27:10','2026-06-20 02:27:10'),(1008,6,1,7,'Grade 8RR','T','14:05-14:45','Archana mam','Nepali','{\"source\": \"manual-assignment\", \"is_fixed\": true}','2026-06-20 02:27:10','2026-06-20 02:27:10'),(1009,6,1,7,'Grade 8RR','T','15:00-15:45','Nabin sir','Opt Maths','{\"source\": \"manual-assignment\", \"is_fixed\": true}','2026-06-20 02:27:10','2026-06-20 02:27:10'),(1010,6,1,7,'Grade 8RR','Th','12:05-12:45','Salina Mam','ICT','{\"source\": \"manual-assignment\", \"is_fixed\": true}','2026-06-20 02:27:10','2026-06-20 02:27:10'),(1011,6,1,7,'Grade 8RR','Th','14:05-14:45','Archana mam','Nepali','{\"source\": \"manual-assignment\", \"is_fixed\": true}','2026-06-20 02:27:10','2026-06-20 02:27:10'),(1012,6,1,7,'Grade 8RR','Th','15:00-15:45','Club Sir','Club','{\"source\": \"manual-assignment\", \"is_fixed\": true}','2026-06-20 02:27:10','2026-06-20 02:27:10'),(1013,6,1,7,'Grade 8RR','W','12:05-12:45','Salina Mam','ICT','{\"source\": \"manual-assignment\", \"is_fixed\": true}','2026-06-20 02:27:10','2026-06-20 02:27:10'),(1014,6,1,7,'Grade 8RR','W','14:05-14:45','Archana mam','Nepali','{\"source\": \"manual-assignment\", \"is_fixed\": true}','2026-06-20 02:27:10','2026-06-20 02:27:10'),(1015,6,1,7,'Grade 8RR','W','15:00-15:45','Game Sir','Games','{\"source\": \"manual-assignment\", \"is_fixed\": true}','2026-06-20 02:27:10','2026-06-20 02:27:10'),(1016,6,1,7,'Grade 8RR','T','11:25-12:05','Awanti mam','English','{\"source\": \"laravel-ai-master-schedule-agent\"}','2026-06-20 02:27:10','2026-06-20 02:27:10'),(1017,6,1,7,'Grade 8RR','T','13:20-14:05','Bina mam','Social','{\"source\": \"laravel-ai-master-schedule-agent\"}','2026-06-20 02:27:10','2026-06-20 02:27:10'),(1018,6,1,7,'Grade 8RR','W','10:35-11:15','Awanti mam','English','{\"source\": \"laravel-ai-master-schedule-agent\"}','2026-06-20 02:27:10','2026-06-20 02:27:10'),(1019,6,1,7,'Grade 8RR','W','13:20-14:05','Bina mam','Social','{\"source\": \"laravel-ai-master-schedule-agent\"}','2026-06-20 02:27:10','2026-06-20 02:27:10'),(1020,6,1,7,'Grade 8RR','Th','10:35-11:15','Awanti mam','English','{\"source\": \"laravel-ai-master-schedule-agent\"}','2026-06-20 02:27:10','2026-06-20 02:27:10'),(1021,6,1,7,'Grade 8RR','Th','13:20-14:05','Bina mam','Social','{\"source\": \"laravel-ai-master-schedule-agent\"}','2026-06-20 02:27:10','2026-06-20 02:27:10'),(1022,6,1,7,'Grade 8RR','F','10:35-11:15','Awanti mam','English','{\"source\": \"laravel-ai-master-schedule-agent\"}','2026-06-20 02:27:10','2026-06-20 02:27:10'),(1023,6,1,7,'Grade 8RR','F','13:20-14:05','Bina mam','Social','{\"source\": \"laravel-ai-master-schedule-agent\"}','2026-06-20 02:27:10','2026-06-20 02:27:10'),(1024,6,1,7,'Grade 8RR','M','12:05-12:45','Awanti mam','English','{\"source\": \"laravel-ai-master-schedule-agent\"}','2026-06-20 02:27:10','2026-06-20 02:27:10'),(1025,6,1,7,'Grade 8RR','M','11:25-12:05','Bina mam','Social','{\"source\": \"laravel-ai-master-schedule-agent\"}','2026-06-20 02:27:10','2026-06-20 02:27:10'),(1026,6,1,7,'Grade 8RR','T','09:40-10:25','Monika mam','Maths','{\"source\": \"laravel-ai-master-schedule-agent\"}','2026-06-20 02:27:10','2026-06-20 02:27:10'),(1027,6,1,7,'Grade 8RR','T','10:35-11:15','Pratibha mam','Science','{\"source\": \"laravel-ai-master-schedule-agent\"}','2026-06-20 02:27:10','2026-06-20 02:27:10'),(1028,6,1,7,'Grade 8RR','W','09:40-10:25','Monika mam','Maths','{\"source\": \"laravel-ai-master-schedule-agent\"}','2026-06-20 02:27:10','2026-06-20 02:27:10'),(1029,6,1,7,'Grade 8RR','W','11:25-12:05','Pratibha mam','Science','{\"source\": \"laravel-ai-master-schedule-agent\"}','2026-06-20 02:27:10','2026-06-20 02:27:10'),(1030,6,1,7,'Grade 8RR','Th','09:40-10:25','Monika mam','Maths','{\"source\": \"laravel-ai-master-schedule-agent\"}','2026-06-20 02:27:10','2026-06-20 02:27:10'),(1031,6,1,7,'Grade 8RR','Th','11:25-12:05','Pratibha mam','Science','{\"source\": \"laravel-ai-master-schedule-agent\"}','2026-06-20 02:27:10','2026-06-20 02:27:10'),(1032,6,1,7,'Grade 8RR','F','09:40-10:25','Monika mam','Maths','{\"source\": \"laravel-ai-master-schedule-agent\"}','2026-06-20 02:27:10','2026-06-20 02:27:10'),(1033,6,1,7,'Grade 8RR','F','11:25-12:05','Pratibha mam','Science','{\"source\": \"laravel-ai-master-schedule-agent\"}','2026-06-20 02:27:10','2026-06-20 02:27:10'),(1034,6,1,8,'Grade 8TM','F','09:40-10:25','Salina Mam','ICT','{\"source\": \"manual-assignment\", \"is_fixed\": true}','2026-06-20 02:37:55','2026-06-20 02:37:55'),(1035,6,1,8,'Grade 8TM','F','10:35-11:15','Sandhya mam','English','{\"source\": \"manual-assignment\", \"is_fixed\": true}','2026-06-20 02:37:55','2026-06-20 02:37:55'),(1036,6,1,8,'Grade 8TM','F','11:25-12:05','Sharmila mam','Social','{\"source\": \"manual-assignment\", \"is_fixed\": true}','2026-06-20 02:37:55','2026-06-20 02:37:55'),(1037,6,1,8,'Grade 8TM','F','12:05-12:45','Archana mam','Nepali','{\"source\": \"manual-assignment\", \"is_fixed\": true}','2026-06-20 02:37:55','2026-06-20 02:37:55'),(1038,6,1,8,'Grade 8TM','M','10:35-11:15','Sandhya mam','English','{\"source\": \"manual-assignment\", \"is_fixed\": true}','2026-06-20 02:37:55','2026-06-20 02:37:55'),(1039,6,1,8,'Grade 8TM','M','11:25-12:05','Sharmila mam','Social','{\"source\": \"manual-assignment\", \"is_fixed\": true}','2026-06-20 02:37:55','2026-06-20 02:37:55'),(1040,6,1,8,'Grade 8TM','M','12:05-12:45','Archana mam','Nepali','{\"source\": \"manual-assignment\", \"is_fixed\": true}','2026-06-20 02:37:55','2026-06-20 02:37:55'),(1041,6,1,8,'Grade 8TM','T','10:35-11:15','Sandhya mam','English','{\"source\": \"manual-assignment\", \"is_fixed\": true}','2026-06-20 02:37:55','2026-06-20 02:37:55'),(1042,6,1,8,'Grade 8TM','T','12:05-12:45','Archana mam','Nepali','{\"source\": \"manual-assignment\", \"is_fixed\": true}','2026-06-20 02:37:55','2026-06-20 02:37:55'),(1043,6,1,8,'Grade 8TM','T','14:05-14:45','Sharmila mam','Social','{\"source\": \"manual-assignment\", \"is_fixed\": true}','2026-06-20 02:37:55','2026-06-20 02:37:55'),(1044,6,1,8,'Grade 8TM','Th','09:40-10:25','Salina Mam','ICT','{\"source\": \"manual-assignment\", \"is_fixed\": true}','2026-06-20 02:37:55','2026-06-20 02:37:55'),(1045,6,1,8,'Grade 8TM','Th','10:35-11:15','Sandhya mam','English','{\"source\": \"manual-assignment\", \"is_fixed\": true}','2026-06-20 02:37:55','2026-06-20 02:37:55'),(1046,6,1,8,'Grade 8TM','Th','11:25-12:05','Sharmila mam','Social','{\"source\": \"manual-assignment\", \"is_fixed\": true}','2026-06-20 02:37:55','2026-06-20 02:37:55'),(1047,6,1,8,'Grade 8TM','Th','12:05-12:45','Archana mam','Nepali','{\"source\": \"manual-assignment\", \"is_fixed\": true}','2026-06-20 02:37:55','2026-06-20 02:37:55'),(1048,6,1,8,'Grade 8TM','Th','15:00-15:45','Club Sir','Club','{\"source\": \"manual-assignment\", \"is_fixed\": true}','2026-06-20 02:37:55','2026-06-20 02:37:55'),(1049,6,1,8,'Grade 8TM','W','09:40-10:25','Salina Mam','ICT','{\"source\": \"manual-assignment\", \"is_fixed\": true}','2026-06-20 02:37:55','2026-06-20 02:37:55'),(1050,6,1,8,'Grade 8TM','W','10:35-11:15','Sandhya mam','English','{\"source\": \"manual-assignment\", \"is_fixed\": true}','2026-06-20 02:37:55','2026-06-20 02:37:55'),(1051,6,1,8,'Grade 8TM','W','12:05-12:45','Archana mam','Nepali','{\"source\": \"manual-assignment\", \"is_fixed\": true}','2026-06-20 02:37:55','2026-06-20 02:37:55'),(1052,6,1,8,'Grade 8TM','W','14:05-14:45','Sharmila mam','Social','{\"source\": \"manual-assignment\", \"is_fixed\": true}','2026-06-20 02:37:55','2026-06-20 02:37:55'),(1053,6,1,8,'Grade 8TM','W','15:00-15:45','Game Sir','Games','{\"source\": \"manual-assignment\", \"is_fixed\": true}','2026-06-20 02:37:55','2026-06-20 02:37:55'),(1054,6,1,8,'Grade 8TM','T','09:40-10:25','Sabbu mam','Health','{\"source\": \"laravel-ai-master-schedule-agent\"}','2026-06-20 02:37:55','2026-06-20 02:37:55'),(1055,6,1,8,'Grade 8TM','Th','14:05-14:45','Sabbu mam','Health','{\"source\": \"laravel-ai-master-schedule-agent\"}','2026-06-20 02:37:55','2026-06-20 02:37:55'),(1056,6,1,8,'Grade 8TM','T','11:25-12:05','Monika mam','Maths','{\"source\": \"laravel-ai-master-schedule-agent\"}','2026-06-20 02:37:55','2026-06-20 02:37:55'),(1057,6,1,8,'Grade 8TM','T','15:00-15:45','Monika mam','Opt Maths','{\"source\": \"laravel-ai-master-schedule-agent\"}','2026-06-20 02:37:55','2026-06-20 02:37:55'),(1058,6,1,8,'Grade 8TM','T','13:20-14:05','Pratibha mam','Science','{\"source\": \"laravel-ai-master-schedule-agent\"}','2026-06-20 02:37:55','2026-06-20 02:37:55'),(1059,6,1,8,'Grade 8TM','W','11:25-12:05','Monika mam','Maths','{\"source\": \"laravel-ai-master-schedule-agent\"}','2026-06-20 02:37:55','2026-06-20 02:37:55'),(1060,6,1,8,'Grade 8TM','W','13:20-14:05','Monika mam','Opt Maths','{\"source\": \"laravel-ai-master-schedule-agent\"}','2026-06-20 02:37:55','2026-06-20 02:37:55'),(1061,6,1,8,'Grade 8TM','Th','13:20-14:05','Pratibha mam','Science','{\"source\": \"laravel-ai-master-schedule-agent\"}','2026-06-20 02:37:55','2026-06-20 02:37:55'),(1062,6,1,8,'Grade 8TM','F','13:20-14:05','Monika mam','Maths','{\"source\": \"laravel-ai-master-schedule-agent\"}','2026-06-20 02:37:55','2026-06-20 02:37:55'),(1063,6,1,8,'Grade 8TM','F','15:00-15:45','Monika mam','Opt Maths','{\"source\": \"laravel-ai-master-schedule-agent\"}','2026-06-20 02:37:55','2026-06-20 02:37:55'),(1064,6,1,8,'Grade 8TM','F','14:05-14:45','Pratibha mam','Science','{\"source\": \"laravel-ai-master-schedule-agent\"}','2026-06-20 02:37:55','2026-06-20 02:37:55'),(1176,7,1,3,'Grade 6PM','F','10:35-11:15','Saliza mam','ICT','{\"source\": \"manual-assignment\", \"is_fixed\": true}','2026-06-20 02:48:48','2026-06-20 02:48:48'),(1177,7,1,3,'Grade 6PM','F','15:00-15:45','Chinese Mam','Chinese','{\"source\": \"manual-assignment\", \"is_fixed\": true}','2026-06-20 02:48:48','2026-06-20 02:48:48'),(1178,7,1,3,'Grade 6PM','M','13:20-14:05','Dance Mam','Dance','{\"source\": \"manual-assignment\", \"is_fixed\": true}','2026-06-20 02:48:48','2026-06-20 02:48:48'),(1179,7,1,3,'Grade 6PM','T','13:20-14:05','Game Sir','Games','{\"source\": \"manual-assignment\", \"is_fixed\": true}','2026-06-20 02:48:48','2026-06-20 02:48:48'),(1180,7,1,3,'Grade 6PM','Th','10:35-11:15','Saliza mam','ICT','{\"source\": \"manual-assignment\", \"is_fixed\": true}','2026-06-20 02:48:48','2026-06-20 02:48:48'),(1181,7,1,3,'Grade 6PM','Th','14:05-14:45','Club Sir','Club','{\"source\": \"manual-assignment\", \"is_fixed\": true}','2026-06-20 02:48:48','2026-06-20 02:48:48'),(1182,7,1,3,'Grade 6PM','W','10:35-11:15','Saliza mam','ICT','{\"source\": \"manual-assignment\", \"is_fixed\": true}','2026-06-20 02:48:48','2026-06-20 02:48:48'),(1186,7,1,3,'Grade 6PM','T','10:35-11:15','Bina mam','Social','{\"source\": \"laravel-ai-master-schedule-agent\"}','2026-06-20 02:48:48','2026-06-20 02:48:48'),(1187,7,1,3,'Grade 6PM','T','11:25-12:05','Chandika mam','Nepali','{\"source\": \"laravel-ai-master-schedule-agent\"}','2026-06-20 02:48:48','2026-06-20 02:48:48'),(1189,7,1,3,'Grade 6PM','T','14:05-14:45','Sonam sir','English','{\"source\": \"laravel-ai-master-schedule-agent\"}','2026-06-20 02:48:48','2026-06-20 02:48:48'),(1190,7,1,3,'Grade 6PM','T','15:00-15:45','Tanju mam','Science','{\"source\": \"laravel-ai-master-schedule-agent\"}','2026-06-20 02:48:48','2026-06-20 02:48:48'),(1191,7,1,3,'Grade 6PM','W','11:25-12:05','Bina mam','Social','{\"source\": \"laravel-ai-master-schedule-agent\"}','2026-06-20 02:48:48','2026-06-20 02:48:48'),(1192,7,1,3,'Grade 6PM','W','12:05-12:45','Chandika mam','Nepali','{\"source\": \"laravel-ai-master-schedule-agent\"}','2026-06-20 02:48:48','2026-06-20 02:48:48'),(1194,7,1,3,'Grade 6PM','W','14:05-14:45','Sonam sir','English','{\"source\": \"laravel-ai-master-schedule-agent\"}','2026-06-20 02:48:48','2026-06-20 02:48:48'),(1195,7,1,3,'Grade 6PM','W','15:00-15:45','Tanju mam','Science','{\"source\": \"laravel-ai-master-schedule-agent\"}','2026-06-20 02:48:48','2026-06-20 02:48:48'),(1196,7,1,3,'Grade 6PM','Th','11:25-12:05','Bina mam','Social','{\"source\": \"laravel-ai-master-schedule-agent\"}','2026-06-20 02:48:48','2026-06-20 02:48:48'),(1197,7,1,3,'Grade 6PM','Th','12:05-12:45','Chandika mam','Nepali','{\"source\": \"laravel-ai-master-schedule-agent\"}','2026-06-20 02:48:48','2026-06-20 02:48:48'),(1199,7,1,3,'Grade 6PM','Th','15:00-15:45','Sonam sir','English','{\"source\": \"laravel-ai-master-schedule-agent\"}','2026-06-20 02:48:48','2026-06-20 02:48:48'),(1201,7,1,3,'Grade 6PM','F','11:25-12:05','Bina mam','Social','{\"source\": \"laravel-ai-master-schedule-agent\"}','2026-06-20 02:48:48','2026-06-20 02:48:48'),(1202,7,1,3,'Grade 6PM','F','12:05-12:45','Chandika mam','Nepali','{\"source\": \"laravel-ai-master-schedule-agent\"}','2026-06-20 02:48:48','2026-06-20 02:48:48'),(1204,7,1,3,'Grade 6PM','F','14:05-14:45','Sonam sir','English','{\"source\": \"laravel-ai-master-schedule-agent\"}','2026-06-20 02:48:48','2026-06-20 02:48:48'),(1206,7,1,3,'Grade 6PM','M','10:35-11:15','Bina mam','Social','{\"source\": \"laravel-ai-master-schedule-agent\"}','2026-06-20 02:48:48','2026-06-20 02:48:48'),(1207,7,1,3,'Grade 6PM','M','11:25-12:05','Chandika mam','Nepali','{\"source\": \"laravel-ai-master-schedule-agent\"}','2026-06-20 02:48:48','2026-06-20 02:48:48'),(1209,7,1,3,'Grade 6PM','M','14:05-14:45','Sonam sir','English','{\"source\": \"laravel-ai-master-schedule-agent\"}','2026-06-20 02:48:48','2026-06-20 02:48:48'),(1210,7,1,1,'Grade 6RR','F','13:20-14:05','Salina Mam','ICT','{\"source\": \"manual-assignment\", \"is_fixed\": true}','2026-06-20 02:48:49','2026-06-20 02:48:49'),(1211,7,1,1,'Grade 6RR','F','14:05-14:45','Chinese Mam','Chinese','{\"source\": \"manual-assignment\", \"is_fixed\": true}','2026-06-20 02:48:49','2026-06-20 02:48:49'),(1212,7,1,1,'Grade 6RR','M','13:20-14:05','Dance Mam','Dance','{\"source\": \"manual-assignment\", \"is_fixed\": true}','2026-06-20 02:48:49','2026-06-20 02:48:49'),(1213,7,1,1,'Grade 6RR','T','13:20-14:05','Game Sir','Games','{\"source\": \"manual-assignment\", \"is_fixed\": true}','2026-06-20 02:48:49','2026-06-20 02:48:49'),(1214,7,1,1,'Grade 6RR','Th','13:20-14:05','Salina Mam','ICT','{\"source\": \"manual-assignment\", \"is_fixed\": true}','2026-06-20 02:48:49','2026-06-20 02:48:49'),(1215,7,1,1,'Grade 6RR','Th','14:05-14:45','Club Sir','Club','{\"source\": \"manual-assignment\", \"is_fixed\": true}','2026-06-20 02:48:49','2026-06-20 02:48:49'),(1216,7,1,1,'Grade 6RR','W','13:20-14:05','Salina Mam','ICT','{\"source\": \"manual-assignment\", \"is_fixed\": true}','2026-06-20 02:48:49','2026-06-20 02:48:49'),(1218,7,1,1,'Grade 6RR','T','10:35-11:15','Chandika mam','Nepali','{\"source\": \"laravel-ai-master-schedule-agent\"}','2026-06-20 02:48:49','2026-06-20 02:48:49'),(1219,7,1,1,'Grade 6RR','T','11:25-12:05','Mohit sir','Maths','{\"source\": \"laravel-ai-master-schedule-agent\"}','2026-06-20 02:48:49','2026-06-20 02:48:49'),(1220,7,1,1,'Grade 6RR','T','12:05-12:45','Sonam sir','English','{\"source\": \"laravel-ai-master-schedule-agent\"}','2026-06-20 02:48:49','2026-06-20 02:48:49'),(1222,7,1,1,'Grade 6RR','W','10:35-11:15','Chandika mam','Nepali','{\"source\": \"laravel-ai-master-schedule-agent\"}','2026-06-20 02:48:49','2026-06-20 02:48:49'),(1223,7,1,1,'Grade 6RR','W','11:25-12:05','Mohit sir','Maths','{\"source\": \"laravel-ai-master-schedule-agent\"}','2026-06-20 02:48:49','2026-06-20 02:48:49'),(1224,7,1,1,'Grade 6RR','W','12:05-12:45','Sonam sir','English','{\"source\": \"laravel-ai-master-schedule-agent\"}','2026-06-20 02:48:49','2026-06-20 02:48:49'),(1226,7,1,1,'Grade 6RR','Th','10:35-11:15','Chandika mam','Nepali','{\"source\": \"laravel-ai-master-schedule-agent\"}','2026-06-20 02:48:49','2026-06-20 02:48:49'),(1227,7,1,1,'Grade 6RR','Th','11:25-12:05','Mohit sir','Maths','{\"source\": \"laravel-ai-master-schedule-agent\"}','2026-06-20 02:48:49','2026-06-20 02:48:49'),(1228,7,1,1,'Grade 6RR','Th','12:05-12:45','Sonam sir','English','{\"source\": \"laravel-ai-master-schedule-agent\"}','2026-06-20 02:48:49','2026-06-20 02:48:49'),(1230,7,1,1,'Grade 6RR','F','10:35-11:15','Chandika mam','Nepali','{\"source\": \"laravel-ai-master-schedule-agent\"}','2026-06-20 02:48:49','2026-06-20 02:48:49'),(1231,7,1,1,'Grade 6RR','F','11:25-12:05','Mohit sir','Maths','{\"source\": \"laravel-ai-master-schedule-agent\"}','2026-06-20 02:48:49','2026-06-20 02:48:49'),(1232,7,1,1,'Grade 6RR','F','12:05-12:45','Sonam sir','English','{\"source\": \"laravel-ai-master-schedule-agent\"}','2026-06-20 02:48:49','2026-06-20 02:48:49'),(1234,7,1,1,'Grade 6RR','M','10:35-11:15','Chandika mam','Nepali','{\"source\": \"laravel-ai-master-schedule-agent\"}','2026-06-20 02:48:49','2026-06-20 02:48:49'),(1235,7,1,1,'Grade 6RR','M','11:25-12:05','Mohit sir','Maths','{\"source\": \"laravel-ai-master-schedule-agent\"}','2026-06-20 02:48:49','2026-06-20 02:48:49'),(1236,7,1,1,'Grade 6RR','M','12:05-12:45','Sonam sir','English','{\"source\": \"laravel-ai-master-schedule-agent\"}','2026-06-20 02:48:49','2026-06-20 02:48:49'),(1237,7,1,1,'Grade 6RR','T','15:00-15:45','Sabbu mam','Health','{\"source\": \"laravel-ai-master-schedule-agent\"}','2026-06-20 02:48:49','2026-06-20 02:48:49'),(1239,7,1,1,'Grade 6RR','W','15:00-15:45','Sabbu mam','Health','{\"source\": \"laravel-ai-master-schedule-agent\"}','2026-06-20 02:48:49','2026-06-20 02:48:49'),(1241,7,1,1,'Grade 6RR','M','14:05-14:45','Sabbu mam','Health','{\"source\": \"laravel-ai-master-schedule-agent\"}','2026-06-20 02:48:49','2026-06-20 02:48:49'),(1243,7,1,1,'Grade 6RR','F','15:00-15:45','Tanju mam','Science','{\"source\": \"laravel-ai-master-schedule-agent\"}','2026-06-20 02:48:49','2026-06-20 02:48:49'),(1245,7,1,2,'Grade 6TM','F','13:20-14:05','Chinese Mam','Chinese','{\"source\": \"manual-assignment\", \"is_fixed\": true}','2026-06-20 02:54:26','2026-06-20 02:54:26'),(1246,7,1,2,'Grade 6TM','M','12:05-12:45','Saliza mam','ICT','{\"source\": \"manual-assignment\", \"is_fixed\": true}','2026-06-20 02:54:26','2026-06-20 02:54:26'),(1247,7,1,2,'Grade 6TM','M','13:20-14:05','Dance Mam','Dance','{\"source\": \"manual-assignment\", \"is_fixed\": true}','2026-06-20 02:54:26','2026-06-20 02:54:26'),(1248,7,1,2,'Grade 6TM','T','12:05-12:45','Saliza mam','ICT','{\"source\": \"manual-assignment\", \"is_fixed\": true}','2026-06-20 02:54:26','2026-06-20 02:54:26'),(1249,7,1,2,'Grade 6TM','T','13:20-14:05','Game Sir','Games','{\"source\": \"manual-assignment\", \"is_fixed\": true}','2026-06-20 02:54:26','2026-06-20 02:54:26'),(1250,7,1,2,'Grade 6TM','Th','14:05-14:45','Club Sir','Club','{\"source\": \"manual-assignment\", \"is_fixed\": true}','2026-06-20 02:54:26','2026-06-20 02:54:26'),(1251,7,1,2,'Grade 6TM','W','12:05-12:45','Saliza mam','ICT','{\"source\": \"manual-assignment\", \"is_fixed\": true}','2026-06-20 02:54:26','2026-06-20 02:54:26'),(1252,7,1,2,'Grade 6TM','T','11:25-12:05','Bina mam','Social','{\"source\": \"laravel-ai-master-schedule-agent\"}','2026-06-20 02:54:26','2026-06-20 02:54:26'),(1253,7,1,2,'Grade 6TM','T','09:40-10:25','Chandika mam','Nepali','{\"source\": \"laravel-ai-master-schedule-agent\", \"is_fixed\": true}','2026-06-20 02:54:26','2026-06-20 03:47:36'),(1254,7,1,2,'Grade 6TM','T','10:35-11:15','Mohit sir','Maths','{\"source\": \"laravel-ai-master-schedule-agent\"}','2026-06-20 02:54:26','2026-06-20 02:54:26'),(1255,7,1,2,'Grade 6TM','W','10:35-11:15','Bina mam','Social','{\"source\": \"laravel-ai-master-schedule-agent\"}','2026-06-20 02:54:26','2026-06-20 02:54:26'),(1256,7,1,2,'Grade 6TM','W','09:40-10:25','Chandika mam','Nepali','{\"source\": \"laravel-ai-master-schedule-agent\", \"is_fixed\": true}','2026-06-20 02:54:26','2026-06-20 03:47:38'),(1257,7,1,2,'Grade 6TM','W','14:05-14:45','Mohit sir','Maths','{\"source\": \"laravel-ai-master-schedule-agent\"}','2026-06-20 02:54:26','2026-06-20 02:54:26'),(1258,7,1,2,'Grade 6TM','Th','10:35-11:15','Bina mam','Social','{\"source\": \"laravel-ai-master-schedule-agent\"}','2026-06-20 02:54:26','2026-06-20 02:54:26'),(1259,7,1,2,'Grade 6TM','Th','09:40-10:25','Chandika mam','Nepali','{\"source\": \"laravel-ai-master-schedule-agent\", \"is_fixed\": true}','2026-06-20 02:54:26','2026-06-20 03:47:40'),(1260,7,1,2,'Grade 6TM','Th','12:05-12:45','Mohit sir','Maths','{\"source\": \"laravel-ai-master-schedule-agent\"}','2026-06-20 02:54:26','2026-06-20 02:54:26'),(1261,7,1,2,'Grade 6TM','F','10:35-11:15','Bina mam','Social','{\"source\": \"laravel-ai-master-schedule-agent\"}','2026-06-20 02:54:26','2026-06-20 02:54:26'),(1262,7,1,2,'Grade 6TM','F','09:40-10:25','Chandika mam','Nepali','{\"source\": \"laravel-ai-master-schedule-agent\", \"is_fixed\": true}','2026-06-20 02:54:26','2026-06-20 03:47:42'),(1263,7,1,2,'Grade 6TM','F','12:05-12:45','Mohit sir','Maths','{\"source\": \"laravel-ai-master-schedule-agent\"}','2026-06-20 02:54:26','2026-06-20 02:54:26'),(1264,7,1,2,'Grade 6TM','M','11:25-12:05','Bina mam','Social','{\"source\": \"laravel-ai-master-schedule-agent\"}','2026-06-20 02:54:26','2026-06-20 02:54:26'),(1265,7,1,2,'Grade 6TM','M','09:40-10:25','Chandika mam','Nepali','{\"source\": \"laravel-ai-master-schedule-agent\", \"is_fixed\": true}','2026-06-20 02:54:26','2026-06-20 03:47:34'),(1266,7,1,2,'Grade 6TM','M','10:35-11:15','Mohit sir','Maths','{\"source\": \"laravel-ai-master-schedule-agent\"}','2026-06-20 02:54:26','2026-06-20 02:54:26'),(1267,7,1,2,'Grade 6TM','W','11:25-12:05','Tanju mam','Science','{\"source\": \"laravel-ai-master-schedule-agent\"}','2026-06-20 02:54:26','2026-06-20 02:54:26'),(1268,7,1,2,'Grade 6TM','Th','11:25-12:05','Tanju mam','Science','{\"source\": \"laravel-ai-master-schedule-agent\"}','2026-06-20 02:54:26','2026-06-20 02:54:26'),(1269,7,1,2,'Grade 6TM','F','11:25-12:05','Tanju mam','Science','{\"source\": \"laravel-ai-master-schedule-agent\"}','2026-06-20 02:54:26','2026-06-20 02:54:26'),(1270,7,1,2,'Grade 6TM','M','14:05-14:45','Tanju mam','Science','{\"source\": \"laravel-ai-master-schedule-agent\"}','2026-06-20 02:54:26','2026-06-20 02:54:26'),(1271,7,1,2,'Grade 6TM','W','13:20-14:05','Sabbu mam','Health','{\"source\": \"laravel-ai-master-schedule-agent\"}','2026-06-20 02:54:26','2026-06-20 02:54:26'),(1272,7,1,2,'Grade 6TM','Th','13:20-14:05','Sabbu mam','Health','{\"source\": \"laravel-ai-master-schedule-agent\"}','2026-06-20 02:54:26','2026-06-20 02:54:26'),(1273,7,1,2,'Grade 6TM','F','14:05-14:45','Sabbu mam','Health','{\"source\": \"laravel-ai-master-schedule-agent\"}','2026-06-20 02:54:26','2026-06-20 02:54:26'),(1274,7,1,2,'Grade 6TM','T','14:05-14:45','Awanti mam','English','{\"source\": \"laravel-ai-master-schedule-agent\"}','2026-06-20 02:54:26','2026-06-20 02:54:26'),(1275,7,1,2,'Grade 6TM','W','15:00-15:45','Awanti mam','English','{\"source\": \"laravel-ai-master-schedule-agent\"}','2026-06-20 02:54:26','2026-06-20 02:54:26'),(1276,7,1,2,'Grade 6TM','Th','15:00-15:45','Awanti mam','English','{\"source\": \"laravel-ai-master-schedule-agent\"}','2026-06-20 02:54:26','2026-06-20 02:54:26'),(1277,7,1,2,'Grade 6TM','F','15:00-15:45','Awanti mam','English','{\"source\": \"laravel-ai-master-schedule-agent\"}','2026-06-20 02:54:26','2026-06-20 02:54:26'),(1278,7,1,2,'Grade 6TM','M','15:00-15:45','Awanti mam','English','{\"source\": \"laravel-ai-master-schedule-agent\"}','2026-06-20 02:54:26','2026-06-20 02:54:26'),(1279,7,1,6,'Grade 7PM','F','09:40-10:25','Sharmila mam','Social','{\"source\": \"manual-assignment\", \"is_fixed\": true}','2026-06-20 03:00:17','2026-06-20 03:00:17'),(1280,7,1,6,'Grade 7PM','F','10:35-11:15','Archana mam','Nepali','{\"source\": \"manual-assignment\", \"is_fixed\": true}','2026-06-20 03:00:17','2026-06-20 03:00:17'),(1281,7,1,6,'Grade 7PM','F','11:25-12:05','Salina Mam','ICT','{\"source\": \"manual-assignment\", \"is_fixed\": true}','2026-06-20 03:00:17','2026-06-20 03:00:17'),(1282,7,1,6,'Grade 7PM','M','09:40-10:25','Sharmila mam','Social','{\"source\": \"manual-assignment\", \"is_fixed\": true}','2026-06-20 03:00:17','2026-06-20 03:00:17'),(1283,7,1,6,'Grade 7PM','M','10:35-11:15','Archana mam','Nepali','{\"source\": \"manual-assignment\", \"is_fixed\": true}','2026-06-20 03:00:17','2026-06-20 03:00:17'),(1284,7,1,6,'Grade 7PM','M','14:05-14:45','Dance Mam','Dance','{\"source\": \"manual-assignment\", \"is_fixed\": true}','2026-06-20 03:00:17','2026-06-20 03:00:17'),(1285,7,1,6,'Grade 7PM','T','09:40-10:25','Sharmila mam','Social','{\"source\": \"manual-assignment\", \"is_fixed\": true}','2026-06-20 03:00:17','2026-06-20 03:00:17'),(1286,7,1,6,'Grade 7PM','T','10:35-11:15','Archana mam','Nepali','{\"source\": \"manual-assignment\", \"is_fixed\": true}','2026-06-20 03:00:17','2026-06-20 03:00:17'),(1287,7,1,6,'Grade 7PM','T','15:00-15:45','Chinese Mam','Chinese','{\"source\": \"manual-assignment\", \"is_fixed\": true}','2026-06-20 03:00:17','2026-06-20 03:00:17'),(1288,7,1,6,'Grade 7PM','Th','09:40-10:25','Sharmila mam','Social','{\"source\": \"manual-assignment\", \"is_fixed\": true}','2026-06-20 03:00:17','2026-06-20 03:00:17'),(1289,7,1,6,'Grade 7PM','Th','10:35-11:15','Archana mam','Nepali','{\"source\": \"manual-assignment\", \"is_fixed\": true}','2026-06-20 03:00:17','2026-06-20 03:00:17'),(1290,7,1,6,'Grade 7PM','Th','11:25-12:05','Salina Mam','ICT','{\"source\": \"manual-assignment\", \"is_fixed\": true}','2026-06-20 03:00:17','2026-06-20 03:00:17'),(1291,7,1,6,'Grade 7PM','Th','15:00-15:45','Club Sir','Club','{\"source\": \"manual-assignment\", \"is_fixed\": true}','2026-06-20 03:00:17','2026-06-20 03:00:17'),(1292,7,1,6,'Grade 7PM','W','09:40-10:25','Sharmila mam','Social','{\"source\": \"manual-assignment\", \"is_fixed\": true}','2026-06-20 03:00:17','2026-06-20 03:00:17'),(1293,7,1,6,'Grade 7PM','W','10:35-11:15','Archana mam','Nepali','{\"source\": \"manual-assignment\", \"is_fixed\": true}','2026-06-20 03:00:17','2026-06-20 03:00:17'),(1294,7,1,6,'Grade 7PM','W','11:25-12:05','Salina Mam','ICT','{\"source\": \"manual-assignment\", \"is_fixed\": true}','2026-06-20 03:00:17','2026-06-20 03:00:17'),(1295,7,1,6,'Grade 7PM','W','14:05-14:45','Game Sir','Games','{\"source\": \"manual-assignment\", \"is_fixed\": true}','2026-06-20 03:00:17','2026-06-20 03:00:17'),(1296,7,1,6,'Grade 7PM','T','13:20-14:05','Mohit sir','Maths','{\"source\": \"laravel-ai-master-schedule-agent\"}','2026-06-20 03:00:17','2026-06-20 03:00:17'),(1297,7,1,6,'Grade 7PM','W','12:05-12:45','Mohit sir','Maths','{\"source\": \"laravel-ai-master-schedule-agent\"}','2026-06-20 03:00:17','2026-06-20 03:00:17'),(1298,7,1,6,'Grade 7PM','Th','14:05-14:45','Mohit sir','Maths','{\"source\": \"laravel-ai-master-schedule-agent\"}','2026-06-20 03:00:17','2026-06-20 03:00:17'),(1299,7,1,6,'Grade 7PM','F','14:05-14:45','Mohit sir','Maths','{\"source\": \"laravel-ai-master-schedule-agent\"}','2026-06-20 03:00:17','2026-06-20 03:00:17'),(1300,7,1,6,'Grade 7PM','M','13:20-14:05','Mohit sir','Maths','{\"source\": \"laravel-ai-master-schedule-agent\"}','2026-06-20 03:00:17','2026-06-20 03:00:17'),(1301,7,1,6,'Grade 7PM','T','11:25-12:05','Sabbu mam','Health','{\"source\": \"laravel-ai-master-schedule-agent\"}','2026-06-20 03:00:17','2026-06-20 03:00:17'),(1302,7,1,6,'Grade 7PM','Th','12:05-12:45','Sabbu mam','Health','{\"source\": \"laravel-ai-master-schedule-agent\"}','2026-06-20 03:00:17','2026-06-20 03:00:17'),(1303,7,1,6,'Grade 7PM','F','12:05-12:45','Sabbu mam','Health','{\"source\": \"laravel-ai-master-schedule-agent\"}','2026-06-20 03:00:17','2026-06-20 03:00:17'),(1304,7,1,6,'Grade 7PM','T','12:05-12:45','Awanti mam','English','{\"source\": \"laravel-ai-master-schedule-agent\"}','2026-06-20 03:00:17','2026-06-20 03:00:17'),(1305,7,1,6,'Grade 7PM','W','13:20-14:05','Awanti mam','English','{\"source\": \"laravel-ai-master-schedule-agent\"}','2026-06-20 03:00:17','2026-06-20 03:00:17'),(1306,7,1,6,'Grade 7PM','Th','13:20-14:05','Awanti mam','English','{\"source\": \"laravel-ai-master-schedule-agent\"}','2026-06-20 03:00:17','2026-06-20 03:00:17'),(1307,7,1,6,'Grade 7PM','F','13:20-14:05','Awanti mam','English','{\"source\": \"laravel-ai-master-schedule-agent\"}','2026-06-20 03:00:17','2026-06-20 03:00:17'),(1308,7,1,6,'Grade 7PM','M','11:25-12:05','Awanti mam','English','{\"source\": \"laravel-ai-master-schedule-agent\"}','2026-06-20 03:00:17','2026-06-20 03:00:17'),(1309,7,1,6,'Grade 7PM','T','14:05-14:45','Pratibha mam','Science','{\"source\": \"laravel-ai-master-schedule-agent\"}','2026-06-20 03:00:17','2026-06-20 03:00:17'),(1310,7,1,6,'Grade 7PM','W','15:00-15:45','Pratibha mam','Science','{\"source\": \"laravel-ai-master-schedule-agent\"}','2026-06-20 03:00:17','2026-06-20 03:00:17'),(1311,7,1,6,'Grade 7PM','F','15:00-15:45','Pratibha mam','Science','{\"source\": \"laravel-ai-master-schedule-agent\"}','2026-06-20 03:00:17','2026-06-20 03:00:17'),(1312,7,1,6,'Grade 7PM','M','12:05-12:45','Pratibha mam','Science','{\"source\": \"laravel-ai-master-schedule-agent\"}','2026-06-20 03:00:17','2026-06-20 03:00:17'),(1313,7,1,4,'Grade 7RR','F','11:25-12:05','Saliza mam','ICT','{\"source\": \"manual-assignment\", \"is_fixed\": true}','2026-06-20 03:05:09','2026-06-20 03:05:09'),(1314,7,1,4,'Grade 7RR','F','15:00-15:45','Sharmila mam','Social','{\"source\": \"manual-assignment\", \"is_fixed\": true}','2026-06-20 03:05:09','2026-06-20 03:05:09'),(1315,7,1,4,'Grade 7RR','M','11:25-12:05','Saliza mam','ICT','{\"source\": \"manual-assignment\", \"is_fixed\": true}','2026-06-20 03:05:09','2026-06-20 03:05:09'),(1316,7,1,4,'Grade 7RR','M','14:05-14:45','Dance Mam','Dance','{\"source\": \"manual-assignment\", \"is_fixed\": true}','2026-06-20 03:05:09','2026-06-20 03:05:09'),(1317,7,1,4,'Grade 7RR','M','15:00-15:45','Sharmila mam','Social','{\"source\": \"manual-assignment\", \"is_fixed\": true}','2026-06-20 03:05:09','2026-06-20 03:05:09'),(1318,7,1,4,'Grade 7RR','T','11:25-12:05','Saliza mam','ICT','{\"source\": \"manual-assignment\", \"is_fixed\": true}','2026-06-20 03:05:09','2026-06-20 03:05:09'),(1319,7,1,4,'Grade 7RR','T','14:05-14:45','Chinese Mam','Chinese','{\"source\": \"manual-assignment\", \"is_fixed\": true}','2026-06-20 03:05:09','2026-06-20 03:05:09'),(1320,7,1,4,'Grade 7RR','T','15:00-15:45','Sharmila mam','Social','{\"source\": \"manual-assignment\", \"is_fixed\": true}','2026-06-20 03:05:09','2026-06-20 03:05:09'),(1321,7,1,4,'Grade 7RR','Th','14:05-14:45','Sharmila mam','Social','{\"source\": \"manual-assignment\", \"is_fixed\": true}','2026-06-20 03:05:09','2026-06-20 03:05:09'),(1322,7,1,4,'Grade 7RR','Th','15:00-15:45','Club Sir','Club','{\"source\": \"manual-assignment\", \"is_fixed\": true}','2026-06-20 03:05:09','2026-06-20 03:05:09'),(1323,7,1,4,'Grade 7RR','W','14:05-14:45','Game Sir','Games','{\"source\": \"manual-assignment\", \"is_fixed\": true}','2026-06-20 03:05:09','2026-06-20 03:05:09'),(1324,7,1,4,'Grade 7RR','W','15:00-15:45','Sharmila mam','Social','{\"source\": \"manual-assignment\", \"is_fixed\": true}','2026-06-20 03:05:09','2026-06-20 03:05:09'),(1325,7,1,4,'Grade 7RR','T','12:05-12:45','Chandika mam','Nepali','{\"source\": \"laravel-ai-master-schedule-agent\"}','2026-06-20 03:05:09','2026-06-20 03:05:09'),(1326,7,1,4,'Grade 7RR','W','11:25-12:05','Chandika mam','Nepali','{\"source\": \"laravel-ai-master-schedule-agent\"}','2026-06-20 03:05:09','2026-06-20 03:05:09'),(1327,7,1,4,'Grade 7RR','Th','11:25-12:05','Chandika mam','Nepali','{\"source\": \"laravel-ai-master-schedule-agent\"}','2026-06-20 03:05:09','2026-06-20 03:05:09'),(1328,7,1,4,'Grade 7RR','F','13:20-14:05','Chandika mam','Nepali','{\"source\": \"laravel-ai-master-schedule-agent\"}','2026-06-20 03:05:09','2026-06-20 03:05:09'),(1329,7,1,4,'Grade 7RR','M','12:05-12:45','Chandika mam','Nepali','{\"source\": \"laravel-ai-master-schedule-agent\"}','2026-06-20 03:05:09','2026-06-20 03:05:09'),(1330,7,1,4,'Grade 7RR','T','10:35-11:15','Sabbu mam','Health','{\"source\": \"laravel-ai-master-schedule-agent\"}','2026-06-20 03:05:09','2026-06-20 03:05:09'),(1332,7,1,4,'Grade 7RR','W','10:35-11:15','Sabbu mam','Health','{\"source\": \"laravel-ai-master-schedule-agent\"}','2026-06-20 03:05:09','2026-06-20 03:05:09'),(1334,7,1,4,'Grade 7RR','Th','10:35-11:15','Sabbu mam','Health','{\"source\": \"laravel-ai-master-schedule-agent\"}','2026-06-20 03:05:09','2026-06-20 03:05:09'),(1335,7,1,4,'Grade 7RR','Th','09:40-10:25','Tanju mam','Science','{\"source\": \"laravel-ai-master-schedule-agent\"}','2026-06-20 03:05:09','2026-06-20 03:05:09'),(1336,7,1,4,'Grade 7RR','F','10:35-11:15','Tanju mam','Science','{\"source\": \"laravel-ai-master-schedule-agent\"}','2026-06-20 03:05:09','2026-06-20 03:05:09'),(1337,7,1,4,'Grade 7RR','M','10:35-11:15','Tanju mam','Science','{\"source\": \"laravel-ai-master-schedule-agent\"}','2026-06-20 03:05:09','2026-06-20 03:05:09'),(1338,7,1,4,'Grade 7RR','T','13:20-14:05','Awanti mam','English','{\"source\": \"laravel-ai-master-schedule-agent\"}','2026-06-20 03:05:09','2026-06-20 03:05:09'),(1339,7,1,4,'Grade 7RR','W','12:05-12:45','Awanti mam','English','{\"source\": \"laravel-ai-master-schedule-agent\"}','2026-06-20 03:05:09','2026-06-20 03:05:09'),(1340,7,1,4,'Grade 7RR','Th','12:05-12:45','Awanti mam','English','{\"source\": \"laravel-ai-master-schedule-agent\"}','2026-06-20 03:05:09','2026-06-20 03:05:09'),(1341,7,1,4,'Grade 7RR','F','09:40-10:25','Awanti mam','English','{\"source\": \"laravel-ai-master-schedule-agent\"}','2026-06-20 03:05:09','2026-06-20 03:05:09'),(1342,7,1,4,'Grade 7RR','M','09:40-10:25','Awanti mam','English','{\"source\": \"laravel-ai-master-schedule-agent\"}','2026-06-20 03:05:09','2026-06-20 03:05:09'),(1343,7,1,4,'Grade 7RR','W','13:20-14:05','Monika mam','Maths','{\"source\": \"laravel-ai-master-schedule-agent\"}','2026-06-20 03:05:09','2026-06-20 03:05:09'),(1344,7,1,4,'Grade 7RR','Th','13:20-14:05','Monika mam','Maths','{\"source\": \"laravel-ai-master-schedule-agent\"}','2026-06-20 03:05:09','2026-06-20 03:05:09'),(1345,7,1,4,'Grade 7RR','F','12:05-12:45','Monika mam','Maths','{\"source\": \"laravel-ai-master-schedule-agent\"}','2026-06-20 03:05:09','2026-06-20 03:05:09'),(1346,7,1,4,'Grade 7RR','M','13:20-14:05','Monika mam','Maths','{\"source\": \"laravel-ai-master-schedule-agent\"}','2026-06-20 03:05:09','2026-06-20 03:05:09'),(1347,7,1,5,'Grade 7TM','F','10:35-11:15','Salina Mam','ICT','{\"source\": \"manual-assignment\", \"is_fixed\": true}','2026-06-20 03:09:42','2026-06-20 03:09:42'),(1348,7,1,5,'Grade 7TM','F','11:25-12:05','Chinese Mam','Chinese','{\"source\": \"manual-assignment\", \"is_fixed\": true}','2026-06-20 03:09:42','2026-06-20 03:09:42'),(1349,7,1,5,'Grade 7TM','F','13:20-14:05','Sharmila mam','Social','{\"source\": \"manual-assignment\", \"is_fixed\": true}','2026-06-20 03:09:42','2026-06-20 03:09:42'),(1350,7,1,5,'Grade 7TM','M','13:20-14:05','Sharmila mam','Social','{\"source\": \"manual-assignment\", \"is_fixed\": true}','2026-06-20 03:09:42','2026-06-20 03:09:42'),(1351,7,1,5,'Grade 7TM','M','14:05-14:45','Dance Mam','Dance','{\"source\": \"manual-assignment\", \"is_fixed\": true}','2026-06-20 03:09:42','2026-06-20 03:09:42'),(1352,7,1,5,'Grade 7TM','T','13:20-14:05','Sharmila mam','Social','{\"source\": \"manual-assignment\", \"is_fixed\": true}','2026-06-20 03:09:42','2026-06-20 03:09:42'),(1353,7,1,5,'Grade 7TM','T','14:05-14:45','Sabbu mam','Health','{\"source\": \"manual-assignment\", \"is_fixed\": true}','2026-06-20 03:09:42','2026-06-20 03:09:42'),(1354,7,1,5,'Grade 7TM','Th','10:35-11:15','Salina Mam','ICT','{\"source\": \"manual-assignment\", \"is_fixed\": true}','2026-06-20 03:09:42','2026-06-20 03:09:42'),(1355,7,1,5,'Grade 7TM','Th','13:20-14:05','Sharmila mam','Social','{\"source\": \"manual-assignment\", \"is_fixed\": true}','2026-06-20 03:09:42','2026-06-20 03:09:42'),(1356,7,1,5,'Grade 7TM','Th','15:00-15:45','Club Sir','Club','{\"source\": \"manual-assignment\", \"is_fixed\": true}','2026-06-20 03:09:42','2026-06-20 03:09:42'),(1357,7,1,5,'Grade 7TM','W','10:35-11:15','Salina Mam','ICT','{\"source\": \"manual-assignment\", \"is_fixed\": true}','2026-06-20 03:09:42','2026-06-20 03:09:42'),(1358,7,1,5,'Grade 7TM','W','13:20-14:05','Sharmila mam','Social','{\"source\": \"manual-assignment\", \"is_fixed\": true}','2026-06-20 03:09:42','2026-06-20 03:09:42'),(1359,7,1,5,'Grade 7TM','W','14:05-14:45','Game Sir','Games','{\"source\": \"manual-assignment\", \"is_fixed\": true}','2026-06-20 03:09:42','2026-06-20 03:09:42'),(1360,7,1,5,'Grade 7TM','T','15:00-15:45','Chandika mam','Nepali','{\"source\": \"laravel-ai-master-schedule-agent\"}','2026-06-20 03:09:42','2026-06-20 03:09:42'),(1362,7,1,5,'Grade 7TM','W','15:00-15:45','Chandika mam','Nepali','{\"source\": \"laravel-ai-master-schedule-agent\"}','2026-06-20 03:09:42','2026-06-20 03:09:42'),(1364,7,1,5,'Grade 7TM','Th','14:05-14:45','Chandika mam','Nepali','{\"source\": \"laravel-ai-master-schedule-agent\"}','2026-06-20 03:09:42','2026-06-20 03:09:42'),(1365,7,1,5,'Grade 7TM','Th','09:40-10:25','Mohit sir','Maths','{\"source\": \"laravel-ai-master-schedule-agent\"}','2026-06-20 03:09:42','2026-06-20 03:09:42'),(1366,7,1,5,'Grade 7TM','F','14:05-14:45','Chandika mam','Nepali','{\"source\": \"laravel-ai-master-schedule-agent\"}','2026-06-20 03:09:42','2026-06-20 03:09:42'),(1367,7,1,5,'Grade 7TM','F','09:40-10:25','Mohit sir','Maths','{\"source\": \"laravel-ai-master-schedule-agent\"}','2026-06-20 03:09:42','2026-06-20 03:09:42'),(1368,7,1,5,'Grade 7TM','M','15:00-15:45','Chandika mam','Nepali','{\"source\": \"laravel-ai-master-schedule-agent\"}','2026-06-20 03:09:42','2026-06-20 03:09:42'),(1370,7,1,5,'Grade 7TM','T','10:35-11:15','Awanti mam','English','{\"source\": \"laravel-ai-master-schedule-agent\"}','2026-06-20 03:09:42','2026-06-20 03:09:42'),(1371,7,1,5,'Grade 7TM','W','11:25-12:05','Awanti mam','English','{\"source\": \"laravel-ai-master-schedule-agent\"}','2026-06-20 03:09:42','2026-06-20 03:09:42'),(1372,7,1,5,'Grade 7TM','Th','11:25-12:05','Awanti mam','English','{\"source\": \"laravel-ai-master-schedule-agent\"}','2026-06-20 03:09:42','2026-06-20 03:09:42'),(1373,7,1,5,'Grade 7TM','F','12:05-12:45','Awanti mam','English','{\"source\": \"laravel-ai-master-schedule-agent\"}','2026-06-20 03:09:42','2026-06-20 03:09:42'),(1374,7,1,5,'Grade 7TM','M','10:35-11:15','Awanti mam','English','{\"source\": \"laravel-ai-master-schedule-agent\"}','2026-06-20 03:09:42','2026-06-20 03:09:42'),(1375,7,1,5,'Grade 7TM','T','11:25-12:05','Pratibha mam','Science','{\"source\": \"laravel-ai-master-schedule-agent\"}','2026-06-20 03:09:42','2026-06-20 03:09:42'),(1376,7,1,5,'Grade 7TM','W','12:05-12:45','Pratibha mam','Science','{\"source\": \"laravel-ai-master-schedule-agent\"}','2026-06-20 03:09:42','2026-06-20 03:09:42'),(1377,7,1,5,'Grade 7TM','Th','12:05-12:45','Pratibha mam','Science','{\"source\": \"laravel-ai-master-schedule-agent\"}','2026-06-20 03:09:42','2026-06-20 03:09:42'),(1378,7,1,5,'Grade 7TM','M','11:25-12:05','Pratibha mam','Science','{\"source\": \"laravel-ai-master-schedule-agent\"}','2026-06-20 03:09:42','2026-06-20 03:09:42'),(1379,7,1,9,'Grade 8PM','F','09:40-10:25','Saliza mam','ICT','{\"source\": \"manual-assignment\", \"is_fixed\": true}','2026-06-20 03:14:24','2026-06-20 03:14:24'),(1380,7,1,9,'Grade 8PM','F','13:20-14:05','Archana mam','Nepali','{\"source\": \"manual-assignment\", \"is_fixed\": true}','2026-06-20 03:14:24','2026-06-20 03:14:24'),(1381,7,1,9,'Grade 8PM','F','15:00-15:45','Sandhya mam','English','{\"source\": \"manual-assignment\", \"is_fixed\": true}','2026-06-20 03:14:24','2026-06-20 03:14:24'),(1382,7,1,9,'Grade 8PM','M','11:25-12:05','Archana mam','Nepali','{\"source\": \"manual-assignment\", \"is_fixed\": true}','2026-06-20 03:14:24','2026-06-20 03:14:24'),(1383,7,1,9,'Grade 8PM','M','15:00-15:45','Sandhya mam','English','{\"source\": \"manual-assignment\", \"is_fixed\": true}','2026-06-20 03:14:24','2026-06-20 03:14:24'),(1384,7,1,9,'Grade 8PM','T','11:25-12:05','Archana mam','Nepali','{\"source\": \"manual-assignment\", \"is_fixed\": true}','2026-06-20 03:14:24','2026-06-20 03:14:24'),(1385,7,1,9,'Grade 8PM','T','15:00-15:45','Sandhya mam','English','{\"source\": \"manual-assignment\", \"is_fixed\": true}','2026-06-20 03:14:24','2026-06-20 03:14:24'),(1386,7,1,9,'Grade 8PM','Th','09:40-10:25','Saliza mam','ICT','{\"source\": \"manual-assignment\", \"is_fixed\": true}','2026-06-20 03:14:24','2026-06-20 03:14:24'),(1387,7,1,9,'Grade 8PM','Th','13:20-14:05','Archana mam','Nepali','{\"source\": \"manual-assignment\", \"is_fixed\": true}','2026-06-20 03:14:24','2026-06-20 03:14:24'),(1388,7,1,9,'Grade 8PM','Th','14:05-14:45','Sandhya mam','English','{\"source\": \"manual-assignment\", \"is_fixed\": true}','2026-06-20 03:14:24','2026-06-20 03:14:24'),(1389,7,1,9,'Grade 8PM','Th','15:00-15:45','Club Sir','Club','{\"source\": \"manual-assignment\", \"is_fixed\": true}','2026-06-20 03:14:24','2026-06-20 03:14:24'),(1390,7,1,9,'Grade 8PM','W','11:25-12:05','Saliza mam','ICT','{\"source\": \"manual-assignment\", \"is_fixed\": true}','2026-06-20 03:14:24','2026-06-20 03:14:24'),(1391,7,1,9,'Grade 8PM','W','13:20-14:05','Archana mam','Nepali','{\"source\": \"manual-assignment\", \"is_fixed\": true}','2026-06-20 03:14:24','2026-06-20 03:14:24'),(1392,7,1,9,'Grade 8PM','W','14:05-14:45','Sandhya mam','English','{\"source\": \"manual-assignment\", \"is_fixed\": true}','2026-06-20 03:14:24','2026-06-20 03:14:24'),(1393,7,1,9,'Grade 8PM','W','15:00-15:45','Game Sir','Games','{\"source\": \"manual-assignment\", \"is_fixed\": true}','2026-06-20 03:14:24','2026-06-20 03:14:24'),(1394,7,1,9,'Grade 8PM','T','12:05-12:45','Sabbu mam','Health','{\"source\": \"laravel-ai-master-schedule-agent\"}','2026-06-20 03:14:24','2026-06-20 03:14:24'),(1395,7,1,9,'Grade 8PM','W','12:05-12:45','Sabbu mam','Health','{\"source\": \"laravel-ai-master-schedule-agent\"}','2026-06-20 03:14:24','2026-06-20 03:14:24'),(1396,7,1,9,'Grade 8PM','T','13:20-14:05','Bina mam','Social','{\"source\": \"laravel-ai-master-schedule-agent\"}','2026-06-20 03:14:24','2026-06-20 03:14:24'),(1397,7,1,9,'Grade 8PM','Th','12:05-12:45','Bina mam','Social','{\"source\": \"laravel-ai-master-schedule-agent\"}','2026-06-20 03:14:24','2026-06-20 03:14:24'),(1398,7,1,9,'Grade 8PM','F','12:05-12:45','Bina mam','Social','{\"source\": \"laravel-ai-master-schedule-agent\"}','2026-06-20 03:14:24','2026-06-20 03:14:24'),(1399,7,1,9,'Grade 8PM','M','12:05-12:45','Bina mam','Social','{\"source\": \"laravel-ai-master-schedule-agent\"}','2026-06-20 03:14:24','2026-06-20 03:14:24'),(1400,7,1,9,'Grade 8PM','T','09:40-10:25','Pratibha mam','Science','{\"source\": \"laravel-ai-master-schedule-agent\"}','2026-06-20 03:14:24','2026-06-20 03:14:24'),(1401,7,1,9,'Grade 8PM','W','09:40-10:25','Pratibha mam','Science','{\"source\": \"laravel-ai-master-schedule-agent\"}','2026-06-20 03:14:24','2026-06-20 03:14:24'),(1402,7,1,9,'Grade 8PM','Th','10:35-11:15','Pratibha mam','Science','{\"source\": \"laravel-ai-master-schedule-agent\"}','2026-06-20 03:14:24','2026-06-20 03:14:24'),(1403,7,1,9,'Grade 8PM','T','10:35-11:15','Monika mam','Maths','{\"source\": \"laravel-ai-master-schedule-agent\"}','2026-06-20 03:14:24','2026-06-20 03:14:24'),(1404,7,1,9,'Grade 8PM','T','14:05-14:45','Monika mam','Opt Maths','{\"source\": \"laravel-ai-master-schedule-agent\"}','2026-06-20 03:14:24','2026-06-20 03:14:24'),(1405,7,1,9,'Grade 8PM','W','10:35-11:15','Monika mam','Maths','{\"source\": \"laravel-ai-master-schedule-agent\"}','2026-06-20 03:14:24','2026-06-20 03:14:24'),(1406,7,1,9,'Grade 8PM','Th','11:25-12:05','Monika mam','Opt Maths','{\"source\": \"laravel-ai-master-schedule-agent\"}','2026-06-20 03:14:24','2026-06-20 03:14:24'),(1407,7,1,9,'Grade 8PM','F','10:35-11:15','Monika mam','Maths','{\"source\": \"laravel-ai-master-schedule-agent\"}','2026-06-20 03:14:24','2026-06-20 03:14:24'),(1408,7,1,9,'Grade 8PM','F','11:25-12:05','Monika mam','Opt Maths','{\"source\": \"laravel-ai-master-schedule-agent\"}','2026-06-20 03:14:24','2026-06-20 03:14:24'),(1409,7,1,9,'Grade 8PM','M','09:40-10:25','Monika mam','Maths','{\"source\": \"laravel-ai-master-schedule-agent\"}','2026-06-20 03:14:24','2026-06-20 03:14:24'),(1410,7,1,7,'Grade 8RR','F','12:05-12:45','Salina Mam','ICT','{\"source\": \"manual-assignment\", \"is_fixed\": true}','2026-06-20 03:20:11','2026-06-20 03:20:11'),(1411,7,1,7,'Grade 8RR','F','14:05-14:45','Archana mam','Nepali','{\"source\": \"manual-assignment\", \"is_fixed\": true}','2026-06-20 03:20:11','2026-06-20 03:20:11'),(1412,7,1,7,'Grade 8RR','F','15:00-15:45','Nabin sir','Opt Maths','{\"source\": \"manual-assignment\", \"is_fixed\": true}','2026-06-20 03:20:11','2026-06-20 03:20:11'),(1413,7,1,7,'Grade 8RR','M','14:05-14:45','Archana mam','Nepali','{\"source\": \"manual-assignment\", \"is_fixed\": true}','2026-06-20 03:20:11','2026-06-20 03:20:11'),(1414,7,1,7,'Grade 8RR','M','15:00-15:45','Nabin sir','Opt Maths','{\"source\": \"manual-assignment\", \"is_fixed\": true}','2026-06-20 03:20:11','2026-06-20 03:20:11'),(1415,7,1,7,'Grade 8RR','T','14:05-14:45','Archana mam','Nepali','{\"source\": \"manual-assignment\", \"is_fixed\": true}','2026-06-20 03:20:11','2026-06-20 03:20:11'),(1416,7,1,7,'Grade 8RR','T','15:00-15:45','Nabin sir','Opt Maths','{\"source\": \"manual-assignment\", \"is_fixed\": true}','2026-06-20 03:20:11','2026-06-20 03:20:11'),(1417,7,1,7,'Grade 8RR','Th','12:05-12:45','Salina Mam','ICT','{\"source\": \"manual-assignment\", \"is_fixed\": true}','2026-06-20 03:20:11','2026-06-20 03:20:11'),(1418,7,1,7,'Grade 8RR','Th','14:05-14:45','Archana mam','Nepali','{\"source\": \"manual-assignment\", \"is_fixed\": true}','2026-06-20 03:20:11','2026-06-20 03:20:11'),(1419,7,1,7,'Grade 8RR','Th','15:00-15:45','Club Sir','Club','{\"source\": \"manual-assignment\", \"is_fixed\": true}','2026-06-20 03:20:11','2026-06-20 03:20:11'),(1420,7,1,7,'Grade 8RR','W','12:05-12:45','Salina Mam','ICT','{\"source\": \"manual-assignment\", \"is_fixed\": true}','2026-06-20 03:20:11','2026-06-20 03:20:11'),(1421,7,1,7,'Grade 8RR','W','14:05-14:45','Archana mam','Nepali','{\"source\": \"manual-assignment\", \"is_fixed\": true}','2026-06-20 03:20:11','2026-06-20 03:20:11'),(1422,7,1,7,'Grade 8RR','W','15:00-15:45','Game Sir','Games','{\"source\": \"manual-assignment\", \"is_fixed\": true}','2026-06-20 03:20:11','2026-06-20 03:20:11'),(1423,7,1,7,'Grade 8RR','T','09:40-10:25','Awanti mam','English','{\"source\": \"laravel-ai-master-schedule-agent\"}','2026-06-20 03:20:11','2026-06-20 03:20:11'),(1424,7,1,7,'Grade 8RR','W','09:40-10:25','Awanti mam','English','{\"source\": \"laravel-ai-master-schedule-agent\"}','2026-06-20 03:20:11','2026-06-20 03:20:11'),(1425,7,1,7,'Grade 8RR','Th','09:40-10:25','Awanti mam','English','{\"source\": \"laravel-ai-master-schedule-agent\"}','2026-06-20 03:20:11','2026-06-20 03:20:11'),(1426,7,1,7,'Grade 8RR','F','10:35-11:15','Awanti mam','English','{\"source\": \"laravel-ai-master-schedule-agent\"}','2026-06-20 03:20:11','2026-06-20 03:20:11'),(1427,7,1,7,'Grade 8RR','M','12:05-12:45','Awanti mam','English','{\"source\": \"laravel-ai-master-schedule-agent\"}','2026-06-20 03:20:11','2026-06-20 03:20:11'),(1428,7,1,7,'Grade 8RR','T','12:05-12:45','Bina mam','Social','{\"source\": \"laravel-ai-master-schedule-agent\"}','2026-06-20 03:20:11','2026-06-20 03:20:11'),(1429,7,1,7,'Grade 8RR','W','13:20-14:05','Bina mam','Social','{\"source\": \"laravel-ai-master-schedule-agent\"}','2026-06-20 03:20:11','2026-06-20 03:20:11'),(1430,7,1,7,'Grade 8RR','Th','13:20-14:05','Bina mam','Social','{\"source\": \"laravel-ai-master-schedule-agent\"}','2026-06-20 03:20:11','2026-06-20 03:20:11'),(1431,7,1,7,'Grade 8RR','F','13:20-14:05','Bina mam','Social','{\"source\": \"laravel-ai-master-schedule-agent\"}','2026-06-20 03:20:11','2026-06-20 03:20:11'),(1432,7,1,7,'Grade 8RR','M','13:20-14:05','Bina mam','Social','{\"source\": \"laravel-ai-master-schedule-agent\"}','2026-06-20 03:20:11','2026-06-20 03:20:11'),(1433,7,1,7,'Grade 8RR','T','13:20-14:05','Sabbu mam','Health','{\"source\": \"laravel-ai-master-schedule-agent\"}','2026-06-20 03:20:11','2026-06-20 03:20:11'),(1434,7,1,7,'Grade 8RR','W','11:25-12:05','Sabbu mam','Health','{\"source\": \"laravel-ai-master-schedule-agent\"}','2026-06-20 03:20:11','2026-06-20 03:20:11'),(1435,7,1,7,'Grade 8RR','T','11:25-12:05','Monika mam','Maths','{\"source\": \"laravel-ai-master-schedule-agent\"}','2026-06-20 03:20:11','2026-06-20 03:20:11'),(1436,7,1,7,'Grade 8RR','T','10:35-11:15','Pratibha mam','Science','{\"source\": \"laravel-ai-master-schedule-agent\"}','2026-06-20 03:20:11','2026-06-20 03:20:11'),(1437,7,1,7,'Grade 8RR','Th','10:35-11:15','Monika mam','Maths','{\"source\": \"laravel-ai-master-schedule-agent\"}','2026-06-20 03:20:11','2026-06-20 03:20:11'),(1438,7,1,7,'Grade 8RR','W','10:35-11:15','Pratibha mam','Science','{\"source\": \"laravel-ai-master-schedule-agent\"}','2026-06-20 03:20:11','2026-06-20 03:20:11'),(1439,7,1,7,'Grade 8RR','F','09:40-10:25','Monika mam','Maths','{\"source\": \"laravel-ai-master-schedule-agent\"}','2026-06-20 03:20:11','2026-06-20 03:20:11'),(1440,7,1,7,'Grade 8RR','Th','11:25-12:05','Pratibha mam','Science','{\"source\": \"laravel-ai-master-schedule-agent\"}','2026-06-20 03:20:11','2026-06-20 03:20:11'),(1441,7,1,7,'Grade 8RR','M','10:35-11:15','Monika mam','Maths','{\"source\": \"laravel-ai-master-schedule-agent\"}','2026-06-20 03:20:11','2026-06-20 03:20:11'),(1442,7,1,7,'Grade 8RR','F','11:25-12:05','Pratibha mam','Science','{\"source\": \"laravel-ai-master-schedule-agent\"}','2026-06-20 03:20:11','2026-06-20 03:20:11'),(1443,7,1,7,'Grade 8RR','M','09:40-10:25','Pratibha mam','Science','{\"source\": \"laravel-ai-master-schedule-agent\"}','2026-06-20 03:20:11','2026-06-20 03:20:11'),(1444,7,1,8,'Grade 8TM','F','09:40-10:25','Salina Mam','ICT','{\"source\": \"manual-assignment\", \"is_fixed\": true}','2026-06-20 03:24:41','2026-06-20 03:24:41'),(1445,7,1,8,'Grade 8TM','F','10:35-11:15','Sandhya mam','English','{\"source\": \"manual-assignment\", \"is_fixed\": true}','2026-06-20 03:24:41','2026-06-20 03:24:41'),(1446,7,1,8,'Grade 8TM','F','11:25-12:05','Sharmila mam','Social','{\"source\": \"manual-assignment\", \"is_fixed\": true}','2026-06-20 03:24:41','2026-06-20 03:24:41'),(1447,7,1,8,'Grade 8TM','F','12:05-12:45','Archana mam','Nepali','{\"source\": \"manual-assignment\", \"is_fixed\": true}','2026-06-20 03:24:41','2026-06-20 03:24:41'),(1448,7,1,8,'Grade 8TM','M','10:35-11:15','Sandhya mam','English','{\"source\": \"manual-assignment\", \"is_fixed\": true}','2026-06-20 03:24:41','2026-06-20 03:24:41'),(1449,7,1,8,'Grade 8TM','M','11:25-12:05','Sharmila mam','Social','{\"source\": \"manual-assignment\", \"is_fixed\": true}','2026-06-20 03:24:41','2026-06-20 03:24:41'),(1450,7,1,8,'Grade 8TM','M','12:05-12:45','Archana mam','Nepali','{\"source\": \"manual-assignment\", \"is_fixed\": true}','2026-06-20 03:24:41','2026-06-20 03:24:41'),(1451,7,1,8,'Grade 8TM','T','10:35-11:15','Sandhya mam','English','{\"source\": \"manual-assignment\", \"is_fixed\": true}','2026-06-20 03:24:41','2026-06-20 03:24:41'),(1452,7,1,8,'Grade 8TM','T','12:05-12:45','Archana mam','Nepali','{\"source\": \"manual-assignment\", \"is_fixed\": true}','2026-06-20 03:24:41','2026-06-20 03:24:41'),(1453,7,1,8,'Grade 8TM','T','14:05-14:45','Sharmila mam','Social','{\"source\": \"manual-assignment\", \"is_fixed\": true}','2026-06-20 03:24:41','2026-06-20 03:24:41'),(1454,7,1,8,'Grade 8TM','Th','09:40-10:25','Salina Mam','ICT','{\"source\": \"manual-assignment\", \"is_fixed\": true}','2026-06-20 03:24:41','2026-06-20 03:24:41'),(1455,7,1,8,'Grade 8TM','Th','10:35-11:15','Sandhya mam','English','{\"source\": \"manual-assignment\", \"is_fixed\": true}','2026-06-20 03:24:41','2026-06-20 03:24:41'),(1456,7,1,8,'Grade 8TM','Th','11:25-12:05','Sharmila mam','Social','{\"source\": \"manual-assignment\", \"is_fixed\": true}','2026-06-20 03:24:41','2026-06-20 03:24:41'),(1457,7,1,8,'Grade 8TM','Th','12:05-12:45','Archana mam','Nepali','{\"source\": \"manual-assignment\", \"is_fixed\": true}','2026-06-20 03:24:41','2026-06-20 03:24:41'),(1458,7,1,8,'Grade 8TM','Th','15:00-15:45','Club Sir','Club','{\"source\": \"manual-assignment\", \"is_fixed\": true}','2026-06-20 03:24:41','2026-06-20 03:24:41'),(1459,7,1,8,'Grade 8TM','W','09:40-10:25','Salina Mam','ICT','{\"source\": \"manual-assignment\", \"is_fixed\": true}','2026-06-20 03:24:41','2026-06-20 03:24:41'),(1460,7,1,8,'Grade 8TM','W','10:35-11:15','Sandhya mam','English','{\"source\": \"manual-assignment\", \"is_fixed\": true}','2026-06-20 03:24:41','2026-06-20 03:24:41'),(1461,7,1,8,'Grade 8TM','W','12:05-12:45','Archana mam','Nepali','{\"source\": \"manual-assignment\", \"is_fixed\": true}','2026-06-20 03:24:41','2026-06-20 03:24:41'),(1462,7,1,8,'Grade 8TM','W','14:05-14:45','Sharmila mam','Social','{\"source\": \"manual-assignment\", \"is_fixed\": true}','2026-06-20 03:24:41','2026-06-20 03:24:41'),(1463,7,1,8,'Grade 8TM','W','15:00-15:45','Game Sir','Games','{\"source\": \"manual-assignment\", \"is_fixed\": true}','2026-06-20 03:24:41','2026-06-20 03:24:41'),(1464,7,1,8,'Grade 8TM','Th','14:05-14:45','Sabbu mam','Health','{\"source\": \"laravel-ai-master-schedule-agent\"}','2026-06-20 03:24:41','2026-06-20 03:24:41'),(1465,7,1,8,'Grade 8TM','F','13:20-14:05','Sabbu mam','Health','{\"source\": \"laravel-ai-master-schedule-agent\"}','2026-06-20 03:24:41','2026-06-20 03:24:41'),(1466,7,1,8,'Grade 8TM','T','13:20-14:05','Pratibha mam','Science','{\"source\": \"laravel-ai-master-schedule-agent\"}','2026-06-20 03:24:41','2026-06-20 03:24:41'),(1467,7,1,8,'Grade 8TM','W','11:25-12:05','Pratibha mam','Science','{\"source\": \"laravel-ai-master-schedule-agent\"}','2026-06-20 03:24:41','2026-06-20 03:24:41'),(1468,7,1,8,'Grade 8TM','Th','13:20-14:05','Pratibha mam','Science','{\"source\": \"laravel-ai-master-schedule-agent\"}','2026-06-20 03:24:41','2026-06-20 03:24:41'),(1469,7,1,8,'Grade 8TM','T','09:40-10:25','Monika mam','Maths','{\"source\": \"laravel-ai-master-schedule-agent\"}','2026-06-20 03:24:41','2026-06-20 03:24:41'),(1470,7,1,8,'Grade 8TM','T','15:00-15:45','Monika mam','Opt Maths','{\"source\": \"laravel-ai-master-schedule-agent\"}','2026-06-20 03:24:41','2026-06-20 03:24:41'),(1471,7,1,8,'Grade 8TM','F','14:05-14:45','Monika mam','Maths','{\"source\": \"laravel-ai-master-schedule-agent\"}','2026-06-20 03:24:41','2026-06-20 03:24:41'),(1472,7,1,8,'Grade 8TM','F','15:00-15:45','Monika mam','Opt Maths','{\"source\": \"laravel-ai-master-schedule-agent\"}','2026-06-20 03:24:41','2026-06-20 03:24:41'),(1473,7,1,8,'Grade 8TM','M','14:05-14:45','Monika mam','Maths','{\"source\": \"laravel-ai-master-schedule-agent\"}','2026-06-20 03:24:41','2026-06-20 03:24:41'),(1474,7,1,8,'Grade 8TM','M','15:00-15:45','Monika mam','Opt Maths','{\"source\": \"laravel-ai-master-schedule-agent\"}','2026-06-20 03:24:41','2026-06-20 03:24:41'),(1475,7,1,3,'Grade 6PM','M','09:40-10:25','Mohit sir','Maths','{\"source\": \"manual-assignment\", \"is_fixed\": true}','2026-06-20 03:37:19','2026-06-20 03:37:31'),(1476,7,1,3,'Grade 6PM','T','09:40-10:25','Mohit sir','Maths','{\"source\": \"manual-assignment\", \"is_fixed\": true}','2026-06-20 03:37:25','2026-06-20 03:37:31'),(1477,7,1,3,'Grade 6PM','W','09:40-10:25','Mohit sir','Maths','{\"source\": \"manual-assignment\", \"is_fixed\": true}','2026-06-20 03:37:29','2026-06-20 03:37:33'),(1478,7,1,1,'Grade 6RR','M','09:40-10:25','Tanju mam','Science','{\"source\": \"manual-assignment\", \"is_fixed\": true}','2026-06-20 03:46:02','2026-06-20 03:48:14'),(1479,7,1,1,'Grade 6RR','T','09:40-10:25','Tanju mam','Science','{\"source\": \"manual-assignment\", \"is_fixed\": true}','2026-06-20 03:46:30','2026-06-20 03:48:15'),(1480,7,1,1,'Grade 6RR','W','09:40-10:25','Tanju mam','Science','{\"source\": \"manual-assignment\", \"is_fixed\": true}','2026-06-20 03:47:01','2026-06-20 03:48:17'),(1603,8,1,3,'Grade 6PM','F','10:35-11:15','Saliza mam','ICT','{\"source\": \"manual-assignment\", \"is_fixed\": true}','2026-06-20 03:49:22','2026-06-20 03:49:22'),(1604,8,1,3,'Grade 6PM','F','15:00-15:45','Chinese Mam','Chinese','{\"source\": \"manual-assignment\", \"is_fixed\": true}','2026-06-20 03:49:22','2026-06-20 03:49:22'),(1605,8,1,3,'Grade 6PM','M','09:40-10:25','Mohit sir','Maths','{\"source\": \"manual-assignment\", \"is_fixed\": true}','2026-06-20 03:49:22','2026-06-20 03:49:22'),(1606,8,1,3,'Grade 6PM','M','13:20-14:05','Dance Mam','Dance','{\"source\": \"manual-assignment\", \"is_fixed\": true}','2026-06-20 03:49:22','2026-06-20 03:49:22'),(1607,8,1,3,'Grade 6PM','T','09:40-10:25','Mohit sir','Maths','{\"source\": \"manual-assignment\", \"is_fixed\": true}','2026-06-20 03:49:22','2026-06-20 03:49:22'),(1608,8,1,3,'Grade 6PM','T','13:20-14:05','Game Sir','Games','{\"source\": \"manual-assignment\", \"is_fixed\": true}','2026-06-20 03:49:22','2026-06-20 03:49:22'),(1609,8,1,3,'Grade 6PM','Th','10:35-11:15','Saliza mam','ICT','{\"source\": \"manual-assignment\", \"is_fixed\": true}','2026-06-20 03:49:22','2026-06-20 03:49:22'),(1610,8,1,3,'Grade 6PM','Th','14:05-14:45','Club Sir','Club','{\"source\": \"manual-assignment\", \"is_fixed\": true}','2026-06-20 03:49:22','2026-06-20 03:49:22'),(1611,8,1,3,'Grade 6PM','W','09:40-10:25','Mohit sir','Maths','{\"source\": \"manual-assignment\", \"is_fixed\": true}','2026-06-20 03:49:22','2026-06-20 03:49:22'),(1612,8,1,3,'Grade 6PM','W','10:35-11:15','Saliza mam','ICT','{\"source\": \"manual-assignment\", \"is_fixed\": true}','2026-06-20 03:49:22','2026-06-20 03:49:22'),(1613,8,1,3,'Grade 6PM','T','10:35-11:15','Chandika mam','Nepali','{\"source\": \"laravel-ai-master-schedule-agent\"}','2026-06-20 03:49:22','2026-06-20 03:49:22'),(1614,8,1,3,'Grade 6PM','W','11:25-12:05','Chandika mam','Nepali','{\"source\": \"laravel-ai-master-schedule-agent\"}','2026-06-20 03:49:22','2026-06-20 03:49:22'),(1615,8,1,3,'Grade 6PM','Th','11:25-12:05','Chandika mam','Nepali','{\"source\": \"laravel-ai-master-schedule-agent\"}','2026-06-20 03:49:22','2026-06-20 03:49:22'),(1616,8,1,3,'Grade 6PM','F','11:25-12:05','Chandika mam','Nepali','{\"source\": \"laravel-ai-master-schedule-agent\"}','2026-06-20 03:49:22','2026-06-20 03:49:22'),(1617,8,1,3,'Grade 6PM','M','10:35-11:15','Chandika mam','Nepali','{\"source\": \"laravel-ai-master-schedule-agent\"}','2026-06-20 03:49:22','2026-06-20 03:49:22'),(1618,8,1,3,'Grade 6PM','T','11:25-12:05','Tanju mam','Science','{\"source\": \"laravel-ai-master-schedule-agent\"}','2026-06-20 03:49:22','2026-06-20 03:49:22'),(1619,8,1,3,'Grade 6PM','W','12:05-12:45','Tanju mam','Science','{\"source\": \"laravel-ai-master-schedule-agent\"}','2026-06-20 03:49:22','2026-06-20 03:49:22'),(1620,8,1,3,'Grade 6PM','Th','09:40-10:25','Tanju mam','Science','{\"source\": \"laravel-ai-master-schedule-agent\"}','2026-06-20 03:49:22','2026-06-20 03:49:22'),(1621,8,1,3,'Grade 6PM','F','09:40-10:25','Tanju mam','Science','{\"source\": \"laravel-ai-master-schedule-agent\"}','2026-06-20 03:49:22','2026-06-20 03:49:22'),(1622,8,1,3,'Grade 6PM','M','11:25-12:05','Tanju mam','Science','{\"source\": \"laravel-ai-master-schedule-agent\"}','2026-06-20 03:49:22','2026-06-20 03:49:22'),(1623,8,1,3,'Grade 6PM','T','12:05-12:45','Sabbu mam','Health','{\"source\": \"laravel-ai-master-schedule-agent\"}','2026-06-20 03:49:22','2026-06-20 03:49:22'),(1624,8,1,3,'Grade 6PM','W','13:20-14:05','Sabbu mam','Health','{\"source\": \"laravel-ai-master-schedule-agent\"}','2026-06-20 03:49:22','2026-06-20 03:49:22'),(1625,8,1,3,'Grade 6PM','Th','12:05-12:45','Sabbu mam','Health','{\"source\": \"laravel-ai-master-schedule-agent\"}','2026-06-20 03:49:22','2026-06-20 03:49:22'),(1626,8,1,3,'Grade 6PM','T','14:05-14:45','Bina mam','Social','{\"source\": \"laravel-ai-master-schedule-agent\"}','2026-06-20 03:49:22','2026-06-20 03:49:22'),(1627,8,1,3,'Grade 6PM','T','15:00-15:45','Sonam sir','English','{\"source\": \"laravel-ai-master-schedule-agent\"}','2026-06-20 03:49:22','2026-06-20 03:49:22'),(1628,8,1,3,'Grade 6PM','W','14:05-14:45','Bina mam','Social','{\"source\": \"laravel-ai-master-schedule-agent\"}','2026-06-20 03:49:22','2026-06-20 03:49:22'),(1629,8,1,3,'Grade 6PM','W','15:00-15:45','Sonam sir','English','{\"source\": \"laravel-ai-master-schedule-agent\"}','2026-06-20 03:49:22','2026-06-20 03:49:22'),(1630,8,1,3,'Grade 6PM','Th','13:20-14:05','Bina mam','Social','{\"source\": \"laravel-ai-master-schedule-agent\"}','2026-06-20 03:49:22','2026-06-20 03:49:22'),(1631,8,1,3,'Grade 6PM','Th','15:00-15:45','Sonam sir','English','{\"source\": \"laravel-ai-master-schedule-agent\"}','2026-06-20 03:49:22','2026-06-20 03:49:22'),(1632,8,1,3,'Grade 6PM','F','12:05-12:45','Bina mam','Social','{\"source\": \"laravel-ai-master-schedule-agent\"}','2026-06-20 03:49:22','2026-06-20 03:49:22'),(1633,8,1,3,'Grade 6PM','F','13:20-14:05','Sonam sir','English','{\"source\": \"laravel-ai-master-schedule-agent\"}','2026-06-20 03:49:22','2026-06-20 03:49:22'),(1634,8,1,3,'Grade 6PM','M','12:05-12:45','Bina mam','Social','{\"source\": \"laravel-ai-master-schedule-agent\"}','2026-06-20 03:49:22','2026-06-20 03:49:22'),(1635,8,1,3,'Grade 6PM','M','14:05-14:45','Sonam sir','English','{\"source\": \"laravel-ai-master-schedule-agent\"}','2026-06-20 03:49:22','2026-06-20 03:49:22'),(1636,8,1,1,'Grade 6RR','F','13:20-14:05','Salina Mam','ICT','{\"source\": \"manual-assignment\", \"is_fixed\": true}','2026-06-20 03:49:22','2026-06-20 03:49:22'),(1637,8,1,1,'Grade 6RR','F','14:05-14:45','Chinese Mam','Chinese','{\"source\": \"manual-assignment\", \"is_fixed\": true}','2026-06-20 03:49:22','2026-06-20 03:49:22'),(1638,8,1,1,'Grade 6RR','M','09:40-10:25','Tanju mam','Science','{\"source\": \"manual-assignment\", \"is_fixed\": true}','2026-06-20 03:49:22','2026-06-20 03:49:22'),(1639,8,1,1,'Grade 6RR','M','13:20-14:05','Dance Mam','Dance','{\"source\": \"manual-assignment\", \"is_fixed\": true}','2026-06-20 03:49:22','2026-06-20 03:49:22'),(1640,8,1,1,'Grade 6RR','T','09:40-10:25','Tanju mam','Science','{\"source\": \"manual-assignment\", \"is_fixed\": true}','2026-06-20 03:49:22','2026-06-20 03:49:22'),(1641,8,1,1,'Grade 6RR','T','13:20-14:05','Game Sir','Games','{\"source\": \"manual-assignment\", \"is_fixed\": true}','2026-06-20 03:49:22','2026-06-20 03:49:22'),(1642,8,1,1,'Grade 6RR','Th','13:20-14:05','Salina Mam','ICT','{\"source\": \"manual-assignment\", \"is_fixed\": true}','2026-06-20 03:49:22','2026-06-20 03:49:22'),(1643,8,1,1,'Grade 6RR','Th','14:05-14:45','Club Sir','Club','{\"source\": \"manual-assignment\", \"is_fixed\": true}','2026-06-20 03:49:22','2026-06-20 03:49:22'),(1644,8,1,1,'Grade 6RR','W','09:40-10:25','Tanju mam','Science','{\"source\": \"manual-assignment\", \"is_fixed\": true}','2026-06-20 03:49:22','2026-06-20 03:49:22'),(1645,8,1,1,'Grade 6RR','W','13:20-14:05','Salina Mam','ICT','{\"source\": \"manual-assignment\", \"is_fixed\": true}','2026-06-20 03:49:22','2026-06-20 03:49:22'),(1646,8,1,1,'Grade 6RR','T','11:25-12:05','Chandika mam','Nepali','{\"source\": \"laravel-ai-master-schedule-agent\"}','2026-06-20 03:49:22','2026-06-20 03:49:22'),(1647,8,1,1,'Grade 6RR','W','10:35-11:15','Chandika mam','Nepali','{\"source\": \"laravel-ai-master-schedule-agent\"}','2026-06-20 03:49:22','2026-06-20 03:49:22'),(1648,8,1,1,'Grade 6RR','Th','10:35-11:15','Chandika mam','Nepali','{\"source\": \"laravel-ai-master-schedule-agent\"}','2026-06-20 03:49:22','2026-06-20 03:49:22'),(1649,8,1,1,'Grade 6RR','F','10:35-11:15','Chandika mam','Nepali','{\"source\": \"laravel-ai-master-schedule-agent\"}','2026-06-20 03:49:22','2026-06-20 03:49:22'),(1650,8,1,1,'Grade 6RR','M','11:25-12:05','Chandika mam','Nepali','{\"source\": \"laravel-ai-master-schedule-agent\"}','2026-06-20 03:49:22','2026-06-20 03:49:22'),(1651,8,1,1,'Grade 6RR','T','10:35-11:15','Bina mam','Social','{\"source\": \"laravel-ai-master-schedule-agent\"}','2026-06-20 03:49:22','2026-06-20 03:49:22'),(1652,8,1,1,'Grade 6RR','T','12:05-12:45','Sonam sir','English','{\"source\": \"laravel-ai-master-schedule-agent\"}','2026-06-20 03:49:22','2026-06-20 03:49:22'),(1653,8,1,1,'Grade 6RR','W','11:25-12:05','Bina mam','Social','{\"source\": \"laravel-ai-master-schedule-agent\"}','2026-06-20 03:49:22','2026-06-20 03:49:22'),(1654,8,1,1,'Grade 6RR','W','12:05-12:45','Sonam sir','English','{\"source\": \"laravel-ai-master-schedule-agent\"}','2026-06-20 03:49:22','2026-06-20 03:49:22'),(1655,8,1,1,'Grade 6RR','Th','09:40-10:25','Bina mam','Social','{\"source\": \"laravel-ai-master-schedule-agent\"}','2026-06-20 03:49:22','2026-06-20 03:49:22'),(1656,8,1,1,'Grade 6RR','Th','11:25-12:05','Sonam sir','English','{\"source\": \"laravel-ai-master-schedule-agent\"}','2026-06-20 03:49:22','2026-06-20 03:49:22'),(1657,8,1,1,'Grade 6RR','F','09:40-10:25','Bina mam','Social','{\"source\": \"laravel-ai-master-schedule-agent\"}','2026-06-20 03:49:22','2026-06-20 03:49:22'),(1658,8,1,1,'Grade 6RR','F','11:25-12:05','Sonam sir','English','{\"source\": \"laravel-ai-master-schedule-agent\"}','2026-06-20 03:49:22','2026-06-20 03:49:22'),(1659,8,1,1,'Grade 6RR','M','10:35-11:15','Bina mam','Social','{\"source\": \"laravel-ai-master-schedule-agent\"}','2026-06-20 03:49:22','2026-06-20 03:49:22'),(1660,8,1,1,'Grade 6RR','M','12:05-12:45','Sonam sir','English','{\"source\": \"laravel-ai-master-schedule-agent\"}','2026-06-20 03:49:22','2026-06-20 03:49:22'),(1661,8,1,1,'Grade 6RR','T','15:00-15:45','Sabbu mam','Health','{\"source\": \"laravel-ai-master-schedule-agent\"}','2026-06-20 03:49:22','2026-06-20 03:49:22'),(1662,8,1,1,'Grade 6RR','W','14:05-14:45','Sabbu mam','Health','{\"source\": \"laravel-ai-master-schedule-agent\"}','2026-06-20 03:49:22','2026-06-20 03:49:22'),(1663,8,1,1,'Grade 6RR','Th','15:00-15:45','Sabbu mam','Health','{\"source\": \"laravel-ai-master-schedule-agent\"}','2026-06-20 03:49:22','2026-06-20 03:49:22'),(1664,8,1,1,'Grade 6RR','T','14:05-14:45','Mohit sir','Maths','{\"source\": \"laravel-ai-master-schedule-agent\"}','2026-06-20 03:49:22','2026-06-20 03:49:22'),(1665,8,1,1,'Grade 6RR','W','15:00-15:45','Mohit sir','Maths','{\"source\": \"laravel-ai-master-schedule-agent\"}','2026-06-20 03:49:22','2026-06-20 03:49:22'),(1666,8,1,1,'Grade 6RR','Th','12:05-12:45','Mohit sir','Maths','{\"source\": \"laravel-ai-master-schedule-agent\"}','2026-06-20 03:49:22','2026-06-20 03:49:22'),(1667,8,1,1,'Grade 6RR','F','12:05-12:45','Mohit sir','Maths','{\"source\": \"laravel-ai-master-schedule-agent\"}','2026-06-20 03:49:22','2026-06-20 03:49:22'),(1668,8,1,1,'Grade 6RR','M','14:05-14:45','Mohit sir','Maths','{\"source\": \"laravel-ai-master-schedule-agent\"}','2026-06-20 03:49:22','2026-06-20 03:49:22'),(1669,8,1,2,'Grade 6TM','F','09:40-10:25','Chandika mam','Nepali','{\"source\": \"laravel-ai-master-schedule-agent\", \"is_fixed\": true}','2026-06-20 03:49:22','2026-06-20 03:49:22'),(1670,8,1,2,'Grade 6TM','F','13:20-14:05','Chinese Mam','Chinese','{\"source\": \"manual-assignment\", \"is_fixed\": true}','2026-06-20 03:49:22','2026-06-20 03:49:22'),(1671,8,1,2,'Grade 6TM','M','09:40-10:25','Chandika mam','Nepali','{\"source\": \"laravel-ai-master-schedule-agent\", \"is_fixed\": true}','2026-06-20 03:49:22','2026-06-20 03:49:22'),(1672,8,1,2,'Grade 6TM','M','12:05-12:45','Saliza mam','ICT','{\"source\": \"manual-assignment\", \"is_fixed\": true}','2026-06-20 03:49:22','2026-06-20 03:49:22'),(1673,8,1,2,'Grade 6TM','M','13:20-14:05','Dance Mam','Dance','{\"source\": \"manual-assignment\", \"is_fixed\": true}','2026-06-20 03:49:22','2026-06-20 03:49:22'),(1674,8,1,2,'Grade 6TM','T','09:40-10:25','Chandika mam','Nepali','{\"source\": \"laravel-ai-master-schedule-agent\", \"is_fixed\": true}','2026-06-20 03:49:22','2026-06-20 03:49:22'),(1675,8,1,2,'Grade 6TM','T','12:05-12:45','Saliza mam','ICT','{\"source\": \"manual-assignment\", \"is_fixed\": true}','2026-06-20 03:49:22','2026-06-20 03:49:22'),(1676,8,1,2,'Grade 6TM','T','13:20-14:05','Game Sir','Games','{\"source\": \"manual-assignment\", \"is_fixed\": true}','2026-06-20 03:49:22','2026-06-20 03:49:22'),(1677,8,1,2,'Grade 6TM','Th','09:40-10:25','Chandika mam','Nepali','{\"source\": \"laravel-ai-master-schedule-agent\", \"is_fixed\": true}','2026-06-20 03:49:22','2026-06-20 03:49:22'),(1678,8,1,2,'Grade 6TM','Th','14:05-14:45','Club Sir','Club','{\"source\": \"manual-assignment\", \"is_fixed\": true}','2026-06-20 03:49:22','2026-06-20 03:49:22'),(1679,8,1,2,'Grade 6TM','W','09:40-10:25','Chandika mam','Nepali','{\"source\": \"laravel-ai-master-schedule-agent\", \"is_fixed\": true}','2026-06-20 03:49:22','2026-06-20 03:49:22'),(1680,8,1,2,'Grade 6TM','W','12:05-12:45','Saliza mam','ICT','{\"source\": \"manual-assignment\", \"is_fixed\": true}','2026-06-20 03:49:22','2026-06-20 03:49:22'),(1681,8,1,2,'Grade 6TM','T','11:25-12:05','Bina mam','Social','{\"source\": \"laravel-ai-master-schedule-agent\"}','2026-06-20 03:49:22','2026-06-20 03:49:22'),(1682,8,1,2,'Grade 6TM','W','10:35-11:15','Bina mam','Social','{\"source\": \"laravel-ai-master-schedule-agent\"}','2026-06-20 03:49:22','2026-06-20 03:49:22'),(1683,8,1,2,'Grade 6TM','Th','10:35-11:15','Bina mam','Social','{\"source\": \"laravel-ai-master-schedule-agent\"}','2026-06-20 03:49:22','2026-06-20 03:49:22'),(1684,8,1,2,'Grade 6TM','F','10:35-11:15','Bina mam','Social','{\"source\": \"laravel-ai-master-schedule-agent\"}','2026-06-20 03:49:22','2026-06-20 03:49:22'),(1685,8,1,2,'Grade 6TM','M','11:25-12:05','Bina mam','Social','{\"source\": \"laravel-ai-master-schedule-agent\"}','2026-06-20 03:49:22','2026-06-20 03:49:22'),(1686,8,1,2,'Grade 6TM','T','10:35-11:15','Mohit sir','Maths','{\"source\": \"laravel-ai-master-schedule-agent\"}','2026-06-20 03:49:22','2026-06-20 03:49:22'),(1687,8,1,2,'Grade 6TM','T','14:05-14:45','Tanju mam','Science','{\"source\": \"laravel-ai-master-schedule-agent\"}','2026-06-20 03:49:22','2026-06-20 03:49:22'),(1688,8,1,2,'Grade 6TM','W','11:25-12:05','Mohit sir','Maths','{\"source\": \"laravel-ai-master-schedule-agent\"}','2026-06-20 03:49:22','2026-06-20 03:49:22'),(1689,8,1,2,'Grade 6TM','W','13:20-14:05','Tanju mam','Science','{\"source\": \"laravel-ai-master-schedule-agent\"}','2026-06-20 03:49:22','2026-06-20 03:49:22'),(1690,8,1,2,'Grade 6TM','Th','11:25-12:05','Mohit sir','Maths','{\"source\": \"laravel-ai-master-schedule-agent\"}','2026-06-20 03:49:22','2026-06-20 03:49:22'),(1691,8,1,2,'Grade 6TM','Th','12:05-12:45','Tanju mam','Science','{\"source\": \"laravel-ai-master-schedule-agent\"}','2026-06-20 03:49:22','2026-06-20 03:49:22'),(1692,8,1,2,'Grade 6TM','F','11:25-12:05','Mohit sir','Maths','{\"source\": \"laravel-ai-master-schedule-agent\"}','2026-06-20 03:49:22','2026-06-20 03:49:22'),(1693,8,1,2,'Grade 6TM','F','12:05-12:45','Tanju mam','Science','{\"source\": \"laravel-ai-master-schedule-agent\"}','2026-06-20 03:49:22','2026-06-20 03:49:22'),(1694,8,1,2,'Grade 6TM','M','10:35-11:15','Mohit sir','Maths','{\"source\": \"laravel-ai-master-schedule-agent\"}','2026-06-20 03:49:22','2026-06-20 03:49:22'),(1695,8,1,2,'Grade 6TM','M','14:05-14:45','Tanju mam','Science','{\"source\": \"laravel-ai-master-schedule-agent\"}','2026-06-20 03:49:22','2026-06-20 03:49:22'),(1696,8,1,2,'Grade 6TM','W','15:00-15:45','Sabbu mam','Health','{\"source\": \"laravel-ai-master-schedule-agent\"}','2026-06-20 03:49:22','2026-06-20 03:49:22'),(1697,8,1,2,'Grade 6TM','Th','13:20-14:05','Sabbu mam','Health','{\"source\": \"laravel-ai-master-schedule-agent\"}','2026-06-20 03:49:22','2026-06-20 03:49:22'),(1698,8,1,2,'Grade 6TM','F','14:05-14:45','Sabbu mam','Health','{\"source\": \"laravel-ai-master-schedule-agent\"}','2026-06-20 03:49:22','2026-06-20 03:49:22'),(1699,8,1,2,'Grade 6TM','T','15:00-15:45','Awanti mam','English','{\"source\": \"laravel-ai-master-schedule-agent\"}','2026-06-20 03:49:22','2026-06-20 03:49:22'),(1700,8,1,2,'Grade 6TM','W','14:05-14:45','Awanti mam','English','{\"source\": \"laravel-ai-master-schedule-agent\"}','2026-06-20 03:49:22','2026-06-20 03:49:22'),(1701,8,1,2,'Grade 6TM','Th','15:00-15:45','Awanti mam','English','{\"source\": \"laravel-ai-master-schedule-agent\"}','2026-06-20 03:49:22','2026-06-20 03:49:22'),(1702,8,1,2,'Grade 6TM','F','15:00-15:45','Awanti mam','English','{\"source\": \"laravel-ai-master-schedule-agent\"}','2026-06-20 03:49:22','2026-06-20 03:49:22'),(1703,8,1,2,'Grade 6TM','M','15:00-15:45','Awanti mam','English','{\"source\": \"laravel-ai-master-schedule-agent\"}','2026-06-20 03:49:22','2026-06-20 03:49:22'),(1704,8,1,6,'Grade 7PM','F','09:40-10:25','Sharmila mam','Social','{\"source\": \"manual-assignment\", \"is_fixed\": true}','2026-06-20 03:53:39','2026-06-20 03:53:39'),(1705,8,1,6,'Grade 7PM','F','10:35-11:15','Archana mam','Nepali','{\"source\": \"manual-assignment\", \"is_fixed\": true}','2026-06-20 03:53:39','2026-06-20 03:53:39'),(1706,8,1,6,'Grade 7PM','F','11:25-12:05','Salina Mam','ICT','{\"source\": \"manual-assignment\", \"is_fixed\": true}','2026-06-20 03:53:39','2026-06-20 03:53:39'),(1707,8,1,6,'Grade 7PM','M','09:40-10:25','Sharmila mam','Social','{\"source\": \"manual-assignment\", \"is_fixed\": true}','2026-06-20 03:53:39','2026-06-20 03:53:39'),(1708,8,1,6,'Grade 7PM','M','10:35-11:15','Archana mam','Nepali','{\"source\": \"manual-assignment\", \"is_fixed\": true}','2026-06-20 03:53:39','2026-06-20 03:53:39'),(1709,8,1,6,'Grade 7PM','M','14:05-14:45','Dance Mam','Dance','{\"source\": \"manual-assignment\", \"is_fixed\": true}','2026-06-20 03:53:39','2026-06-20 03:53:39'),(1710,8,1,6,'Grade 7PM','T','09:40-10:25','Sharmila mam','Social','{\"source\": \"manual-assignment\", \"is_fixed\": true}','2026-06-20 03:53:39','2026-06-20 03:53:39'),(1711,8,1,6,'Grade 7PM','T','10:35-11:15','Archana mam','Nepali','{\"source\": \"manual-assignment\", \"is_fixed\": true}','2026-06-20 03:53:39','2026-06-20 03:53:39'),(1712,8,1,6,'Grade 7PM','T','15:00-15:45','Chinese Mam','Chinese','{\"source\": \"manual-assignment\", \"is_fixed\": true}','2026-06-20 03:53:39','2026-06-20 03:53:39'),(1713,8,1,6,'Grade 7PM','Th','09:40-10:25','Sharmila mam','Social','{\"source\": \"manual-assignment\", \"is_fixed\": true}','2026-06-20 03:53:39','2026-06-20 03:53:39'),(1714,8,1,6,'Grade 7PM','Th','10:35-11:15','Archana mam','Nepali','{\"source\": \"manual-assignment\", \"is_fixed\": true}','2026-06-20 03:53:39','2026-06-20 03:53:39'),(1715,8,1,6,'Grade 7PM','Th','11:25-12:05','Salina Mam','ICT','{\"source\": \"manual-assignment\", \"is_fixed\": true}','2026-06-20 03:53:39','2026-06-20 03:53:39'),(1716,8,1,6,'Grade 7PM','Th','15:00-15:45','Club Sir','Club','{\"source\": \"manual-assignment\", \"is_fixed\": true}','2026-06-20 03:53:39','2026-06-20 03:53:39'),(1717,8,1,6,'Grade 7PM','W','09:40-10:25','Sharmila mam','Social','{\"source\": \"manual-assignment\", \"is_fixed\": true}','2026-06-20 03:53:39','2026-06-20 03:53:39'),(1718,8,1,6,'Grade 7PM','W','10:35-11:15','Archana mam','Nepali','{\"source\": \"manual-assignment\", \"is_fixed\": true}','2026-06-20 03:53:39','2026-06-20 03:53:39'),(1719,8,1,6,'Grade 7PM','W','11:25-12:05','Salina Mam','ICT','{\"source\": \"manual-assignment\", \"is_fixed\": true}','2026-06-20 03:53:39','2026-06-20 03:53:39'),(1720,8,1,6,'Grade 7PM','W','14:05-14:45','Game Sir','Games','{\"source\": \"manual-assignment\", \"is_fixed\": true}','2026-06-20 03:53:39','2026-06-20 03:53:39'),(1721,8,1,6,'Grade 7PM','T','11:25-12:05','Mohit sir','Maths','{\"source\": \"laravel-ai-master-schedule-agent\"}','2026-06-20 03:53:39','2026-06-20 03:53:39'),(1722,8,1,6,'Grade 7PM','W','12:05-12:45','Mohit sir','Maths','{\"source\": \"laravel-ai-master-schedule-agent\"}','2026-06-20 03:53:39','2026-06-20 03:53:39'),(1723,8,1,6,'Grade 7PM','Th','13:20-14:05','Mohit sir','Maths','{\"source\": \"laravel-ai-master-schedule-agent\"}','2026-06-20 03:53:39','2026-06-20 03:53:39'),(1724,8,1,6,'Grade 7PM','F','13:20-14:05','Mohit sir','Maths','{\"source\": \"laravel-ai-master-schedule-agent\"}','2026-06-20 03:53:39','2026-06-20 03:53:39'),(1725,8,1,6,'Grade 7PM','M','11:25-12:05','Mohit sir','Maths','{\"source\": \"laravel-ai-master-schedule-agent\"}','2026-06-20 03:53:39','2026-06-20 03:53:39'),(1726,8,1,6,'Grade 7PM','T','13:20-14:05','Sabbu mam','Health','{\"source\": \"laravel-ai-master-schedule-agent\"}','2026-06-20 03:53:39','2026-06-20 03:53:39'),(1727,8,1,6,'Grade 7PM','Th','14:05-14:45','Sabbu mam','Health','{\"source\": \"laravel-ai-master-schedule-agent\"}','2026-06-20 03:53:39','2026-06-20 03:53:39'),(1728,8,1,6,'Grade 7PM','F','12:05-12:45','Sabbu mam','Health','{\"source\": \"laravel-ai-master-schedule-agent\"}','2026-06-20 03:53:39','2026-06-20 03:53:39'),(1729,8,1,6,'Grade 7PM','T','12:05-12:45','Awanti mam','English','{\"source\": \"laravel-ai-master-schedule-agent\"}','2026-06-20 03:53:39','2026-06-20 03:53:39'),(1730,8,1,6,'Grade 7PM','W','13:20-14:05','Awanti mam','English','{\"source\": \"laravel-ai-master-schedule-agent\"}','2026-06-20 03:53:39','2026-06-20 03:53:39'),(1731,8,1,6,'Grade 7PM','Th','12:05-12:45','Awanti mam','English','{\"source\": \"laravel-ai-master-schedule-agent\"}','2026-06-20 03:53:39','2026-06-20 03:53:39'),(1732,8,1,6,'Grade 7PM','F','14:05-14:45','Awanti mam','English','{\"source\": \"laravel-ai-master-schedule-agent\"}','2026-06-20 03:53:39','2026-06-20 03:53:39'),(1733,8,1,6,'Grade 7PM','M','12:05-12:45','Awanti mam','English','{\"source\": \"laravel-ai-master-schedule-agent\"}','2026-06-20 03:53:39','2026-06-20 03:53:39'),(1734,8,1,6,'Grade 7PM','T','14:05-14:45','Pratibha mam','Science','{\"source\": \"laravel-ai-master-schedule-agent\"}','2026-06-20 03:53:39','2026-06-20 03:53:39'),(1735,8,1,6,'Grade 7PM','W','15:00-15:45','Pratibha mam','Science','{\"source\": \"laravel-ai-master-schedule-agent\"}','2026-06-20 03:53:39','2026-06-20 03:53:39'),(1736,8,1,6,'Grade 7PM','F','15:00-15:45','Pratibha mam','Science','{\"source\": \"laravel-ai-master-schedule-agent\"}','2026-06-20 03:53:39','2026-06-20 03:53:39'),(1738,8,1,4,'Grade 7RR','F','11:25-12:05','Saliza mam','ICT','{\"source\": \"manual-assignment\", \"is_fixed\": true}','2026-06-20 03:58:54','2026-06-20 03:58:54'),(1739,8,1,4,'Grade 7RR','F','15:00-15:45','Sharmila mam','Social','{\"source\": \"manual-assignment\", \"is_fixed\": true}','2026-06-20 03:58:54','2026-06-20 03:58:54'),(1740,8,1,4,'Grade 7RR','M','11:25-12:05','Saliza mam','ICT','{\"source\": \"manual-assignment\", \"is_fixed\": true}','2026-06-20 03:58:54','2026-06-20 03:58:54'),(1741,8,1,4,'Grade 7RR','M','14:05-14:45','Dance Mam','Dance','{\"source\": \"manual-assignment\", \"is_fixed\": true}','2026-06-20 03:58:54','2026-06-20 03:58:54'),(1742,8,1,4,'Grade 7RR','M','15:00-15:45','Sharmila mam','Social','{\"source\": \"manual-assignment\", \"is_fixed\": true}','2026-06-20 03:58:54','2026-06-20 03:58:54'),(1743,8,1,4,'Grade 7RR','T','11:25-12:05','Saliza mam','ICT','{\"source\": \"manual-assignment\", \"is_fixed\": true}','2026-06-20 03:58:54','2026-06-20 03:58:54'),(1744,8,1,4,'Grade 7RR','T','14:05-14:45','Chinese Mam','Chinese','{\"source\": \"manual-assignment\", \"is_fixed\": true}','2026-06-20 03:58:54','2026-06-20 03:58:54'),(1745,8,1,4,'Grade 7RR','T','15:00-15:45','Sharmila mam','Social','{\"source\": \"manual-assignment\", \"is_fixed\": true}','2026-06-20 03:58:54','2026-06-20 03:58:54'),(1746,8,1,4,'Grade 7RR','Th','14:05-14:45','Sharmila mam','Social','{\"source\": \"manual-assignment\", \"is_fixed\": true}','2026-06-20 03:58:54','2026-06-20 03:58:54'),(1747,8,1,4,'Grade 7RR','Th','15:00-15:45','Club Sir','Club','{\"source\": \"manual-assignment\", \"is_fixed\": true}','2026-06-20 03:58:54','2026-06-20 03:58:54'),(1748,8,1,4,'Grade 7RR','W','14:05-14:45','Game Sir','Games','{\"source\": \"manual-assignment\", \"is_fixed\": true}','2026-06-20 03:58:54','2026-06-20 03:58:54'),(1749,8,1,4,'Grade 7RR','W','15:00-15:45','Sharmila mam','Social','{\"source\": \"manual-assignment\", \"is_fixed\": true}','2026-06-20 03:58:54','2026-06-20 03:58:54'),(1750,8,1,4,'Grade 7RR','T','12:05-12:45','Chandika mam','Nepali','{\"source\": \"laravel-ai-master-schedule-agent\"}','2026-06-20 03:58:54','2026-06-20 03:58:54'),(1751,8,1,4,'Grade 7RR','W','12:05-12:45','Chandika mam','Nepali','{\"source\": \"laravel-ai-master-schedule-agent\"}','2026-06-20 03:58:54','2026-06-20 03:58:54'),(1752,8,1,4,'Grade 7RR','Th','12:05-12:45','Chandika mam','Nepali','{\"source\": \"laravel-ai-master-schedule-agent\"}','2026-06-20 03:58:54','2026-06-20 03:58:54'),(1753,8,1,4,'Grade 7RR','F','12:05-12:45','Chandika mam','Nepali','{\"source\": \"laravel-ai-master-schedule-agent\"}','2026-06-20 03:58:54','2026-06-20 03:58:54'),(1754,8,1,4,'Grade 7RR','M','12:05-12:45','Chandika mam','Nepali','{\"source\": \"laravel-ai-master-schedule-agent\"}','2026-06-20 03:58:54','2026-06-20 03:58:54'),(1756,8,1,4,'Grade 7RR','T','10:35-11:15','Tanju mam','Science','{\"source\": \"laravel-ai-master-schedule-agent\"}','2026-06-20 03:58:54','2026-06-20 03:58:54'),(1757,8,1,4,'Grade 7RR','W','09:40-10:25','Sabbu mam','Health','{\"source\": \"laravel-ai-master-schedule-agent\"}','2026-06-20 03:58:54','2026-06-20 03:58:54'),(1758,8,1,4,'Grade 7RR','W','10:35-11:15','Tanju mam','Science','{\"source\": \"laravel-ai-master-schedule-agent\"}','2026-06-20 03:58:54','2026-06-20 03:58:54'),(1759,8,1,4,'Grade 7RR','Th','09:40-10:25','Sabbu mam','Health','{\"source\": \"laravel-ai-master-schedule-agent\"}','2026-06-20 03:58:54','2026-06-20 03:58:54'),(1760,8,1,4,'Grade 7RR','Th','10:35-11:15','Tanju mam','Science','{\"source\": \"laravel-ai-master-schedule-agent\"}','2026-06-20 03:58:54','2026-06-20 03:58:54'),(1761,8,1,4,'Grade 7RR','F','10:35-11:15','Tanju mam','Science','{\"source\": \"laravel-ai-master-schedule-agent\"}','2026-06-20 03:58:54','2026-06-20 03:58:54'),(1762,8,1,4,'Grade 7RR','M','10:35-11:15','Tanju mam','Science','{\"source\": \"laravel-ai-master-schedule-agent\"}','2026-06-20 03:58:54','2026-06-20 03:58:54'),(1763,8,1,4,'Grade 7RR','T','13:20-14:05','Awanti mam','English','{\"source\": \"laravel-ai-master-schedule-agent\"}','2026-06-20 03:58:54','2026-06-20 03:58:54'),(1764,8,1,4,'Grade 7RR','W','11:25-12:05','Awanti mam','English','{\"source\": \"laravel-ai-master-schedule-agent\"}','2026-06-20 03:58:54','2026-06-20 03:58:54'),(1765,8,1,4,'Grade 7RR','Th','11:25-12:05','Awanti mam','English','{\"source\": \"laravel-ai-master-schedule-agent\"}','2026-06-20 03:58:54','2026-06-20 03:58:54'),(1766,8,1,4,'Grade 7RR','F','09:40-10:25','Awanti mam','English','{\"source\": \"laravel-ai-master-schedule-agent\"}','2026-06-20 03:58:54','2026-06-20 03:58:54'),(1767,8,1,4,'Grade 7RR','M','09:40-10:25','Awanti mam','English','{\"source\": \"laravel-ai-master-schedule-agent\"}','2026-06-20 03:58:54','2026-06-20 03:58:54'),(1768,8,1,4,'Grade 7RR','W','13:20-14:05','Monika mam','Maths','{\"source\": \"laravel-ai-master-schedule-agent\"}','2026-06-20 03:58:54','2026-06-20 03:58:54'),(1769,8,1,4,'Grade 7RR','Th','13:20-14:05','Monika mam','Maths','{\"source\": \"laravel-ai-master-schedule-agent\"}','2026-06-20 03:58:54','2026-06-20 03:58:54'),(1770,8,1,4,'Grade 7RR','F','13:20-14:05','Monika mam','Maths','{\"source\": \"laravel-ai-master-schedule-agent\"}','2026-06-20 03:58:54','2026-06-20 03:58:54'),(1771,8,1,4,'Grade 7RR','M','13:20-14:05','Monika mam','Maths','{\"source\": \"laravel-ai-master-schedule-agent\"}','2026-06-20 03:58:54','2026-06-20 03:58:54'),(1772,8,1,5,'Grade 7TM','F','10:35-11:15','Salina Mam','ICT','{\"source\": \"manual-assignment\", \"is_fixed\": true}','2026-06-20 04:03:13','2026-06-20 04:03:13'),(1773,8,1,5,'Grade 7TM','F','11:25-12:05','Chinese Mam','Chinese','{\"source\": \"manual-assignment\", \"is_fixed\": true}','2026-06-20 04:03:13','2026-06-20 04:03:13'),(1774,8,1,5,'Grade 7TM','F','13:20-14:05','Sharmila mam','Social','{\"source\": \"manual-assignment\", \"is_fixed\": true}','2026-06-20 04:03:13','2026-06-20 04:03:13'),(1775,8,1,5,'Grade 7TM','M','13:20-14:05','Sharmila mam','Social','{\"source\": \"manual-assignment\", \"is_fixed\": true}','2026-06-20 04:03:13','2026-06-20 04:03:13'),(1776,8,1,5,'Grade 7TM','M','14:05-14:45','Dance Mam','Dance','{\"source\": \"manual-assignment\", \"is_fixed\": true}','2026-06-20 04:03:13','2026-06-20 04:03:13'),(1777,8,1,5,'Grade 7TM','T','13:20-14:05','Sharmila mam','Social','{\"source\": \"manual-assignment\", \"is_fixed\": true}','2026-06-20 04:03:13','2026-06-20 04:03:13'),(1778,8,1,5,'Grade 7TM','T','14:05-14:45','Sabbu mam','Health','{\"source\": \"manual-assignment\", \"is_fixed\": true}','2026-06-20 04:03:13','2026-06-20 04:03:13'),(1779,8,1,5,'Grade 7TM','Th','10:35-11:15','Salina Mam','ICT','{\"source\": \"manual-assignment\", \"is_fixed\": true}','2026-06-20 04:03:13','2026-06-20 04:03:13'),(1780,8,1,5,'Grade 7TM','Th','13:20-14:05','Sharmila mam','Social','{\"source\": \"manual-assignment\", \"is_fixed\": true}','2026-06-20 04:03:13','2026-06-20 04:03:13'),(1781,8,1,5,'Grade 7TM','Th','15:00-15:45','Club Sir','Club','{\"source\": \"manual-assignment\", \"is_fixed\": true}','2026-06-20 04:03:13','2026-06-20 04:03:13'),(1782,8,1,5,'Grade 7TM','W','10:35-11:15','Salina Mam','ICT','{\"source\": \"manual-assignment\", \"is_fixed\": true}','2026-06-20 04:03:13','2026-06-20 04:03:13'),(1783,8,1,5,'Grade 7TM','W','13:20-14:05','Sharmila mam','Social','{\"source\": \"manual-assignment\", \"is_fixed\": true}','2026-06-20 04:03:13','2026-06-20 04:03:13'),(1784,8,1,5,'Grade 7TM','W','14:05-14:45','Game Sir','Games','{\"source\": \"manual-assignment\", \"is_fixed\": true}','2026-06-20 04:03:13','2026-06-20 04:03:13'),(1785,8,1,5,'Grade 7TM','T','15:00-15:45','Chandika mam','Nepali','{\"source\": \"laravel-ai-master-schedule-agent\"}','2026-06-20 04:03:13','2026-06-20 04:03:13'),(1786,8,1,5,'Grade 7TM','W','15:00-15:45','Chandika mam','Nepali','{\"source\": \"laravel-ai-master-schedule-agent\"}','2026-06-20 04:03:13','2026-06-20 04:03:13'),(1787,8,1,5,'Grade 7TM','Th','14:05-14:45','Chandika mam','Nepali','{\"source\": \"laravel-ai-master-schedule-agent\"}','2026-06-20 04:03:13','2026-06-20 04:03:13'),(1788,8,1,5,'Grade 7TM','F','14:05-14:45','Chandika mam','Nepali','{\"source\": \"laravel-ai-master-schedule-agent\"}','2026-06-20 04:03:13','2026-06-20 04:03:13'),(1789,8,1,5,'Grade 7TM','M','15:00-15:45','Chandika mam','Nepali','{\"source\": \"laravel-ai-master-schedule-agent\"}','2026-06-20 04:03:13','2026-06-20 04:03:13'),(1790,8,1,5,'Grade 7TM','T','12:05-12:45','Mohit sir','Maths','{\"source\": \"laravel-ai-master-schedule-agent\"}','2026-06-20 04:03:13','2026-06-20 04:03:13'),(1791,8,1,5,'Grade 7TM','Th','09:40-10:25','Mohit sir','Maths','{\"source\": \"laravel-ai-master-schedule-agent\"}','2026-06-20 04:03:13','2026-06-20 04:03:13'),(1792,8,1,5,'Grade 7TM','F','09:40-10:25','Mohit sir','Maths','{\"source\": \"laravel-ai-master-schedule-agent\"}','2026-06-20 04:03:13','2026-06-20 04:03:13'),(1793,8,1,5,'Grade 7TM','M','12:05-12:45','Mohit sir','Maths','{\"source\": \"laravel-ai-master-schedule-agent\"}','2026-06-20 04:03:13','2026-06-20 04:03:13'),(1794,8,1,5,'Grade 7TM','T','09:40-10:25','Awanti mam','English','{\"source\": \"laravel-ai-master-schedule-agent\"}','2026-06-20 04:03:13','2026-06-20 04:03:13'),(1795,8,1,5,'Grade 7TM','W','09:40-10:25','Awanti mam','English','{\"source\": \"laravel-ai-master-schedule-agent\"}','2026-06-20 04:03:13','2026-06-20 04:03:13'),(1796,8,1,5,'Grade 7TM','F','12:05-12:45','Awanti mam','English','{\"source\": \"laravel-ai-master-schedule-agent\"}','2026-06-20 04:03:13','2026-06-20 04:03:13'),(1797,8,1,5,'Grade 7TM','M','10:35-11:15','Awanti mam','English','{\"source\": \"laravel-ai-master-schedule-agent\"}','2026-06-20 04:03:13','2026-06-20 04:03:13'),(1798,8,1,5,'Grade 7TM','T','10:35-11:15','Pratibha mam','Science','{\"source\": \"laravel-ai-master-schedule-agent\"}','2026-06-20 04:03:13','2026-06-20 04:03:13'),(1799,8,1,5,'Grade 7TM','W','11:25-12:05','Pratibha mam','Science','{\"source\": \"laravel-ai-master-schedule-agent\"}','2026-06-20 04:03:13','2026-06-20 04:03:13'),(1800,8,1,5,'Grade 7TM','Th','11:25-12:05','Pratibha mam','Science','{\"source\": \"laravel-ai-master-schedule-agent\"}','2026-06-20 04:03:13','2026-06-20 04:03:13'),(1801,8,1,5,'Grade 7TM','M','09:40-10:25','Pratibha mam','Science','{\"source\": \"laravel-ai-master-schedule-agent\"}','2026-06-20 04:03:13','2026-06-20 04:03:13'),(1802,8,1,9,'Grade 8PM','F','09:40-10:25','Saliza mam','ICT','{\"source\": \"manual-assignment\", \"is_fixed\": true}','2026-06-20 04:05:38','2026-06-20 04:05:38'),(1803,8,1,9,'Grade 8PM','F','13:20-14:05','Archana mam','Nepali','{\"source\": \"manual-assignment\", \"is_fixed\": true}','2026-06-20 04:05:38','2026-06-20 04:05:38'),(1804,8,1,9,'Grade 8PM','F','15:00-15:45','Sandhya mam','English','{\"source\": \"manual-assignment\", \"is_fixed\": true}','2026-06-20 04:05:38','2026-06-20 04:05:38'),(1805,8,1,9,'Grade 8PM','M','11:25-12:05','Archana mam','Nepali','{\"source\": \"manual-assignment\", \"is_fixed\": true}','2026-06-20 04:05:38','2026-06-20 04:05:38'),(1806,8,1,9,'Grade 8PM','M','15:00-15:45','Sandhya mam','English','{\"source\": \"manual-assignment\", \"is_fixed\": true}','2026-06-20 04:05:38','2026-06-20 04:05:38'),(1807,8,1,9,'Grade 8PM','T','11:25-12:05','Archana mam','Nepali','{\"source\": \"manual-assignment\", \"is_fixed\": true}','2026-06-20 04:05:38','2026-06-20 04:05:38'),(1808,8,1,9,'Grade 8PM','T','15:00-15:45','Sandhya mam','English','{\"source\": \"manual-assignment\", \"is_fixed\": true}','2026-06-20 04:05:38','2026-06-20 04:05:38'),(1809,8,1,9,'Grade 8PM','Th','09:40-10:25','Saliza mam','ICT','{\"source\": \"manual-assignment\", \"is_fixed\": true}','2026-06-20 04:05:38','2026-06-20 04:05:38'),(1810,8,1,9,'Grade 8PM','Th','13:20-14:05','Archana mam','Nepali','{\"source\": \"manual-assignment\", \"is_fixed\": true}','2026-06-20 04:05:38','2026-06-20 04:05:38'),(1811,8,1,9,'Grade 8PM','Th','14:05-14:45','Sandhya mam','English','{\"source\": \"manual-assignment\", \"is_fixed\": true}','2026-06-20 04:05:38','2026-06-20 04:05:38'),(1812,8,1,9,'Grade 8PM','Th','15:00-15:45','Club Sir','Club','{\"source\": \"manual-assignment\", \"is_fixed\": true}','2026-06-20 04:05:38','2026-06-20 04:05:38'),(1813,8,1,9,'Grade 8PM','W','11:25-12:05','Saliza mam','ICT','{\"source\": \"manual-assignment\", \"is_fixed\": true}','2026-06-20 04:05:38','2026-06-20 04:05:38'),(1814,8,1,9,'Grade 8PM','W','13:20-14:05','Archana mam','Nepali','{\"source\": \"manual-assignment\", \"is_fixed\": true}','2026-06-20 04:05:38','2026-06-20 04:05:38'),(1815,8,1,9,'Grade 8PM','W','14:05-14:45','Sandhya mam','English','{\"source\": \"manual-assignment\", \"is_fixed\": true}','2026-06-20 04:05:38','2026-06-20 04:05:38'),(1816,8,1,9,'Grade 8PM','W','15:00-15:45','Game Sir','Games','{\"source\": \"manual-assignment\", \"is_fixed\": true}','2026-06-20 04:05:38','2026-06-20 04:05:38'),(1817,8,1,9,'Grade 8PM','T','10:35-11:15','Sabbu mam','Health','{\"source\": \"laravel-ai-master-schedule-agent\"}','2026-06-20 04:05:38','2026-06-20 04:05:38'),(1818,8,1,9,'Grade 8PM','W','10:35-11:15','Sabbu mam','Health','{\"source\": \"laravel-ai-master-schedule-agent\"}','2026-06-20 04:05:38','2026-06-20 04:05:38'),(1819,8,1,9,'Grade 8PM','T','09:40-10:25','Bina mam','Social','{\"source\": \"laravel-ai-master-schedule-agent\"}','2026-06-20 04:05:38','2026-06-20 04:05:38'),(1820,8,1,9,'Grade 8PM','W','09:40-10:25','Bina mam','Social','{\"source\": \"laravel-ai-master-schedule-agent\"}','2026-06-20 04:05:38','2026-06-20 04:05:38'),(1821,8,1,9,'Grade 8PM','Th','11:25-12:05','Bina mam','Social','{\"source\": \"laravel-ai-master-schedule-agent\"}','2026-06-20 04:05:38','2026-06-20 04:05:38'),(1822,8,1,9,'Grade 8PM','F','11:25-12:05','Bina mam','Social','{\"source\": \"laravel-ai-master-schedule-agent\"}','2026-06-20 04:05:38','2026-06-20 04:05:38'),(1823,8,1,9,'Grade 8PM','T','12:05-12:45','Pratibha mam','Science','{\"source\": \"laravel-ai-master-schedule-agent\"}','2026-06-20 04:05:38','2026-06-20 04:05:38'),(1824,8,1,9,'Grade 8PM','W','12:05-12:45','Pratibha mam','Science','{\"source\": \"laravel-ai-master-schedule-agent\"}','2026-06-20 04:05:38','2026-06-20 04:05:38'),(1825,8,1,9,'Grade 8PM','Th','10:35-11:15','Pratibha mam','Science','{\"source\": \"laravel-ai-master-schedule-agent\"}','2026-06-20 04:05:38','2026-06-20 04:05:38'),(1826,8,1,9,'Grade 8PM','T','13:20-14:05','Monika mam','Maths','{\"source\": \"laravel-ai-master-schedule-agent\"}','2026-06-20 04:05:38','2026-06-20 04:05:38'),(1827,8,1,9,'Grade 8PM','T','14:05-14:45','Monika mam','Opt Maths','{\"source\": \"laravel-ai-master-schedule-agent\"}','2026-06-20 04:05:38','2026-06-20 04:05:38'),(1828,8,1,9,'Grade 8PM','Th','12:05-12:45','Monika mam','Maths','{\"source\": \"laravel-ai-master-schedule-agent\"}','2026-06-20 04:05:38','2026-06-20 04:05:38'),(1830,8,1,9,'Grade 8PM','F','12:05-12:45','Monika mam','Maths','{\"source\": \"laravel-ai-master-schedule-agent\"}','2026-06-20 04:05:38','2026-06-20 04:05:38'),(1831,8,1,9,'Grade 8PM','M','09:40-10:25','Monika mam','Opt Maths','{\"source\": \"laravel-ai-master-schedule-agent\"}','2026-06-20 04:05:38','2026-06-20 04:05:38'),(1833,8,1,7,'Grade 8RR','F','12:05-12:45','Salina Mam','ICT','{\"source\": \"manual-assignment\", \"is_fixed\": true}','2026-06-20 04:11:09','2026-06-20 04:11:09'),(1834,8,1,7,'Grade 8RR','F','14:05-14:45','Archana mam','Nepali','{\"source\": \"manual-assignment\", \"is_fixed\": true}','2026-06-20 04:11:09','2026-06-20 04:11:09'),(1835,8,1,7,'Grade 8RR','F','15:00-15:45','Nabin sir','Opt Maths','{\"source\": \"manual-assignment\", \"is_fixed\": true}','2026-06-20 04:11:09','2026-06-20 04:11:09'),(1836,8,1,7,'Grade 8RR','M','14:05-14:45','Archana mam','Nepali','{\"source\": \"manual-assignment\", \"is_fixed\": true}','2026-06-20 04:11:09','2026-06-20 04:11:09'),(1837,8,1,7,'Grade 8RR','M','15:00-15:45','Nabin sir','Opt Maths','{\"source\": \"manual-assignment\", \"is_fixed\": true}','2026-06-20 04:11:09','2026-06-20 04:11:09'),(1838,8,1,7,'Grade 8RR','T','14:05-14:45','Archana mam','Nepali','{\"source\": \"manual-assignment\", \"is_fixed\": true}','2026-06-20 04:11:09','2026-06-20 04:11:09'),(1839,8,1,7,'Grade 8RR','T','15:00-15:45','Nabin sir','Opt Maths','{\"source\": \"manual-assignment\", \"is_fixed\": true}','2026-06-20 04:11:09','2026-06-20 04:11:09'),(1840,8,1,7,'Grade 8RR','Th','12:05-12:45','Salina Mam','ICT','{\"source\": \"manual-assignment\", \"is_fixed\": true}','2026-06-20 04:11:09','2026-06-20 04:11:09'),(1841,8,1,7,'Grade 8RR','Th','14:05-14:45','Archana mam','Nepali','{\"source\": \"manual-assignment\", \"is_fixed\": true}','2026-06-20 04:11:09','2026-06-20 04:11:09'),(1842,8,1,7,'Grade 8RR','Th','15:00-15:45','Club Sir','Club','{\"source\": \"manual-assignment\", \"is_fixed\": true}','2026-06-20 04:11:09','2026-06-20 04:11:09'),(1843,8,1,7,'Grade 8RR','W','12:05-12:45','Salina Mam','ICT','{\"source\": \"manual-assignment\", \"is_fixed\": true}','2026-06-20 04:11:09','2026-06-20 04:11:09'),(1844,8,1,7,'Grade 8RR','W','14:05-14:45','Archana mam','Nepali','{\"source\": \"manual-assignment\", \"is_fixed\": true}','2026-06-20 04:11:09','2026-06-20 04:11:09'),(1845,8,1,7,'Grade 8RR','W','15:00-15:45','Game Sir','Games','{\"source\": \"manual-assignment\", \"is_fixed\": true}','2026-06-20 04:11:09','2026-06-20 04:11:09'),(1846,8,1,7,'Grade 8RR','T','10:35-11:15','Awanti mam','English','{\"source\": \"laravel-ai-master-schedule-agent\"}','2026-06-20 04:11:09','2026-06-20 04:11:09'),(1847,8,1,7,'Grade 8RR','T','12:05-12:45','Bina mam','Social','{\"source\": \"laravel-ai-master-schedule-agent\"}','2026-06-20 04:11:09','2026-06-20 04:11:09'),(1848,8,1,7,'Grade 8RR','W','10:35-11:15','Awanti mam','English','{\"source\": \"laravel-ai-master-schedule-agent\"}','2026-06-20 04:11:09','2026-06-20 04:11:09'),(1849,8,1,7,'Grade 8RR','W','13:20-14:05','Bina mam','Social','{\"source\": \"laravel-ai-master-schedule-agent\"}','2026-06-20 04:11:09','2026-06-20 04:11:09'),(1850,8,1,7,'Grade 8RR','Th','09:40-10:25','Awanti mam','English','{\"source\": \"laravel-ai-master-schedule-agent\"}','2026-06-20 04:11:09','2026-06-20 04:11:09'),(1851,8,1,7,'Grade 8RR','F','13:20-14:05','Bina mam','Social','{\"source\": \"laravel-ai-master-schedule-agent\"}','2026-06-20 04:11:09','2026-06-20 04:11:09'),(1852,8,1,7,'Grade 8RR','F','10:35-11:15','Awanti mam','English','{\"source\": \"laravel-ai-master-schedule-agent\"}','2026-06-20 04:11:09','2026-06-20 04:11:09'),(1853,8,1,7,'Grade 8RR','M','09:40-10:25','Bina mam','Social','{\"source\": \"laravel-ai-master-schedule-agent\"}','2026-06-20 04:11:09','2026-06-20 04:11:09'),(1854,8,1,7,'Grade 8RR','M','11:25-12:05','Awanti mam','English','{\"source\": \"laravel-ai-master-schedule-agent\"}','2026-06-20 04:11:09','2026-06-20 04:11:09'),(1855,8,1,7,'Grade 8RR','T','11:25-12:05','Sabbu mam','Health','{\"source\": \"laravel-ai-master-schedule-agent\"}','2026-06-20 04:11:09','2026-06-20 04:11:09'),(1856,8,1,7,'Grade 8RR','W','11:25-12:05','Sabbu mam','Health','{\"source\": \"laravel-ai-master-schedule-agent\"}','2026-06-20 04:11:09','2026-06-20 04:11:09'),(1857,8,1,7,'Grade 8RR','T','09:40-10:25','Monika mam','Maths','{\"source\": \"laravel-ai-master-schedule-agent\"}','2026-06-20 04:11:09','2026-06-20 04:11:09'),(1859,8,1,7,'Grade 8RR','W','09:40-10:25','Monika mam','Maths','{\"source\": \"laravel-ai-master-schedule-agent\"}','2026-06-20 04:11:09','2026-06-20 04:11:09'),(1861,8,1,7,'Grade 8RR','Th','10:35-11:15','Monika mam','Maths','{\"source\": \"laravel-ai-master-schedule-agent\"}','2026-06-20 04:11:09','2026-06-20 04:11:09'),(1862,8,1,7,'Grade 8RR','F','09:40-10:25','Pratibha mam','Science','{\"source\": \"laravel-ai-master-schedule-agent\"}','2026-06-20 04:11:09','2026-06-20 04:11:09'),(1863,8,1,7,'Grade 8RR','F','11:25-12:05','Monika mam','Maths','{\"source\": \"laravel-ai-master-schedule-agent\"}','2026-06-20 04:11:09','2026-06-20 04:11:09'),(1864,8,1,7,'Grade 8RR','M','10:35-11:15','Pratibha mam','Science','{\"source\": \"laravel-ai-master-schedule-agent\"}','2026-06-20 04:11:09','2026-06-20 04:11:09'),(1865,8,1,7,'Grade 8RR','M','12:05-12:45','Monika mam','Maths','{\"source\": \"laravel-ai-master-schedule-agent\"}','2026-06-20 04:11:09','2026-06-20 04:11:09'),(1866,8,1,8,'Grade 8TM','F','09:40-10:25','Salina Mam','ICT','{\"source\": \"manual-assignment\", \"is_fixed\": true}','2026-06-20 04:16:30','2026-06-20 04:16:30'),(1868,8,1,8,'Grade 8TM','F','11:25-12:05','Sharmila mam','Social','{\"source\": \"manual-assignment\", \"is_fixed\": true}','2026-06-20 04:16:30','2026-06-20 04:16:30'),(1869,8,1,8,'Grade 8TM','F','12:05-12:45','Archana mam','Nepali','{\"source\": \"manual-assignment\", \"is_fixed\": true}','2026-06-20 04:16:30','2026-06-20 04:16:30'),(1871,8,1,8,'Grade 8TM','M','11:25-12:05','Sharmila mam','Social','{\"source\": \"manual-assignment\", \"is_fixed\": true}','2026-06-20 04:16:30','2026-06-20 04:16:30'),(1872,8,1,8,'Grade 8TM','M','12:05-12:45','Archana mam','Nepali','{\"source\": \"manual-assignment\", \"is_fixed\": true}','2026-06-20 04:16:30','2026-06-20 04:16:30'),(1874,8,1,8,'Grade 8TM','T','12:05-12:45','Archana mam','Nepali','{\"source\": \"manual-assignment\", \"is_fixed\": true}','2026-06-20 04:16:30','2026-06-20 04:16:30'),(1875,8,1,8,'Grade 8TM','T','14:05-14:45','Sharmila mam','Social','{\"source\": \"manual-assignment\", \"is_fixed\": true}','2026-06-20 04:16:30','2026-06-20 04:16:30'),(1876,8,1,8,'Grade 8TM','Th','09:40-10:25','Salina Mam','ICT','{\"source\": \"manual-assignment\", \"is_fixed\": true}','2026-06-20 04:16:30','2026-06-20 04:16:30'),(1878,8,1,8,'Grade 8TM','Th','11:25-12:05','Sharmila mam','Social','{\"source\": \"manual-assignment\", \"is_fixed\": true}','2026-06-20 04:16:30','2026-06-20 04:16:30'),(1879,8,1,8,'Grade 8TM','Th','12:05-12:45','Archana mam','Nepali','{\"source\": \"manual-assignment\", \"is_fixed\": true}','2026-06-20 04:16:30','2026-06-20 04:16:30'),(1880,8,1,8,'Grade 8TM','Th','15:00-15:45','Club Sir','Club','{\"source\": \"manual-assignment\", \"is_fixed\": true}','2026-06-20 04:16:30','2026-06-20 04:16:30'),(1881,8,1,8,'Grade 8TM','W','09:40-10:25','Salina Mam','ICT','{\"source\": \"manual-assignment\", \"is_fixed\": true}','2026-06-20 04:16:30','2026-06-20 04:16:30'),(1883,8,1,8,'Grade 8TM','W','12:05-12:45','Archana mam','Nepali','{\"source\": \"manual-assignment\", \"is_fixed\": true}','2026-06-20 04:16:30','2026-06-20 04:16:30'),(1884,8,1,8,'Grade 8TM','W','14:05-14:45','Sharmila mam','Social','{\"source\": \"manual-assignment\", \"is_fixed\": true}','2026-06-20 04:16:30','2026-06-20 04:16:30'),(1885,8,1,8,'Grade 8TM','W','15:00-15:45','Game Sir','Games','{\"source\": \"manual-assignment\", \"is_fixed\": true}','2026-06-20 04:16:30','2026-06-20 04:16:30'),(1887,8,1,8,'Grade 8TM','M','09:40-10:25','Sabbu mam','Health','{\"source\": \"laravel-ai-master-schedule-agent\", \"is_fixed\": true}','2026-06-20 04:16:30','2026-06-20 04:17:13'),(1890,8,1,8,'Grade 8TM','W','11:25-12:05','Monika mam','Maths','{\"source\": \"laravel-ai-master-schedule-agent\", \"is_fixed\": true}','2026-06-20 04:16:30','2026-06-20 04:18:25'),(1895,8,1,8,'Grade 8TM','W','13:20-14:05','Pratibha mam','Science','{\"source\": \"laravel-ai-master-schedule-agent\", \"is_fixed\": true}','2026-06-20 04:16:30','2026-06-20 04:21:00'),(1897,8,1,8,'Grade 8TM','T','09:40-10:25','Sabbu mam','Health','{\"source\": \"manual-assignment\", \"is_fixed\": true}','2026-06-20 04:17:36','2026-06-20 04:17:37'),(1898,8,1,8,'Grade 8TM','M','10:35-11:15','Monika mam','Opt Maths','{\"source\": \"manual-assignment\", \"is_fixed\": true}','2026-06-20 04:19:06','2026-06-20 04:19:51'),(1899,8,1,8,'Grade 8TM','T','10:35-11:15','Sandhya mam','English','{\"source\": \"manual-assignment\", \"is_fixed\": true}','2026-06-20 04:19:15','2026-06-20 04:19:52'),(1900,8,1,8,'Grade 8TM','W','10:35-11:15','Sandhya mam','English','{\"source\": \"manual-assignment\", \"is_fixed\": true}','2026-06-20 04:19:20','2026-06-20 04:19:53'),(1901,8,1,8,'Grade 8TM','Th','10:35-11:15','Sandhya mam','English','{\"source\": \"manual-assignment\", \"is_fixed\": true}','2026-06-20 04:19:27','2026-06-20 04:19:54'),(1902,8,1,8,'Grade 8TM','F','10:35-11:15','Monika mam','Opt Maths','{\"source\": \"manual-assignment\", \"is_fixed\": true}','2026-06-20 04:19:50','2026-06-20 04:19:54'),(1903,8,1,8,'Grade 8TM','M','13:20-14:05','Pratibha mam','Science','{\"source\": \"manual-assignment\", \"is_fixed\": true}','2026-06-20 04:20:40','2026-06-20 04:20:42'),(1904,8,1,8,'Grade 8TM','T','13:20-14:05','Pratibha mam','Science','{\"source\": \"manual-assignment\", \"is_fixed\": true}','2026-06-20 04:20:56','2026-06-20 04:20:57'),(1905,8,1,8,'Grade 8TM','Th','13:20-14:05','Pratibha mam','Science','{\"source\": \"manual-assignment\", \"is_fixed\": true}','2026-06-20 04:21:13','2026-06-20 04:21:14'),(1906,8,1,8,'Grade 8TM','F','13:20-14:05','Pratibha mam','Science','{\"source\": \"manual-assignment\", \"is_fixed\": true}','2026-06-20 04:21:20','2026-06-20 04:21:22'),(1907,8,1,8,'Grade 8TM','M','14:05-14:45','Sandhya mam','English','{\"source\": \"manual-assignment\", \"is_fixed\": true}','2026-06-20 04:21:43','2026-06-20 04:21:46'),(1908,8,1,8,'Grade 8TM','Th','14:05-14:45','Monika mam','Maths','{\"source\": \"manual-assignment\", \"is_fixed\": true}','2026-06-20 04:22:06','2026-06-20 04:22:09'),(1909,8,1,8,'Grade 8TM','F','14:05-14:45','Sandhya mam','English','{\"source\": \"manual-assignment\", \"is_fixed\": true}','2026-06-20 04:22:22','2026-06-20 04:22:24'),(1910,8,1,8,'Grade 8TM','M','15:00-15:45','Monika mam','Maths','{\"source\": \"manual-assignment\", \"is_fixed\": true}','2026-06-20 04:22:37','2026-06-20 04:22:39'),(1911,8,1,8,'Grade 8TM','T','11:25-12:05','Monika mam','Opt Maths','{\"source\": \"manual-assignment\", \"is_fixed\": true}','2026-06-20 04:23:23','2026-06-20 04:23:25'),(1912,8,1,8,'Grade 8TM','T','15:00-15:45','Monika mam','Maths','{\"source\": \"manual-assignment\", \"is_fixed\": true}','2026-06-20 04:23:31','2026-06-20 04:23:32'),(1913,8,1,8,'Grade 8TM','F','15:00-15:45','Monika mam','Maths','{\"source\": \"manual-assignment\", \"is_fixed\": true}','2026-06-20 04:23:50','2026-06-20 04:23:51'),(2051,9,1,3,'Grade 6PM','F','10:35-11:15','Saliza mam','ICT','{\"source\": \"manual-assignment\", \"is_fixed\": true}','2026-06-20 04:24:38','2026-06-20 04:24:38'),(2052,9,1,3,'Grade 6PM','F','15:00-15:45','Chinese Mam','Chinese','{\"source\": \"manual-assignment\", \"is_fixed\": true}','2026-06-20 04:24:38','2026-06-20 04:24:38'),(2053,9,1,3,'Grade 6PM','M','09:40-10:25','Mohit sir','Maths','{\"source\": \"manual-assignment\", \"is_fixed\": true}','2026-06-20 04:24:38','2026-06-20 04:24:38'),(2054,9,1,3,'Grade 6PM','M','13:20-14:05','Dance Mam','Dance','{\"source\": \"manual-assignment\", \"is_fixed\": true}','2026-06-20 04:24:38','2026-06-20 04:24:38'),(2055,9,1,3,'Grade 6PM','T','09:40-10:25','Mohit sir','Maths','{\"source\": \"manual-assignment\", \"is_fixed\": true}','2026-06-20 04:24:38','2026-06-20 04:24:38'),(2056,9,1,3,'Grade 6PM','T','13:20-14:05','Game Sir','Games','{\"source\": \"manual-assignment\", \"is_fixed\": true}','2026-06-20 04:24:38','2026-06-20 04:24:38'),(2057,9,1,3,'Grade 6PM','Th','10:35-11:15','Saliza mam','ICT','{\"source\": \"manual-assignment\", \"is_fixed\": true}','2026-06-20 04:24:38','2026-06-20 04:24:38'),(2058,9,1,3,'Grade 6PM','Th','14:05-14:45','Club Sir','Club','{\"source\": \"manual-assignment\", \"is_fixed\": true}','2026-06-20 04:24:38','2026-06-20 04:24:38'),(2059,9,1,3,'Grade 6PM','W','09:40-10:25','Mohit sir','Maths','{\"source\": \"manual-assignment\", \"is_fixed\": true}','2026-06-20 04:24:38','2026-06-20 04:24:38'),(2060,9,1,3,'Grade 6PM','W','10:35-11:15','Saliza mam','ICT','{\"source\": \"manual-assignment\", \"is_fixed\": true}','2026-06-20 04:24:38','2026-06-20 04:24:38'),(2061,9,1,3,'Grade 6PM','T','10:35-11:15','Chandika mam','Nepali','{\"source\": \"laravel-ai-master-schedule-agent\", \"is_fixed\": true}','2026-06-20 04:24:38','2026-06-20 05:02:59'),(2062,9,1,3,'Grade 6PM','W','11:25-12:05','Chandika mam','Nepali','{\"source\": \"laravel-ai-master-schedule-agent\", \"is_fixed\": true}','2026-06-20 04:24:38','2026-06-20 05:03:01'),(2063,9,1,3,'Grade 6PM','Th','11:25-12:05','Chandika mam','Nepali','{\"source\": \"laravel-ai-master-schedule-agent\", \"is_fixed\": true}','2026-06-20 04:24:38','2026-06-20 05:03:03'),(2064,9,1,3,'Grade 6PM','F','11:25-12:05','Chandika mam','Nepali','{\"source\": \"laravel-ai-master-schedule-agent\", \"is_fixed\": true}','2026-06-20 04:24:38','2026-06-20 05:03:04'),(2065,9,1,3,'Grade 6PM','M','10:35-11:15','Chandika mam','Nepali','{\"source\": \"laravel-ai-master-schedule-agent\", \"is_fixed\": true}','2026-06-20 04:24:38','2026-06-20 05:02:58'),(2066,9,1,3,'Grade 6PM','T','11:25-12:05','Sabbu mam','Health','{\"source\": \"laravel-ai-master-schedule-agent\", \"is_fixed\": true}','2026-06-20 04:24:38','2026-06-20 05:03:01'),(2067,9,1,3,'Grade 6PM','T','12:05-12:45','Tanju mam','Science','{\"source\": \"laravel-ai-master-schedule-agent\", \"is_fixed\": true}','2026-06-20 04:24:38','2026-06-20 05:03:07'),(2068,9,1,3,'Grade 6PM','W','12:05-12:45','Sabbu mam','Health','{\"source\": \"laravel-ai-master-schedule-agent\", \"is_fixed\": true}','2026-06-20 04:24:38','2026-06-20 05:03:06'),(2069,9,1,3,'Grade 6PM','W','13:20-14:05','Tanju mam','Science','{\"source\": \"laravel-ai-master-schedule-agent\", \"is_fixed\": true}','2026-06-20 04:24:38','2026-06-20 05:03:12'),(2071,9,1,3,'Grade 6PM','Th','12:05-12:45','Tanju mam','Science','{\"source\": \"laravel-ai-master-schedule-agent\", \"is_fixed\": true}','2026-06-20 04:24:38','2026-06-20 05:03:05'),(2072,9,1,3,'Grade 6PM','F','09:40-10:25','Tanju mam','Science','{\"source\": \"laravel-ai-master-schedule-agent\", \"is_fixed\": true}','2026-06-20 04:24:38','2026-06-20 05:02:57'),(2073,9,1,3,'Grade 6PM','M','11:25-12:05','Tanju mam','Science','{\"source\": \"laravel-ai-master-schedule-agent\", \"is_fixed\": true}','2026-06-20 04:24:38','2026-06-20 05:03:00'),(2074,9,1,3,'Grade 6PM','T','14:05-14:45','Bina mam','Social','{\"source\": \"laravel-ai-master-schedule-agent\", \"is_fixed\": true}','2026-06-20 04:24:38','2026-06-20 05:03:14'),(2075,9,1,3,'Grade 6PM','T','15:00-15:45','Sonam sir','English','{\"source\": \"laravel-ai-master-schedule-agent\", \"is_fixed\": true}','2026-06-20 04:24:38','2026-06-20 05:03:18'),(2076,9,1,3,'Grade 6PM','W','14:05-14:45','Bina mam','Social','{\"source\": \"laravel-ai-master-schedule-agent\", \"is_fixed\": true}','2026-06-20 04:24:38','2026-06-20 05:03:11'),(2077,9,1,3,'Grade 6PM','W','15:00-15:45','Sonam sir','English','{\"source\": \"laravel-ai-master-schedule-agent\", \"is_fixed\": true}','2026-06-20 04:24:38','2026-06-20 05:03:20'),(2078,9,1,3,'Grade 6PM','Th','13:20-14:05','Bina mam','Social','{\"source\": \"laravel-ai-master-schedule-agent\", \"is_fixed\": true}','2026-06-20 04:24:38','2026-06-20 05:03:15'),(2079,9,1,3,'Grade 6PM','Th','15:00-15:45','Sonam sir','English','{\"source\": \"laravel-ai-master-schedule-agent\", \"is_fixed\": true}','2026-06-20 04:24:38','2026-06-20 05:03:21'),(2080,9,1,3,'Grade 6PM','F','12:05-12:45','Bina mam','Social','{\"source\": \"laravel-ai-master-schedule-agent\", \"is_fixed\": true}','2026-06-20 04:24:38','2026-06-20 05:03:05'),(2081,9,1,3,'Grade 6PM','F','13:20-14:05','Sonam sir','English','{\"source\": \"laravel-ai-master-schedule-agent\", \"is_fixed\": true}','2026-06-20 04:24:38','2026-06-20 05:03:16'),(2082,9,1,3,'Grade 6PM','M','12:05-12:45','Bina mam','Social','{\"source\": \"laravel-ai-master-schedule-agent\", \"is_fixed\": true}','2026-06-20 04:24:38','2026-06-20 05:03:07'),(2083,9,1,3,'Grade 6PM','M','14:05-14:45','Sonam sir','English','{\"source\": \"laravel-ai-master-schedule-agent\", \"is_fixed\": true}','2026-06-20 04:24:38','2026-06-20 05:03:13'),(2084,9,1,1,'Grade 6RR','F','13:20-14:05','Salina Mam','ICT','{\"source\": \"manual-assignment\", \"is_fixed\": true}','2026-06-20 04:24:38','2026-06-20 04:24:38'),(2085,9,1,1,'Grade 6RR','F','14:05-14:45','Chinese Mam','Chinese','{\"source\": \"manual-assignment\", \"is_fixed\": true}','2026-06-20 04:24:38','2026-06-20 04:24:38'),(2086,9,1,1,'Grade 6RR','M','09:40-10:25','Tanju mam','Science','{\"source\": \"manual-assignment\", \"is_fixed\": true}','2026-06-20 04:24:38','2026-06-20 04:24:38'),(2087,9,1,1,'Grade 6RR','M','13:20-14:05','Dance Mam','Dance','{\"source\": \"manual-assignment\", \"is_fixed\": true}','2026-06-20 04:24:38','2026-06-20 04:24:38'),(2088,9,1,1,'Grade 6RR','T','09:40-10:25','Tanju mam','Science','{\"source\": \"manual-assignment\", \"is_fixed\": true}','2026-06-20 04:24:38','2026-06-20 04:24:38'),(2089,9,1,1,'Grade 6RR','T','13:20-14:05','Game Sir','Games','{\"source\": \"manual-assignment\", \"is_fixed\": true}','2026-06-20 04:24:38','2026-06-20 04:24:38'),(2090,9,1,1,'Grade 6RR','Th','13:20-14:05','Salina Mam','ICT','{\"source\": \"manual-assignment\", \"is_fixed\": true}','2026-06-20 04:24:38','2026-06-20 04:24:38'),(2091,9,1,1,'Grade 6RR','Th','14:05-14:45','Club Sir','Club','{\"source\": \"manual-assignment\", \"is_fixed\": true}','2026-06-20 04:24:38','2026-06-20 04:24:38'),(2092,9,1,1,'Grade 6RR','W','09:40-10:25','Tanju mam','Science','{\"source\": \"manual-assignment\", \"is_fixed\": true}','2026-06-20 04:24:38','2026-06-20 04:24:38'),(2093,9,1,1,'Grade 6RR','W','13:20-14:05','Salina Mam','ICT','{\"source\": \"manual-assignment\", \"is_fixed\": true}','2026-06-20 04:24:38','2026-06-20 04:24:38'),(2094,9,1,1,'Grade 6RR','T','11:25-12:05','Chandika mam','Nepali','{\"source\": \"laravel-ai-master-schedule-agent\", \"is_fixed\": true}','2026-06-20 04:24:38','2026-06-20 04:59:04'),(2095,9,1,1,'Grade 6RR','W','10:35-11:15','Chandika mam','Nepali','{\"source\": \"laravel-ai-master-schedule-agent\", \"is_fixed\": true}','2026-06-20 04:24:38','2026-06-20 04:58:56'),(2096,9,1,1,'Grade 6RR','Th','10:35-11:15','Chandika mam','Nepali','{\"source\": \"laravel-ai-master-schedule-agent\", \"is_fixed\": true}','2026-06-20 04:24:38','2026-06-20 04:58:58'),(2097,9,1,1,'Grade 6RR','F','10:35-11:15','Chandika mam','Nepali','{\"source\": \"laravel-ai-master-schedule-agent\", \"is_fixed\": true}','2026-06-20 04:24:38','2026-06-20 04:59:01'),(2098,9,1,1,'Grade 6RR','M','11:25-12:05','Chandika mam','Nepali','{\"source\": \"laravel-ai-master-schedule-agent\", \"is_fixed\": true}','2026-06-20 04:24:38','2026-06-20 04:59:03'),(2099,9,1,1,'Grade 6RR','T','10:35-11:15','Sabbu mam','Health','{\"source\": \"laravel-ai-master-schedule-agent\", \"is_fixed\": true}','2026-06-20 04:24:38','2026-06-20 04:58:54'),(2100,9,1,1,'Grade 6RR','W','11:25-12:05','Sabbu mam','Health','{\"source\": \"laravel-ai-master-schedule-agent\", \"is_fixed\": true}','2026-06-20 04:24:38','2026-06-20 04:59:04'),(2102,9,1,1,'Grade 6RR','T','12:05-12:45','Bina mam','Social','{\"source\": \"laravel-ai-master-schedule-agent\", \"is_fixed\": true}','2026-06-20 04:24:38','2026-06-20 04:59:09'),(2103,9,1,1,'Grade 6RR','T','14:05-14:45','Sonam sir','English','{\"source\": \"laravel-ai-master-schedule-agent\", \"is_fixed\": true}','2026-06-20 04:24:38','2026-06-20 04:59:15'),(2104,9,1,1,'Grade 6RR','W','12:05-12:45','Bina mam','Social','{\"source\": \"laravel-ai-master-schedule-agent\", \"is_fixed\": true}','2026-06-20 04:24:38','2026-06-20 04:59:10'),(2105,9,1,1,'Grade 6RR','W','14:05-14:45','Sonam sir','English','{\"source\": \"laravel-ai-master-schedule-agent\", \"is_fixed\": true}','2026-06-20 04:24:38','2026-06-20 04:59:16'),(2106,9,1,1,'Grade 6RR','Th','09:40-10:25','Bina mam','Social','{\"source\": \"laravel-ai-master-schedule-agent\", \"is_fixed\": true}','2026-06-20 04:24:38','2026-06-20 04:58:59'),(2107,9,1,1,'Grade 6RR','Th','12:05-12:45','Sonam sir','English','{\"source\": \"laravel-ai-master-schedule-agent\", \"is_fixed\": true}','2026-06-20 04:24:38','2026-06-20 04:59:08'),(2108,9,1,1,'Grade 6RR','F','09:40-10:25','Bina mam','Social','{\"source\": \"laravel-ai-master-schedule-agent\", \"is_fixed\": true}','2026-06-20 04:24:38','2026-06-20 04:59:00'),(2109,9,1,1,'Grade 6RR','F','11:25-12:05','Sonam sir','English','{\"source\": \"laravel-ai-master-schedule-agent\", \"is_fixed\": true}','2026-06-20 04:24:38','2026-06-20 04:59:06'),(2110,9,1,1,'Grade 6RR','M','10:35-11:15','Bina mam','Social','{\"source\": \"laravel-ai-master-schedule-agent\", \"is_fixed\": true}','2026-06-20 04:24:38','2026-06-20 04:58:52'),(2111,9,1,1,'Grade 6RR','M','12:05-12:45','Sonam sir','English','{\"source\": \"laravel-ai-master-schedule-agent\", \"is_fixed\": true}','2026-06-20 04:24:38','2026-06-20 04:59:11'),(2112,9,1,1,'Grade 6RR','T','15:00-15:45','Mohit sir','Maths','{\"source\": \"laravel-ai-master-schedule-agent\", \"is_fixed\": true}','2026-06-20 04:24:38','2026-06-20 04:59:17'),(2113,9,1,1,'Grade 6RR','W','15:00-15:45','Mohit sir','Maths','{\"source\": \"laravel-ai-master-schedule-agent\", \"is_fixed\": true}','2026-06-20 04:24:38','2026-06-20 04:59:18'),(2114,9,1,1,'Grade 6RR','Th','15:00-15:45','Mohit sir','Maths','{\"source\": \"laravel-ai-master-schedule-agent\", \"is_fixed\": true}','2026-06-20 04:24:38','2026-06-20 04:59:19'),(2115,9,1,1,'Grade 6RR','F','12:05-12:45','Mohit sir','Maths','{\"source\": \"laravel-ai-master-schedule-agent\", \"is_fixed\": true}','2026-06-20 04:24:38','2026-06-20 04:59:06'),(2117,9,1,2,'Grade 6TM','F','09:40-10:25','Chandika mam','Nepali','{\"source\": \"laravel-ai-master-schedule-agent\", \"is_fixed\": true}','2026-06-20 04:32:15','2026-06-20 04:32:15'),(2118,9,1,2,'Grade 6TM','F','13:20-14:05','Chinese Mam','Chinese','{\"source\": \"manual-assignment\", \"is_fixed\": true}','2026-06-20 04:32:15','2026-06-20 04:32:15'),(2119,9,1,2,'Grade 6TM','M','09:40-10:25','Chandika mam','Nepali','{\"source\": \"laravel-ai-master-schedule-agent\", \"is_fixed\": true}','2026-06-20 04:32:15','2026-06-20 04:32:15'),(2120,9,1,2,'Grade 6TM','M','12:05-12:45','Saliza mam','ICT','{\"source\": \"manual-assignment\", \"is_fixed\": true}','2026-06-20 04:32:15','2026-06-20 04:32:15'),(2121,9,1,2,'Grade 6TM','M','13:20-14:05','Dance Mam','Dance','{\"source\": \"manual-assignment\", \"is_fixed\": true}','2026-06-20 04:32:15','2026-06-20 04:32:15'),(2122,9,1,2,'Grade 6TM','T','09:40-10:25','Chandika mam','Nepali','{\"source\": \"laravel-ai-master-schedule-agent\", \"is_fixed\": true}','2026-06-20 04:32:15','2026-06-20 04:32:15'),(2123,9,1,2,'Grade 6TM','T','12:05-12:45','Saliza mam','ICT','{\"source\": \"manual-assignment\", \"is_fixed\": true}','2026-06-20 04:32:15','2026-06-20 04:32:15'),(2124,9,1,2,'Grade 6TM','T','13:20-14:05','Game Sir','Games','{\"source\": \"manual-assignment\", \"is_fixed\": true}','2026-06-20 04:32:15','2026-06-20 04:32:15'),(2125,9,1,2,'Grade 6TM','Th','09:40-10:25','Chandika mam','Nepali','{\"source\": \"laravel-ai-master-schedule-agent\", \"is_fixed\": true}','2026-06-20 04:32:15','2026-06-20 04:32:15'),(2126,9,1,2,'Grade 6TM','Th','14:05-14:45','Club Sir','Club','{\"source\": \"manual-assignment\", \"is_fixed\": true}','2026-06-20 04:32:15','2026-06-20 04:32:15'),(2127,9,1,2,'Grade 6TM','W','09:40-10:25','Chandika mam','Nepali','{\"source\": \"laravel-ai-master-schedule-agent\", \"is_fixed\": true}','2026-06-20 04:32:15','2026-06-20 04:32:15'),(2128,9,1,2,'Grade 6TM','W','12:05-12:45','Saliza mam','ICT','{\"source\": \"manual-assignment\", \"is_fixed\": true}','2026-06-20 04:32:15','2026-06-20 04:32:15'),(2129,9,1,2,'Grade 6TM','T','10:35-11:15','Bina mam','Social','{\"source\": \"laravel-ai-master-schedule-agent\", \"is_fixed\": true}','2026-06-20 04:32:15','2026-06-20 05:07:45'),(2130,9,1,2,'Grade 6TM','W','10:35-11:15','Bina mam','Social','{\"source\": \"laravel-ai-master-schedule-agent\", \"is_fixed\": true}','2026-06-20 04:32:15','2026-06-20 05:07:46'),(2131,9,1,2,'Grade 6TM','Th','10:35-11:15','Bina mam','Social','{\"source\": \"laravel-ai-master-schedule-agent\", \"is_fixed\": true}','2026-06-20 04:32:15','2026-06-20 05:07:48'),(2132,9,1,2,'Grade 6TM','F','10:35-11:15','Bina mam','Social','{\"source\": \"laravel-ai-master-schedule-agent\", \"is_fixed\": true}','2026-06-20 04:32:15','2026-06-20 05:07:49'),(2133,9,1,2,'Grade 6TM','M','11:25-12:05','Bina mam','Social','{\"source\": \"laravel-ai-master-schedule-agent\", \"is_fixed\": true}','2026-06-20 04:32:15','2026-06-20 05:07:53'),(2135,9,1,2,'Grade 6TM','W','13:20-14:05','Sabbu mam','Health','{\"source\": \"laravel-ai-master-schedule-agent\", \"is_fixed\": true}','2026-06-20 04:32:15','2026-06-20 05:07:57'),(2136,9,1,2,'Grade 6TM','Th','12:05-12:45','Sabbu mam','Health','{\"source\": \"laravel-ai-master-schedule-agent\", \"is_fixed\": true}','2026-06-20 04:32:15','2026-06-20 05:07:54'),(2137,9,1,2,'Grade 6TM','T','11:25-12:05','Mohit sir','Maths','{\"source\": \"laravel-ai-master-schedule-agent\", \"is_fixed\": true}','2026-06-20 04:32:15','2026-06-20 05:07:52'),(2138,9,1,2,'Grade 6TM','T','14:05-14:45','Tanju mam','Science','{\"source\": \"laravel-ai-master-schedule-agent\", \"is_fixed\": true}','2026-06-20 04:32:15','2026-06-20 05:08:01'),(2140,9,1,2,'Grade 6TM','W','14:05-14:45','Tanju mam','Science','{\"source\": \"laravel-ai-master-schedule-agent\", \"is_fixed\": true}','2026-06-20 04:32:15','2026-06-20 05:08:02'),(2142,9,1,2,'Grade 6TM','Th','13:20-14:05','Tanju mam','Science','{\"source\": \"laravel-ai-master-schedule-agent\", \"is_fixed\": true}','2026-06-20 04:32:15','2026-06-20 05:07:56'),(2143,9,1,2,'Grade 6TM','F','11:25-12:05','Mohit sir','Maths','{\"source\": \"laravel-ai-master-schedule-agent\", \"is_fixed\": true}','2026-06-20 04:32:15','2026-06-20 05:07:50'),(2144,9,1,2,'Grade 6TM','F','12:05-12:45','Tanju mam','Science','{\"source\": \"laravel-ai-master-schedule-agent\", \"is_fixed\": true}','2026-06-20 04:32:15','2026-06-20 05:07:55'),(2145,9,1,2,'Grade 6TM','M','10:35-11:15','Mohit sir','Maths','{\"source\": \"laravel-ai-master-schedule-agent\", \"is_fixed\": true}','2026-06-20 04:32:15','2026-06-20 05:07:44'),(2146,9,1,2,'Grade 6TM','M','14:05-14:45','Tanju mam','Science','{\"source\": \"laravel-ai-master-schedule-agent\", \"is_fixed\": true}','2026-06-20 04:32:15','2026-06-20 05:07:58'),(2147,9,1,2,'Grade 6TM','W','15:00-15:45','Awanti mam','English','{\"source\": \"laravel-ai-master-schedule-agent\", \"is_fixed\": true}','2026-06-20 04:32:15','2026-06-20 05:08:03'),(2148,9,1,2,'Grade 6TM','Th','15:00-15:45','Awanti mam','English','{\"source\": \"laravel-ai-master-schedule-agent\", \"is_fixed\": true}','2026-06-20 04:32:15','2026-06-20 05:08:04'),(2149,9,1,2,'Grade 6TM','F','14:05-14:45','Awanti mam','English','{\"source\": \"laravel-ai-master-schedule-agent\", \"is_fixed\": true}','2026-06-20 04:32:15','2026-06-20 05:08:05'),(2150,9,1,2,'Grade 6TM','M','15:00-15:45','Awanti mam','English','{\"source\": \"laravel-ai-master-schedule-agent\", \"is_fixed\": true}','2026-06-20 04:32:15','2026-06-20 05:07:59'),(2151,9,1,6,'Grade 7PM','F','09:40-10:25','Sharmila mam','Social','{\"source\": \"manual-assignment\", \"is_fixed\": true}','2026-06-20 04:38:10','2026-06-20 04:38:10'),(2152,9,1,6,'Grade 7PM','F','10:35-11:15','Archana mam','Nepali','{\"source\": \"manual-assignment\", \"is_fixed\": true}','2026-06-20 04:38:10','2026-06-20 04:38:10'),(2153,9,1,6,'Grade 7PM','F','11:25-12:05','Salina Mam','ICT','{\"source\": \"manual-assignment\", \"is_fixed\": true}','2026-06-20 04:38:10','2026-06-20 04:38:10'),(2154,9,1,6,'Grade 7PM','M','09:40-10:25','Sharmila mam','Social','{\"source\": \"manual-assignment\", \"is_fixed\": true}','2026-06-20 04:38:10','2026-06-20 04:38:10'),(2155,9,1,6,'Grade 7PM','M','10:35-11:15','Archana mam','Nepali','{\"source\": \"manual-assignment\", \"is_fixed\": true}','2026-06-20 04:38:10','2026-06-20 04:38:10'),(2156,9,1,6,'Grade 7PM','M','14:05-14:45','Dance Mam','Dance','{\"source\": \"manual-assignment\", \"is_fixed\": true}','2026-06-20 04:38:10','2026-06-20 04:38:10'),(2157,9,1,6,'Grade 7PM','T','09:40-10:25','Sharmila mam','Social','{\"source\": \"manual-assignment\", \"is_fixed\": true}','2026-06-20 04:38:10','2026-06-20 04:38:10'),(2158,9,1,6,'Grade 7PM','T','10:35-11:15','Archana mam','Nepali','{\"source\": \"manual-assignment\", \"is_fixed\": true}','2026-06-20 04:38:10','2026-06-20 04:38:10'),(2159,9,1,6,'Grade 7PM','T','15:00-15:45','Chinese Mam','Chinese','{\"source\": \"manual-assignment\", \"is_fixed\": true}','2026-06-20 04:38:10','2026-06-20 04:38:10'),(2160,9,1,6,'Grade 7PM','Th','09:40-10:25','Sharmila mam','Social','{\"source\": \"manual-assignment\", \"is_fixed\": true}','2026-06-20 04:38:10','2026-06-20 04:38:10'),(2161,9,1,6,'Grade 7PM','Th','10:35-11:15','Archana mam','Nepali','{\"source\": \"manual-assignment\", \"is_fixed\": true}','2026-06-20 04:38:10','2026-06-20 04:38:10'),(2162,9,1,6,'Grade 7PM','Th','11:25-12:05','Salina Mam','ICT','{\"source\": \"manual-assignment\", \"is_fixed\": true}','2026-06-20 04:38:10','2026-06-20 04:38:10'),(2163,9,1,6,'Grade 7PM','Th','15:00-15:45','Club Sir','Club','{\"source\": \"manual-assignment\", \"is_fixed\": true}','2026-06-20 04:38:10','2026-06-20 04:38:10'),(2164,9,1,6,'Grade 7PM','W','09:40-10:25','Sharmila mam','Social','{\"source\": \"manual-assignment\", \"is_fixed\": true}','2026-06-20 04:38:10','2026-06-20 04:38:10'),(2165,9,1,6,'Grade 7PM','W','10:35-11:15','Archana mam','Nepali','{\"source\": \"manual-assignment\", \"is_fixed\": true}','2026-06-20 04:38:10','2026-06-20 04:38:10'),(2166,9,1,6,'Grade 7PM','W','11:25-12:05','Salina Mam','ICT','{\"source\": \"manual-assignment\", \"is_fixed\": true}','2026-06-20 04:38:10','2026-06-20 04:38:10'),(2167,9,1,6,'Grade 7PM','W','14:05-14:45','Game Sir','Games','{\"source\": \"manual-assignment\", \"is_fixed\": true}','2026-06-20 04:38:10','2026-06-20 04:38:10'),(2168,9,1,6,'Grade 7PM','T','12:05-12:45','Mohit sir','Maths','{\"source\": \"laravel-ai-master-schedule-agent\", \"is_fixed\": true}','2026-06-20 04:38:10','2026-06-20 05:14:01'),(2169,9,1,6,'Grade 7PM','W','12:05-12:45','Mohit sir','Maths','{\"source\": \"laravel-ai-master-schedule-agent\", \"is_fixed\": true}','2026-06-20 04:38:10','2026-06-20 05:14:02'),(2170,9,1,6,'Grade 7PM','Th','12:05-12:45','Mohit sir','Maths','{\"source\": \"laravel-ai-master-schedule-agent\", \"is_fixed\": true}','2026-06-20 04:38:10','2026-06-20 05:14:02'),(2171,9,1,6,'Grade 7PM','F','13:20-14:05','Mohit sir','Maths','{\"source\": \"laravel-ai-master-schedule-agent\", \"is_fixed\": true}','2026-06-20 04:38:10','2026-06-20 05:14:06'),(2172,9,1,6,'Grade 7PM','M','11:25-12:05','Mohit sir','Maths','{\"source\": \"laravel-ai-master-schedule-agent\", \"is_fixed\": true}','2026-06-20 04:38:10','2026-06-20 05:13:58'),(2173,9,1,6,'Grade 7PM','T','13:20-14:05','Sabbu mam','Health','{\"source\": \"laravel-ai-master-schedule-agent\", \"is_fixed\": true}','2026-06-20 04:38:10','2026-06-20 05:14:04'),(2176,9,1,6,'Grade 7PM','T','11:25-12:05','Pratibha mam','Science','{\"source\": \"laravel-ai-master-schedule-agent\", \"is_fixed\": true}','2026-06-20 04:38:10','2026-06-20 05:13:58'),(2177,9,1,6,'Grade 7PM','Th','14:05-14:45','Pratibha mam','Science','{\"source\": \"laravel-ai-master-schedule-agent\", \"is_fixed\": true}','2026-06-20 04:38:10','2026-06-20 05:14:08'),(2178,9,1,6,'Grade 7PM','F','12:05-12:45','Pratibha mam','Science','{\"source\": \"laravel-ai-master-schedule-agent\", \"is_fixed\": true}','2026-06-20 04:38:10','2026-06-20 05:14:03'),(2180,9,1,6,'Grade 7PM','T','14:05-14:45','Awanti mam','English','{\"source\": \"laravel-ai-master-schedule-agent\", \"is_fixed\": true}','2026-06-20 04:38:10','2026-06-20 05:14:09'),(2181,9,1,6,'Grade 7PM','W','13:20-14:05','Awanti mam','English','{\"source\": \"laravel-ai-master-schedule-agent\", \"is_fixed\": true}','2026-06-20 04:38:10','2026-06-20 05:14:05'),(2182,9,1,6,'Grade 7PM','F','15:00-15:45','Awanti mam','English','{\"source\": \"laravel-ai-master-schedule-agent\", \"is_fixed\": true}','2026-06-20 04:38:10','2026-06-20 05:14:12'),(2183,9,1,6,'Grade 7PM','M','13:20-14:05','Awanti mam','English','{\"source\": \"laravel-ai-master-schedule-agent\", \"is_fixed\": true}','2026-06-20 04:38:10','2026-06-20 05:14:04'),(2184,9,1,4,'Grade 7RR','F','11:25-12:05','Saliza mam','ICT','{\"source\": \"manual-assignment\", \"is_fixed\": true}','2026-06-20 04:38:10','2026-06-20 04:38:10'),(2185,9,1,4,'Grade 7RR','F','15:00-15:45','Sharmila mam','Social','{\"source\": \"manual-assignment\", \"is_fixed\": true}','2026-06-20 04:38:10','2026-06-20 04:38:10'),(2186,9,1,4,'Grade 7RR','M','11:25-12:05','Saliza mam','ICT','{\"source\": \"manual-assignment\", \"is_fixed\": true}','2026-06-20 04:38:10','2026-06-20 04:38:10'),(2187,9,1,4,'Grade 7RR','M','14:05-14:45','Dance Mam','Dance','{\"source\": \"manual-assignment\", \"is_fixed\": true}','2026-06-20 04:38:10','2026-06-20 04:38:10'),(2188,9,1,4,'Grade 7RR','M','15:00-15:45','Sharmila mam','Social','{\"source\": \"manual-assignment\", \"is_fixed\": true}','2026-06-20 04:38:10','2026-06-20 04:38:10'),(2189,9,1,4,'Grade 7RR','T','11:25-12:05','Saliza mam','ICT','{\"source\": \"manual-assignment\", \"is_fixed\": true}','2026-06-20 04:38:10','2026-06-20 04:38:10'),(2190,9,1,4,'Grade 7RR','T','14:05-14:45','Chinese Mam','Chinese','{\"source\": \"manual-assignment\", \"is_fixed\": true}','2026-06-20 04:38:10','2026-06-20 04:38:10'),(2191,9,1,4,'Grade 7RR','T','15:00-15:45','Sharmila mam','Social','{\"source\": \"manual-assignment\", \"is_fixed\": true}','2026-06-20 04:38:10','2026-06-20 04:38:10'),(2192,9,1,4,'Grade 7RR','Th','14:05-14:45','Sharmila mam','Social','{\"source\": \"manual-assignment\", \"is_fixed\": true}','2026-06-20 04:38:10','2026-06-20 04:38:10'),(2193,9,1,4,'Grade 7RR','Th','15:00-15:45','Club Sir','Club','{\"source\": \"manual-assignment\", \"is_fixed\": true}','2026-06-20 04:38:10','2026-06-20 04:38:10'),(2194,9,1,4,'Grade 7RR','W','14:05-14:45','Game Sir','Games','{\"source\": \"manual-assignment\", \"is_fixed\": true}','2026-06-20 04:38:10','2026-06-20 04:38:10'),(2195,9,1,4,'Grade 7RR','W','15:00-15:45','Sharmila mam','Social','{\"source\": \"manual-assignment\", \"is_fixed\": true}','2026-06-20 04:38:10','2026-06-20 04:38:10'),(2196,9,1,4,'Grade 7RR','T','12:05-12:45','Chandika mam','Nepali','{\"source\": \"laravel-ai-master-schedule-agent\", \"is_fixed\": true}','2026-06-20 04:38:10','2026-06-20 05:18:04'),(2197,9,1,4,'Grade 7RR','W','09:40-10:25','Sabbu mam','Health','{\"source\": \"laravel-ai-master-schedule-agent\", \"is_fixed\": true}','2026-06-20 04:38:10','2026-06-20 05:17:32'),(2198,9,1,4,'Grade 7RR','W','12:05-12:45','Chandika mam','Nepali','{\"source\": \"laravel-ai-master-schedule-agent\", \"is_fixed\": true}','2026-06-20 04:38:10','2026-06-20 05:18:05'),(2199,9,1,4,'Grade 7RR','Th','10:35-11:15','Sabbu mam','Health','{\"source\": \"laravel-ai-master-schedule-agent\", \"is_fixed\": true}','2026-06-20 04:38:10','2026-06-20 05:17:59'),(2200,9,1,4,'Grade 7RR','Th','12:05-12:45','Chandika mam','Nepali','{\"source\": \"laravel-ai-master-schedule-agent\", \"is_fixed\": true}','2026-06-20 04:38:10','2026-06-20 05:18:06'),(2201,9,1,4,'Grade 7RR','F','09:40-10:25','Sabbu mam','Health','{\"source\": \"laravel-ai-master-schedule-agent\", \"is_fixed\": true}','2026-06-20 04:38:10','2026-06-20 05:17:34'),(2202,9,1,4,'Grade 7RR','F','12:05-12:45','Chandika mam','Nepali','{\"source\": \"laravel-ai-master-schedule-agent\"}','2026-06-20 04:38:10','2026-06-20 04:38:10'),(2203,9,1,4,'Grade 7RR','M','12:05-12:45','Chandika mam','Nepali','{\"source\": \"laravel-ai-master-schedule-agent\", \"is_fixed\": true}','2026-06-20 04:38:10','2026-06-20 05:18:03'),(2204,9,1,4,'Grade 7RR','T','10:35-11:15','Tanju mam','Science','{\"source\": \"laravel-ai-master-schedule-agent\", \"is_fixed\": true}','2026-06-20 04:38:10','2026-06-20 05:17:39'),(2205,9,1,4,'Grade 7RR','W','10:35-11:15','Tanju mam','Science','{\"source\": \"laravel-ai-master-schedule-agent\", \"is_fixed\": true}','2026-06-20 04:38:10','2026-06-20 05:17:40'),(2206,9,1,4,'Grade 7RR','Th','09:40-10:25','Tanju mam','Science','{\"source\": \"laravel-ai-master-schedule-agent\", \"is_fixed\": true}','2026-06-20 04:38:10','2026-06-20 05:17:33'),(2207,9,1,4,'Grade 7RR','F','10:35-11:15','Tanju mam','Science','{\"source\": \"laravel-ai-master-schedule-agent\", \"is_fixed\": true}','2026-06-20 04:38:10','2026-06-20 05:18:01'),(2208,9,1,4,'Grade 7RR','M','10:35-11:15','Tanju mam','Science','{\"source\": \"laravel-ai-master-schedule-agent\", \"is_fixed\": true}','2026-06-20 04:38:10','2026-06-20 05:17:35'),(2209,9,1,4,'Grade 7RR','T','09:40-10:25','Awanti mam','English','{\"source\": \"laravel-ai-master-schedule-agent\", \"is_fixed\": true}','2026-06-20 04:38:10','2026-06-20 05:17:31'),(2210,9,1,4,'Grade 7RR','T','13:20-14:05','Monika mam','Maths','{\"source\": \"laravel-ai-master-schedule-agent\", \"is_fixed\": true}','2026-06-20 04:38:10','2026-06-20 05:18:08'),(2211,9,1,4,'Grade 7RR','W','11:25-12:05','Awanti mam','English','{\"source\": \"laravel-ai-master-schedule-agent\", \"is_fixed\": true}','2026-06-20 04:38:10','2026-06-20 05:18:02'),(2212,9,1,4,'Grade 7RR','W','13:20-14:05','Monika mam','Maths','{\"source\": \"laravel-ai-master-schedule-agent\", \"is_fixed\": true}','2026-06-20 04:38:10','2026-06-20 05:18:11'),(2213,9,1,4,'Grade 7RR','Th','11:25-12:05','Awanti mam','English','{\"source\": \"laravel-ai-master-schedule-agent\", \"is_fixed\": true}','2026-06-20 04:38:10','2026-06-20 05:18:03'),(2214,9,1,4,'Grade 7RR','Th','13:20-14:05','Monika mam','Maths','{\"source\": \"laravel-ai-master-schedule-agent\", \"is_fixed\": true}','2026-06-20 04:38:10','2026-06-20 05:18:12'),(2215,9,1,4,'Grade 7RR','F','13:20-14:05','Awanti mam','English','{\"source\": \"laravel-ai-master-schedule-agent\", \"is_fixed\": true}','2026-06-20 04:38:10','2026-06-20 05:18:13'),(2216,9,1,4,'Grade 7RR','F','14:05-14:45','Monika mam','Maths','{\"source\": \"laravel-ai-master-schedule-agent\", \"is_fixed\": true}','2026-06-20 04:38:10','2026-06-20 05:18:14'),(2217,9,1,4,'Grade 7RR','M','09:40-10:25','Awanti mam','English','{\"source\": \"laravel-ai-master-schedule-agent\", \"is_fixed\": true}','2026-06-20 04:38:10','2026-06-20 05:17:30'),(2218,9,1,4,'Grade 7RR','M','13:20-14:05','Monika mam','Maths','{\"source\": \"laravel-ai-master-schedule-agent\", \"is_fixed\": true}','2026-06-20 04:38:10','2026-06-20 05:18:07'),(2219,9,1,5,'Grade 7TM','F','10:35-11:15','Salina Mam','ICT','{\"source\": \"manual-assignment\", \"is_fixed\": true}','2026-06-20 04:43:32','2026-06-20 04:43:32'),(2220,9,1,5,'Grade 7TM','F','11:25-12:05','Chinese Mam','Chinese','{\"source\": \"manual-assignment\", \"is_fixed\": true}','2026-06-20 04:43:32','2026-06-20 04:43:32'),(2221,9,1,5,'Grade 7TM','F','13:20-14:05','Sharmila mam','Social','{\"source\": \"manual-assignment\", \"is_fixed\": true}','2026-06-20 04:43:32','2026-06-20 04:43:32'),(2222,9,1,5,'Grade 7TM','M','13:20-14:05','Sharmila mam','Social','{\"source\": \"manual-assignment\", \"is_fixed\": true}','2026-06-20 04:43:32','2026-06-20 04:43:32'),(2223,9,1,5,'Grade 7TM','M','14:05-14:45','Dance Mam','Dance','{\"source\": \"manual-assignment\", \"is_fixed\": true}','2026-06-20 04:43:32','2026-06-20 04:43:32'),(2224,9,1,5,'Grade 7TM','T','13:20-14:05','Sharmila mam','Social','{\"source\": \"manual-assignment\", \"is_fixed\": true}','2026-06-20 04:43:32','2026-06-20 04:43:32'),(2226,9,1,5,'Grade 7TM','Th','10:35-11:15','Salina Mam','ICT','{\"source\": \"manual-assignment\", \"is_fixed\": true}','2026-06-20 04:43:32','2026-06-20 04:43:32'),(2227,9,1,5,'Grade 7TM','Th','13:20-14:05','Sharmila mam','Social','{\"source\": \"manual-assignment\", \"is_fixed\": true}','2026-06-20 04:43:32','2026-06-20 04:43:32'),(2228,9,1,5,'Grade 7TM','Th','15:00-15:45','Club Sir','Club','{\"source\": \"manual-assignment\", \"is_fixed\": true}','2026-06-20 04:43:32','2026-06-20 04:43:32'),(2229,9,1,5,'Grade 7TM','W','10:35-11:15','Salina Mam','ICT','{\"source\": \"manual-assignment\", \"is_fixed\": true}','2026-06-20 04:43:32','2026-06-20 04:43:32'),(2230,9,1,5,'Grade 7TM','W','13:20-14:05','Sharmila mam','Social','{\"source\": \"manual-assignment\", \"is_fixed\": true}','2026-06-20 04:43:32','2026-06-20 04:43:32'),(2231,9,1,5,'Grade 7TM','W','14:05-14:45','Game Sir','Games','{\"source\": \"manual-assignment\", \"is_fixed\": true}','2026-06-20 04:43:32','2026-06-20 04:43:32'),(2237,9,1,5,'Grade 7TM','T','10:35-11:15','Mohit sir','Maths','{\"source\": \"laravel-ai-master-schedule-agent\", \"is_fixed\": false}','2026-06-20 04:43:32','2026-06-20 06:07:54'),(2239,9,1,5,'Grade 7TM','F','09:40-10:25','Mohit sir','Maths','{\"source\": \"laravel-ai-master-schedule-agent\", \"is_fixed\": false}','2026-06-20 04:43:32','2026-06-20 06:08:04'),(2240,9,1,5,'Grade 7TM','M','12:05-12:45','Mohit sir','Maths','{\"source\": \"laravel-ai-master-schedule-agent\", \"is_fixed\": false}','2026-06-20 04:43:32','2026-06-20 06:07:51'),(2241,9,1,5,'Grade 7TM','T','11:25-12:05','Awanti mam','English','{\"source\": \"laravel-ai-master-schedule-agent\", \"is_fixed\": false}','2026-06-20 04:43:32','2026-06-20 06:07:28'),(2242,9,1,5,'Grade 7TM','W','09:40-10:25','Awanti mam','English','{\"source\": \"laravel-ai-master-schedule-agent\", \"is_fixed\": false}','2026-06-20 04:43:32','2026-06-20 06:07:33'),(2244,9,1,5,'Grade 7TM','F','12:05-12:45','Awanti mam','English','{\"source\": \"laravel-ai-master-schedule-agent\", \"is_fixed\": false}','2026-06-20 04:43:32','2026-06-20 06:07:32'),(2245,9,1,5,'Grade 7TM','M','10:35-11:15','Awanti mam','English','{\"source\": \"laravel-ai-master-schedule-agent\", \"is_fixed\": false}','2026-06-20 04:43:32','2026-06-20 06:07:30'),(2246,9,1,5,'Grade 7TM','T','09:40-10:25','Pratibha mam','Science','{\"source\": \"laravel-ai-master-schedule-agent\", \"is_fixed\": true}','2026-06-20 04:43:32','2026-06-20 06:06:22'),(2249,9,1,5,'Grade 7TM','F','15:00-15:45','Pratibha mam','Science','{\"source\": \"laravel-ai-master-schedule-agent\", \"is_fixed\": false}','2026-06-20 04:43:32','2026-06-20 06:07:17'),(2250,9,1,5,'Grade 7TM','M','09:40-10:25','Pratibha mam','Science','{\"source\": \"laravel-ai-master-schedule-agent\", \"is_fixed\": true}','2026-06-20 04:43:32','2026-06-20 06:06:21'),(2251,9,1,9,'Grade 8PM','F','09:40-10:25','Saliza mam','ICT','{\"source\": \"manual-assignment\", \"is_fixed\": true}','2026-06-20 04:49:44','2026-06-20 04:49:44'),(2252,9,1,9,'Grade 8PM','F','13:20-14:05','Archana mam','Nepali','{\"source\": \"manual-assignment\", \"is_fixed\": true}','2026-06-20 04:49:44','2026-06-20 04:49:44'),(2253,9,1,9,'Grade 8PM','F','15:00-15:45','Sandhya mam','English','{\"source\": \"manual-assignment\", \"is_fixed\": true}','2026-06-20 04:49:44','2026-06-20 04:49:44'),(2254,9,1,9,'Grade 8PM','M','11:25-12:05','Archana mam','Nepali','{\"source\": \"manual-assignment\", \"is_fixed\": true}','2026-06-20 04:49:44','2026-06-20 04:49:44'),(2255,9,1,9,'Grade 8PM','M','15:00-15:45','Sandhya mam','English','{\"source\": \"manual-assignment\", \"is_fixed\": true}','2026-06-20 04:49:44','2026-06-20 04:49:44'),(2256,9,1,9,'Grade 8PM','T','11:25-12:05','Archana mam','Nepali','{\"source\": \"manual-assignment\", \"is_fixed\": true}','2026-06-20 04:49:44','2026-06-20 04:49:44'),(2257,9,1,9,'Grade 8PM','T','15:00-15:45','Sandhya mam','English','{\"source\": \"manual-assignment\", \"is_fixed\": true}','2026-06-20 04:49:44','2026-06-20 04:49:44'),(2258,9,1,9,'Grade 8PM','Th','09:40-10:25','Saliza mam','ICT','{\"source\": \"manual-assignment\", \"is_fixed\": true}','2026-06-20 04:49:44','2026-06-20 04:49:44'),(2259,9,1,9,'Grade 8PM','Th','13:20-14:05','Archana mam','Nepali','{\"source\": \"manual-assignment\", \"is_fixed\": true}','2026-06-20 04:49:44','2026-06-20 04:49:44'),(2260,9,1,9,'Grade 8PM','Th','14:05-14:45','Sandhya mam','English','{\"source\": \"manual-assignment\", \"is_fixed\": true}','2026-06-20 04:49:44','2026-06-20 04:49:44'),(2261,9,1,9,'Grade 8PM','Th','15:00-15:45','Club Sir','Club','{\"source\": \"manual-assignment\", \"is_fixed\": true}','2026-06-20 04:49:44','2026-06-20 04:49:44'),(2262,9,1,9,'Grade 8PM','W','11:25-12:05','Saliza mam','ICT','{\"source\": \"manual-assignment\", \"is_fixed\": true}','2026-06-20 04:49:44','2026-06-20 04:49:44'),(2263,9,1,9,'Grade 8PM','W','13:20-14:05','Archana mam','Nepali','{\"source\": \"manual-assignment\", \"is_fixed\": true}','2026-06-20 04:49:44','2026-06-20 04:49:44'),(2264,9,1,9,'Grade 8PM','W','14:05-14:45','Sandhya mam','English','{\"source\": \"manual-assignment\", \"is_fixed\": true}','2026-06-20 04:49:44','2026-06-20 04:49:44'),(2265,9,1,9,'Grade 8PM','W','15:00-15:45','Game Sir','Games','{\"source\": \"manual-assignment\", \"is_fixed\": true}','2026-06-20 04:49:44','2026-06-20 04:49:44'),(2267,9,1,9,'Grade 8PM','W','10:35-11:15','Sabbu mam','Health','{\"source\": \"laravel-ai-master-schedule-agent\"}','2026-06-20 04:49:44','2026-06-20 04:49:44'),(2268,9,1,9,'Grade 8PM','T','09:40-10:25','Bina mam','Social','{\"source\": \"laravel-ai-master-schedule-agent\"}','2026-06-20 04:49:44','2026-06-20 04:49:44'),(2269,9,1,9,'Grade 8PM','W','09:40-10:25','Bina mam','Social','{\"source\": \"laravel-ai-master-schedule-agent\"}','2026-06-20 04:49:44','2026-06-20 04:49:44'),(2270,9,1,9,'Grade 8PM','Th','11:25-12:05','Bina mam','Social','{\"source\": \"laravel-ai-master-schedule-agent\"}','2026-06-20 04:49:44','2026-06-20 04:49:44'),(2271,9,1,9,'Grade 8PM','F','11:25-12:05','Bina mam','Social','{\"source\": \"laravel-ai-master-schedule-agent\"}','2026-06-20 04:49:44','2026-06-20 04:49:44'),(2272,9,1,9,'Grade 8PM','T','10:35-11:15','Pratibha mam','Science','{\"source\": \"laravel-ai-master-schedule-agent\"}','2026-06-20 04:49:44','2026-06-20 04:49:44'),(2274,9,1,9,'Grade 8PM','F','10:35-11:15','Pratibha mam','Science','{\"source\": \"laravel-ai-master-schedule-agent\"}','2026-06-20 04:49:44','2026-06-20 04:49:44'),(2275,9,1,9,'Grade 8PM','T','14:05-14:45','Monika mam','Maths','{\"source\": \"laravel-ai-master-schedule-agent\"}','2026-06-20 04:49:44','2026-06-20 04:49:44'),(2276,9,1,9,'Grade 8PM','Th','10:35-11:15','Monika mam','Opt Maths','{\"source\": \"laravel-ai-master-schedule-agent\"}','2026-06-20 04:49:44','2026-06-20 04:49:44'),(2277,9,1,9,'Grade 8PM','Th','12:05-12:45','Monika mam','Maths','{\"source\": \"laravel-ai-master-schedule-agent\"}','2026-06-20 04:49:44','2026-06-20 04:49:44'),(2278,9,1,9,'Grade 8PM','F','12:05-12:45','Monika mam','Opt Maths','{\"source\": \"laravel-ai-master-schedule-agent\"}','2026-06-20 04:49:44','2026-06-20 04:49:44'),(2279,9,1,9,'Grade 8PM','M','09:40-10:25','Monika mam','Maths','{\"source\": \"laravel-ai-master-schedule-agent\"}','2026-06-20 04:49:44','2026-06-20 04:49:44'),(2280,9,1,9,'Grade 8PM','M','12:05-12:45','Monika mam','Opt Maths','{\"source\": \"laravel-ai-master-schedule-agent\"}','2026-06-20 04:49:44','2026-06-20 04:49:44'),(2281,9,1,7,'Grade 8RR','F','12:05-12:45','Salina Mam','ICT','{\"source\": \"manual-assignment\", \"is_fixed\": true}','2026-06-20 04:55:18','2026-06-20 04:55:18'),(2282,9,1,7,'Grade 8RR','F','14:05-14:45','Archana mam','Nepali','{\"source\": \"manual-assignment\", \"is_fixed\": true}','2026-06-20 04:55:18','2026-06-20 04:55:18'),(2283,9,1,7,'Grade 8RR','F','15:00-15:45','Nabin sir','Opt Maths','{\"source\": \"manual-assignment\", \"is_fixed\": true}','2026-06-20 04:55:18','2026-06-20 04:55:18'),(2284,9,1,7,'Grade 8RR','M','14:05-14:45','Archana mam','Nepali','{\"source\": \"manual-assignment\", \"is_fixed\": true}','2026-06-20 04:55:18','2026-06-20 04:55:18'),(2285,9,1,7,'Grade 8RR','M','15:00-15:45','Nabin sir','Opt Maths','{\"source\": \"manual-assignment\", \"is_fixed\": true}','2026-06-20 04:55:18','2026-06-20 04:55:18'),(2286,9,1,7,'Grade 8RR','T','14:05-14:45','Archana mam','Nepali','{\"source\": \"manual-assignment\", \"is_fixed\": true}','2026-06-20 04:55:18','2026-06-20 04:55:18'),(2287,9,1,7,'Grade 8RR','T','15:00-15:45','Nabin sir','Opt Maths','{\"source\": \"manual-assignment\", \"is_fixed\": true}','2026-06-20 04:55:18','2026-06-20 04:55:18'),(2288,9,1,7,'Grade 8RR','Th','12:05-12:45','Salina Mam','ICT','{\"source\": \"manual-assignment\", \"is_fixed\": true}','2026-06-20 04:55:18','2026-06-20 04:55:18'),(2289,9,1,7,'Grade 8RR','Th','14:05-14:45','Archana mam','Nepali','{\"source\": \"manual-assignment\", \"is_fixed\": true}','2026-06-20 04:55:18','2026-06-20 04:55:18'),(2290,9,1,7,'Grade 8RR','Th','15:00-15:45','Club Sir','Club','{\"source\": \"manual-assignment\", \"is_fixed\": true}','2026-06-20 04:55:18','2026-06-20 04:55:18'),(2291,9,1,7,'Grade 8RR','W','12:05-12:45','Salina Mam','ICT','{\"source\": \"manual-assignment\", \"is_fixed\": true}','2026-06-20 04:55:18','2026-06-20 04:55:18'),(2292,9,1,7,'Grade 8RR','W','14:05-14:45','Archana mam','Nepali','{\"source\": \"manual-assignment\", \"is_fixed\": true}','2026-06-20 04:55:18','2026-06-20 04:55:18'),(2293,9,1,7,'Grade 8RR','W','15:00-15:45','Game Sir','Games','{\"source\": \"manual-assignment\", \"is_fixed\": true}','2026-06-20 04:55:18','2026-06-20 04:55:18'),(2294,9,1,7,'Grade 8RR','F','10:35-11:15','Sabbu mam','Health','{\"source\": \"laravel-ai-master-schedule-agent\"}','2026-06-20 04:55:18','2026-06-20 04:55:18'),(2295,9,1,7,'Grade 8RR','M','10:35-11:15','Sabbu mam','Health','{\"source\": \"laravel-ai-master-schedule-agent\"}','2026-06-20 04:55:18','2026-06-20 04:55:18'),(2296,9,1,7,'Grade 8RR','T','11:25-12:05','Bina mam','Social','{\"source\": \"laravel-ai-master-schedule-agent\"}','2026-06-20 04:55:18','2026-06-20 04:55:18'),(2297,9,1,7,'Grade 8RR','T','09:40-10:25','Monika mam','Maths','{\"source\": \"laravel-ai-master-schedule-agent\"}','2026-06-20 04:55:18','2026-06-20 04:55:18'),(2298,9,1,7,'Grade 8RR','W','11:25-12:05','Bina mam','Social','{\"source\": \"laravel-ai-master-schedule-agent\"}','2026-06-20 04:55:18','2026-06-20 04:55:18'),(2299,9,1,7,'Grade 8RR','W','09:40-10:25','Monika mam','Maths','{\"source\": \"laravel-ai-master-schedule-agent\"}','2026-06-20 04:55:18','2026-06-20 04:55:18'),(2300,9,1,7,'Grade 8RR','F','13:20-14:05','Bina mam','Social','{\"source\": \"laravel-ai-master-schedule-agent\"}','2026-06-20 04:55:18','2026-06-20 04:55:18'),(2301,9,1,7,'Grade 8RR','Th','09:40-10:25','Monika mam','Maths','{\"source\": \"laravel-ai-master-schedule-agent\"}','2026-06-20 04:55:18','2026-06-20 04:55:18'),(2302,9,1,7,'Grade 8RR','M','09:40-10:25','Bina mam','Social','{\"source\": \"laravel-ai-master-schedule-agent\"}','2026-06-20 04:55:18','2026-06-20 04:55:18'),(2303,9,1,7,'Grade 8RR','F','09:40-10:25','Monika mam','Maths','{\"source\": \"laravel-ai-master-schedule-agent\"}','2026-06-20 04:55:18','2026-06-20 04:55:18'),(2304,9,1,7,'Grade 8RR','M','11:25-12:05','Monika mam','Maths','{\"source\": \"laravel-ai-master-schedule-agent\"}','2026-06-20 04:55:18','2026-06-20 04:55:18'),(2305,9,1,7,'Grade 8RR','T','10:35-11:15','Awanti mam','English','{\"source\": \"laravel-ai-master-schedule-agent\"}','2026-06-20 04:55:18','2026-06-20 04:55:18'),(2306,9,1,7,'Grade 8RR','W','10:35-11:15','Awanti mam','English','{\"source\": \"laravel-ai-master-schedule-agent\"}','2026-06-20 04:55:18','2026-06-20 04:55:18'),(2308,9,1,7,'Grade 8RR','F','11:25-12:05','Awanti mam','English','{\"source\": \"laravel-ai-master-schedule-agent\"}','2026-06-20 04:55:18','2026-06-20 04:55:18'),(2309,9,1,7,'Grade 8RR','M','12:05-12:45','Awanti mam','English','{\"source\": \"laravel-ai-master-schedule-agent\"}','2026-06-20 04:55:18','2026-06-20 04:55:18'),(2310,9,1,7,'Grade 8RR','T','12:05-12:45','Pratibha mam','Science','{\"source\": \"laravel-ai-master-schedule-agent\"}','2026-06-20 04:55:18','2026-06-20 04:55:18'),(2311,9,1,7,'Grade 8RR','Th','10:35-11:15','Pratibha mam','Science','{\"source\": \"laravel-ai-master-schedule-agent\"}','2026-06-20 04:55:18','2026-06-20 04:55:18'),(2312,9,1,8,'Grade 8TM','F','09:40-10:25','Salina Mam','ICT','{\"source\": \"manual-assignment\", \"is_fixed\": true}','2026-06-20 04:55:18','2026-06-20 04:55:18'),(2313,9,1,8,'Grade 8TM','F','10:35-11:15','Monika mam','Opt Maths','{\"source\": \"manual-assignment\", \"is_fixed\": true}','2026-06-20 04:55:18','2026-06-20 04:55:18'),(2314,9,1,8,'Grade 8TM','F','11:25-12:05','Sharmila mam','Social','{\"source\": \"manual-assignment\", \"is_fixed\": true}','2026-06-20 04:55:18','2026-06-20 04:55:18'),(2315,9,1,8,'Grade 8TM','F','12:05-12:45','Archana mam','Nepali','{\"source\": \"manual-assignment\", \"is_fixed\": true}','2026-06-20 04:55:18','2026-06-20 04:55:18'),(2316,9,1,8,'Grade 8TM','F','13:20-14:05','Pratibha mam','Science','{\"source\": \"manual-assignment\", \"is_fixed\": true}','2026-06-20 04:55:18','2026-06-20 04:55:18'),(2317,9,1,8,'Grade 8TM','F','14:05-14:45','Sandhya mam','English','{\"source\": \"manual-assignment\", \"is_fixed\": true}','2026-06-20 04:55:18','2026-06-20 04:55:18'),(2318,9,1,8,'Grade 8TM','F','15:00-15:45','Monika mam','Maths','{\"source\": \"manual-assignment\", \"is_fixed\": true}','2026-06-20 04:55:18','2026-06-20 04:55:18'),(2319,9,1,8,'Grade 8TM','M','09:40-10:25','Sabbu mam','Health','{\"source\": \"laravel-ai-master-schedule-agent\", \"is_fixed\": true}','2026-06-20 04:55:18','2026-06-20 04:55:18'),(2320,9,1,8,'Grade 8TM','M','10:35-11:15','Monika mam','Opt Maths','{\"source\": \"manual-assignment\", \"is_fixed\": true}','2026-06-20 04:55:18','2026-06-20 04:55:18'),(2321,9,1,8,'Grade 8TM','M','11:25-12:05','Sharmila mam','Social','{\"source\": \"manual-assignment\", \"is_fixed\": true}','2026-06-20 04:55:18','2026-06-20 04:55:18'),(2322,9,1,8,'Grade 8TM','M','12:05-12:45','Archana mam','Nepali','{\"source\": \"manual-assignment\", \"is_fixed\": true}','2026-06-20 04:55:18','2026-06-20 04:55:18'),(2323,9,1,8,'Grade 8TM','M','13:20-14:05','Pratibha mam','Science','{\"source\": \"manual-assignment\", \"is_fixed\": true}','2026-06-20 04:55:18','2026-06-20 04:55:18'),(2324,9,1,8,'Grade 8TM','M','14:05-14:45','Sandhya mam','English','{\"source\": \"manual-assignment\", \"is_fixed\": true}','2026-06-20 04:55:18','2026-06-20 04:55:18'),(2325,9,1,8,'Grade 8TM','M','15:00-15:45','Monika mam','Maths','{\"source\": \"manual-assignment\", \"is_fixed\": true}','2026-06-20 04:55:18','2026-06-20 04:55:18'),(2326,9,1,8,'Grade 8TM','T','09:40-10:25','Sabbu mam','Health','{\"source\": \"manual-assignment\", \"is_fixed\": true}','2026-06-20 04:55:18','2026-06-20 04:55:18'),(2327,9,1,8,'Grade 8TM','T','10:35-11:15','Sandhya mam','English','{\"source\": \"manual-assignment\", \"is_fixed\": true}','2026-06-20 04:55:18','2026-06-20 04:55:18'),(2328,9,1,8,'Grade 8TM','T','11:25-12:05','Monika mam','Opt Maths','{\"source\": \"manual-assignment\", \"is_fixed\": true}','2026-06-20 04:55:18','2026-06-20 04:55:18'),(2329,9,1,8,'Grade 8TM','T','12:05-12:45','Archana mam','Nepali','{\"source\": \"manual-assignment\", \"is_fixed\": true}','2026-06-20 04:55:18','2026-06-20 04:55:18'),(2330,9,1,8,'Grade 8TM','T','13:20-14:05','Pratibha mam','Science','{\"source\": \"manual-assignment\", \"is_fixed\": true}','2026-06-20 04:55:18','2026-06-20 04:55:18'),(2331,9,1,8,'Grade 8TM','T','14:05-14:45','Sharmila mam','Social','{\"source\": \"manual-assignment\", \"is_fixed\": true}','2026-06-20 04:55:18','2026-06-20 04:55:18'),(2332,9,1,8,'Grade 8TM','T','15:00-15:45','Monika mam','Maths','{\"source\": \"manual-assignment\", \"is_fixed\": true}','2026-06-20 04:55:18','2026-06-20 04:55:18'),(2333,9,1,8,'Grade 8TM','Th','09:40-10:25','Salina Mam','ICT','{\"source\": \"manual-assignment\", \"is_fixed\": true}','2026-06-20 04:55:18','2026-06-20 04:55:18'),(2334,9,1,8,'Grade 8TM','Th','10:35-11:15','Sandhya mam','English','{\"source\": \"manual-assignment\", \"is_fixed\": true}','2026-06-20 04:55:18','2026-06-20 04:55:18'),(2335,9,1,8,'Grade 8TM','Th','11:25-12:05','Sharmila mam','Social','{\"source\": \"manual-assignment\", \"is_fixed\": true}','2026-06-20 04:55:18','2026-06-20 04:55:18'),(2336,9,1,8,'Grade 8TM','Th','12:05-12:45','Archana mam','Nepali','{\"source\": \"manual-assignment\", \"is_fixed\": true}','2026-06-20 04:55:18','2026-06-20 04:55:18'),(2337,9,1,8,'Grade 8TM','Th','13:20-14:05','Pratibha mam','Science','{\"source\": \"manual-assignment\", \"is_fixed\": true}','2026-06-20 04:55:18','2026-06-20 04:55:18'),(2338,9,1,8,'Grade 8TM','Th','14:05-14:45','Monika mam','Maths','{\"source\": \"manual-assignment\", \"is_fixed\": true}','2026-06-20 04:55:18','2026-06-20 04:55:18'),(2339,9,1,8,'Grade 8TM','Th','15:00-15:45','Club Sir','Club','{\"source\": \"manual-assignment\", \"is_fixed\": true}','2026-06-20 04:55:18','2026-06-20 04:55:18'),(2340,9,1,8,'Grade 8TM','W','09:40-10:25','Salina Mam','ICT','{\"source\": \"manual-assignment\", \"is_fixed\": true}','2026-06-20 04:55:18','2026-06-20 04:55:18'),(2341,9,1,8,'Grade 8TM','W','10:35-11:15','Sandhya mam','English','{\"source\": \"manual-assignment\", \"is_fixed\": true}','2026-06-20 04:55:18','2026-06-20 04:55:18'),(2342,9,1,8,'Grade 8TM','W','11:25-12:05','Monika mam','Maths','{\"source\": \"laravel-ai-master-schedule-agent\", \"is_fixed\": true}','2026-06-20 04:55:18','2026-06-20 04:55:18'),(2343,9,1,8,'Grade 8TM','W','12:05-12:45','Archana mam','Nepali','{\"source\": \"manual-assignment\", \"is_fixed\": true}','2026-06-20 04:55:18','2026-06-20 04:55:18'),(2344,9,1,8,'Grade 8TM','W','13:20-14:05','Pratibha mam','Science','{\"source\": \"laravel-ai-master-schedule-agent\", \"is_fixed\": true}','2026-06-20 04:55:18','2026-06-20 04:55:18'),(2345,9,1,8,'Grade 8TM','W','14:05-14:45','Sharmila mam','Social','{\"source\": \"manual-assignment\", \"is_fixed\": true}','2026-06-20 04:55:18','2026-06-20 04:55:18'),(2346,9,1,8,'Grade 8TM','W','15:00-15:45','Game Sir','Games','{\"source\": \"manual-assignment\", \"is_fixed\": true}','2026-06-20 04:55:18','2026-06-20 04:55:18'),(2348,9,1,1,'Grade 6RR','Th','11:25-12:05','Tanju mam','Science','{\"source\": \"manual-assignment\", \"is_fixed\": true}','2026-06-20 04:58:02','2026-06-20 04:59:05'),(2349,9,1,1,'Grade 6RR','F','15:00-15:45','Tanju mam','Science','{\"source\": \"manual-assignment\", \"is_fixed\": true}','2026-06-20 04:58:12','2026-06-20 04:59:20'),(2350,9,1,3,'Grade 6PM','F','14:05-14:45','Mohit sir','Maths','{\"source\": \"manual-assignment\", \"is_fixed\": true}','2026-06-20 04:59:40','2026-06-20 05:03:17'),(2351,9,1,3,'Grade 6PM','M','15:00-15:45','Sabbu mam','Health','{\"source\": \"manual-assignment\", \"is_fixed\": true}','2026-06-20 05:02:14','2026-06-20 05:03:19'),(2352,9,1,3,'Grade 6PM','Th','09:40-10:25','Mohit sir','Maths','{\"source\": \"manual-assignment\", \"is_fixed\": true}','2026-06-20 05:02:50','2026-06-20 05:02:52'),(2353,9,1,1,'Grade 6RR','M','14:05-14:45','Sabbu mam','Health','{\"source\": \"manual-assignment\", \"is_fixed\": true}','2026-06-20 05:05:43','2026-06-20 05:06:19'),(2354,9,1,1,'Grade 6RR','M','15:00-15:45','Mohit sir','Maths','{\"source\": \"manual-assignment\", \"is_fixed\": true}','2026-06-20 05:05:48','2026-06-20 05:06:20'),(2355,9,1,2,'Grade 6TM','F','15:00-15:45','Sabbu mam','Health','{\"source\": \"manual-assignment\", \"is_fixed\": true}','2026-06-20 05:07:37','2026-06-20 05:08:06'),(2356,9,1,2,'Grade 6TM','T','15:00-15:45','Awanti mam','English','{\"source\": \"manual-assignment\", \"is_fixed\": true}','2026-06-20 05:07:40','2026-06-20 05:08:00'),(2357,9,1,6,'Grade 7PM','W','15:00-15:45','Pratibha mam','Science','{\"source\": \"manual-assignment\", \"is_fixed\": true}','2026-06-20 05:10:43','2026-06-20 05:14:11'),(2358,9,1,6,'Grade 7PM','F','14:05-14:45','Sabbu mam','Health','{\"source\": \"manual-assignment\", \"is_fixed\": true}','2026-06-20 05:10:58','2026-06-20 05:14:07'),(2360,9,1,6,'Grade 7PM','Th','13:20-14:05','Awanti mam','English','{\"source\": \"manual-assignment\", \"is_fixed\": true}','2026-06-20 05:11:55','2026-06-20 05:14:06'),(2361,9,1,6,'Grade 7PM','M','15:00-15:45','Pratibha mam','Science','{\"source\": \"manual-assignment\", \"is_fixed\": true}','2026-06-20 05:13:37','2026-06-20 05:14:10'),(2362,9,1,6,'Grade 7PM','M','12:05-12:45','Sabbu mam','Health','{\"source\": \"manual-assignment\", \"is_fixed\": true}','2026-06-20 05:13:47','2026-06-20 05:14:00'),(2367,9,1,5,'Grade 7TM','Th','09:40-10:25','Pratibha mam','Science','{\"source\": \"manual-assignment\", \"is_fixed\": true}','2026-06-20 05:51:50','2026-06-20 06:06:22'),(2370,9,1,5,'Grade 7TM','Th','12:05-12:45','Awanti mam','English','{\"source\": \"manual-assignment\", \"is_fixed\": false}','2026-06-20 05:53:41','2026-06-20 06:07:31'),(2374,9,1,5,'Grade 7TM','M','11:25-12:05','Chandika mam','Nepali','{\"source\": \"manual-assignment\", \"is_fixed\": false}','2026-06-20 05:59:32','2026-06-20 05:59:32'),(2375,9,1,5,'Grade 7TM','T','14:05-14:45','Chandika mam','Nepali','{\"source\": \"manual-assignment\", \"is_fixed\": false}','2026-06-20 05:59:40','2026-06-20 05:59:40'),(2376,9,1,5,'Grade 7TM','Th','14:05-14:45','Chandika mam','Nepali','{\"source\": \"manual-assignment\", \"is_fixed\": false}','2026-06-20 05:59:46','2026-06-20 05:59:46'),(2377,9,1,5,'Grade 7TM','W','15:00-15:45','Chandika mam','Nepali','{\"source\": \"manual-assignment\", \"is_fixed\": false}','2026-06-20 05:59:49','2026-06-20 05:59:49'),(2378,9,1,5,'Grade 7TM','F','14:05-14:45','Chandika mam','Nepali','{\"source\": \"manual-assignment\", \"is_fixed\": false}','2026-06-20 05:59:52','2026-06-20 05:59:52'),(2379,9,1,5,'Grade 7TM','T','12:05-12:45','Sabbu mam','Health','{\"source\": \"manual-assignment\", \"is_fixed\": false}','2026-06-20 06:00:25','2026-06-20 06:00:25'),(2380,9,1,5,'Grade 7TM','W','12:05-12:45','Pratibha mam','Science','{\"source\": \"manual-assignment\", \"is_fixed\": false}','2026-06-20 06:05:14','2026-06-20 06:07:12'),(2381,9,1,2,'Grade 6TM','W','11:25-12:05','Mohit sir','Maths','{\"source\": \"manual-assignment\", \"is_fixed\": true}','2026-06-20 06:11:13','2026-06-20 06:11:19'),(2382,9,1,2,'Grade 6TM','Th','11:25-12:05','Mohit sir','Maths','{\"source\": \"manual-assignment\", \"is_fixed\": true}','2026-06-20 06:11:17','2026-06-20 06:11:20'),(2635,10,1,3,'Grade 6PM','F','09:40-10:25','Tanju mam','Science','{\"source\": \"laravel-ai-master-schedule-agent\", \"is_fixed\": true}','2026-06-20 06:12:34','2026-06-20 06:12:34'),(2636,10,1,3,'Grade 6PM','F','10:35-11:15','Saliza mam','ICT','{\"source\": \"manual-assignment\", \"is_fixed\": true}','2026-06-20 06:12:34','2026-06-20 06:12:34'),(2637,10,1,3,'Grade 6PM','F','11:25-12:05','Chandika mam','Nepali','{\"source\": \"laravel-ai-master-schedule-agent\", \"is_fixed\": true}','2026-06-20 06:12:34','2026-06-20 06:12:34'),(2638,10,1,3,'Grade 6PM','F','12:05-12:45','Bina mam','Social','{\"source\": \"laravel-ai-master-schedule-agent\", \"is_fixed\": true}','2026-06-20 06:12:34','2026-06-20 06:12:34'),(2639,10,1,3,'Grade 6PM','F','13:20-14:05','Sonam sir','English','{\"source\": \"laravel-ai-master-schedule-agent\", \"is_fixed\": true}','2026-06-20 06:12:34','2026-06-20 06:12:34'),(2640,10,1,3,'Grade 6PM','F','14:05-14:45','Mohit sir','Maths','{\"source\": \"manual-assignment\", \"is_fixed\": true}','2026-06-20 06:12:34','2026-06-20 06:12:34'),(2641,10,1,3,'Grade 6PM','F','15:00-15:45','Chinese Mam','Chinese','{\"source\": \"manual-assignment\", \"is_fixed\": true}','2026-06-20 06:12:34','2026-06-20 06:12:34'),(2642,10,1,3,'Grade 6PM','M','09:40-10:25','Mohit sir','Maths','{\"source\": \"manual-assignment\", \"is_fixed\": true}','2026-06-20 06:12:34','2026-06-20 06:12:34'),(2643,10,1,3,'Grade 6PM','M','10:35-11:15','Chandika mam','Nepali','{\"source\": \"laravel-ai-master-schedule-agent\", \"is_fixed\": true}','2026-06-20 06:12:34','2026-06-20 06:12:34'),(2644,10,1,3,'Grade 6PM','M','11:25-12:05','Tanju mam','Science','{\"source\": \"laravel-ai-master-schedule-agent\", \"is_fixed\": true}','2026-06-20 06:12:34','2026-06-20 06:12:34'),(2645,10,1,3,'Grade 6PM','M','12:05-12:45','Bina mam','Social','{\"source\": \"laravel-ai-master-schedule-agent\", \"is_fixed\": true}','2026-06-20 06:12:34','2026-06-20 06:12:34'),(2646,10,1,3,'Grade 6PM','M','13:20-14:05','Dance Mam','Dance','{\"source\": \"manual-assignment\", \"is_fixed\": true}','2026-06-20 06:12:34','2026-06-20 06:12:34'),(2647,10,1,3,'Grade 6PM','M','14:05-14:45','Sonam sir','English','{\"source\": \"laravel-ai-master-schedule-agent\", \"is_fixed\": true}','2026-06-20 06:12:34','2026-06-20 06:12:34'),(2648,10,1,3,'Grade 6PM','M','15:00-15:45','Sabbu mam','Health','{\"source\": \"manual-assignment\", \"is_fixed\": true}','2026-06-20 06:12:34','2026-06-20 06:12:34'),(2649,10,1,3,'Grade 6PM','T','09:40-10:25','Mohit sir','Maths','{\"source\": \"manual-assignment\", \"is_fixed\": true}','2026-06-20 06:12:34','2026-06-20 06:12:34'),(2650,10,1,3,'Grade 6PM','T','10:35-11:15','Chandika mam','Nepali','{\"source\": \"laravel-ai-master-schedule-agent\", \"is_fixed\": true}','2026-06-20 06:12:34','2026-06-20 06:12:34'),(2651,10,1,3,'Grade 6PM','T','11:25-12:05','Sabbu mam','Health','{\"source\": \"laravel-ai-master-schedule-agent\", \"is_fixed\": true}','2026-06-20 06:12:34','2026-06-20 06:12:34'),(2652,10,1,3,'Grade 6PM','T','12:05-12:45','Tanju mam','Science','{\"source\": \"laravel-ai-master-schedule-agent\", \"is_fixed\": true}','2026-06-20 06:12:34','2026-06-20 06:12:34'),(2653,10,1,3,'Grade 6PM','T','13:20-14:05','Game Sir','Games','{\"source\": \"manual-assignment\", \"is_fixed\": true}','2026-06-20 06:12:34','2026-06-20 06:12:34'),(2654,10,1,3,'Grade 6PM','T','14:05-14:45','Bina mam','Social','{\"source\": \"laravel-ai-master-schedule-agent\", \"is_fixed\": true}','2026-06-20 06:12:34','2026-06-20 06:12:34'),(2655,10,1,3,'Grade 6PM','T','15:00-15:45','Sonam sir','English','{\"source\": \"laravel-ai-master-schedule-agent\", \"is_fixed\": true}','2026-06-20 06:12:34','2026-06-20 06:12:34'),(2656,10,1,3,'Grade 6PM','Th','09:40-10:25','Mohit sir','Maths','{\"source\": \"manual-assignment\", \"is_fixed\": true}','2026-06-20 06:12:34','2026-06-20 06:12:34'),(2657,10,1,3,'Grade 6PM','Th','10:35-11:15','Saliza mam','ICT','{\"source\": \"manual-assignment\", \"is_fixed\": true}','2026-06-20 06:12:34','2026-06-20 06:12:34'),(2658,10,1,3,'Grade 6PM','Th','11:25-12:05','Chandika mam','Nepali','{\"source\": \"laravel-ai-master-schedule-agent\", \"is_fixed\": true}','2026-06-20 06:12:34','2026-06-20 06:12:34'),(2659,10,1,3,'Grade 6PM','Th','12:05-12:45','Tanju mam','Science','{\"source\": \"laravel-ai-master-schedule-agent\", \"is_fixed\": true}','2026-06-20 06:12:34','2026-06-20 06:12:34'),(2660,10,1,3,'Grade 6PM','Th','13:20-14:05','Bina mam','Social','{\"source\": \"laravel-ai-master-schedule-agent\", \"is_fixed\": true}','2026-06-20 06:12:34','2026-06-20 06:12:34'),(2661,10,1,3,'Grade 6PM','Th','14:05-14:45','Club Sir','Club','{\"source\": \"manual-assignment\", \"is_fixed\": true}','2026-06-20 06:12:34','2026-06-20 06:12:34'),(2662,10,1,3,'Grade 6PM','Th','15:00-15:45','Sonam sir','English','{\"source\": \"laravel-ai-master-schedule-agent\", \"is_fixed\": true}','2026-06-20 06:12:34','2026-06-20 06:12:34'),(2663,10,1,3,'Grade 6PM','W','09:40-10:25','Mohit sir','Maths','{\"source\": \"manual-assignment\", \"is_fixed\": true}','2026-06-20 06:12:34','2026-06-20 06:12:34'),(2664,10,1,3,'Grade 6PM','W','10:35-11:15','Saliza mam','ICT','{\"source\": \"manual-assignment\", \"is_fixed\": true}','2026-06-20 06:12:34','2026-06-20 06:12:34'),(2665,10,1,3,'Grade 6PM','W','11:25-12:05','Chandika mam','Nepali','{\"source\": \"laravel-ai-master-schedule-agent\", \"is_fixed\": true}','2026-06-20 06:12:34','2026-06-20 06:12:34'),(2666,10,1,3,'Grade 6PM','W','12:05-12:45','Sabbu mam','Health','{\"source\": \"laravel-ai-master-schedule-agent\", \"is_fixed\": true}','2026-06-20 06:12:34','2026-06-20 06:12:34'),(2667,10,1,3,'Grade 6PM','W','13:20-14:05','Tanju mam','Science','{\"source\": \"laravel-ai-master-schedule-agent\", \"is_fixed\": true}','2026-06-20 06:12:34','2026-06-20 06:12:34'),(2668,10,1,3,'Grade 6PM','W','14:05-14:45','Bina mam','Social','{\"source\": \"laravel-ai-master-schedule-agent\", \"is_fixed\": true}','2026-06-20 06:12:34','2026-06-20 06:12:34'),(2669,10,1,3,'Grade 6PM','W','15:00-15:45','Sonam sir','English','{\"source\": \"laravel-ai-master-schedule-agent\", \"is_fixed\": true}','2026-06-20 06:12:34','2026-06-20 06:12:34'),(2670,10,1,1,'Grade 6RR','F','09:40-10:25','Bina mam','Social','{\"source\": \"laravel-ai-master-schedule-agent\", \"is_fixed\": true}','2026-06-20 06:12:34','2026-06-20 06:12:34'),(2671,10,1,1,'Grade 6RR','F','10:35-11:15','Chandika mam','Nepali','{\"source\": \"laravel-ai-master-schedule-agent\", \"is_fixed\": true}','2026-06-20 06:12:34','2026-06-20 06:12:34'),(2672,10,1,1,'Grade 6RR','F','11:25-12:05','Sonam sir','English','{\"source\": \"laravel-ai-master-schedule-agent\", \"is_fixed\": true}','2026-06-20 06:12:34','2026-06-20 06:12:34'),(2673,10,1,1,'Grade 6RR','F','12:05-12:45','Mohit sir','Maths','{\"source\": \"laravel-ai-master-schedule-agent\", \"is_fixed\": true}','2026-06-20 06:12:34','2026-06-20 06:12:34'),(2674,10,1,1,'Grade 6RR','F','13:20-14:05','Salina Mam','ICT','{\"source\": \"manual-assignment\", \"is_fixed\": true}','2026-06-20 06:12:34','2026-06-20 06:12:34'),(2675,10,1,1,'Grade 6RR','F','14:05-14:45','Chinese Mam','Chinese','{\"source\": \"manual-assignment\", \"is_fixed\": true}','2026-06-20 06:12:34','2026-06-20 06:12:34'),(2676,10,1,1,'Grade 6RR','F','15:00-15:45','Tanju mam','Science','{\"source\": \"manual-assignment\", \"is_fixed\": true}','2026-06-20 06:12:34','2026-06-20 06:12:34'),(2677,10,1,1,'Grade 6RR','M','09:40-10:25','Tanju mam','Science','{\"source\": \"manual-assignment\", \"is_fixed\": true}','2026-06-20 06:12:34','2026-06-20 06:12:34'),(2678,10,1,1,'Grade 6RR','M','10:35-11:15','Bina mam','Social','{\"source\": \"laravel-ai-master-schedule-agent\", \"is_fixed\": true}','2026-06-20 06:12:34','2026-06-20 06:12:34'),(2679,10,1,1,'Grade 6RR','M','11:25-12:05','Chandika mam','Nepali','{\"source\": \"laravel-ai-master-schedule-agent\", \"is_fixed\": true}','2026-06-20 06:12:34','2026-06-20 06:12:34'),(2680,10,1,1,'Grade 6RR','M','12:05-12:45','Sonam sir','English','{\"source\": \"laravel-ai-master-schedule-agent\", \"is_fixed\": true}','2026-06-20 06:12:34','2026-06-20 06:12:34'),(2681,10,1,1,'Grade 6RR','M','13:20-14:05','Dance Mam','Dance','{\"source\": \"manual-assignment\", \"is_fixed\": true}','2026-06-20 06:12:34','2026-06-20 06:12:34'),(2682,10,1,1,'Grade 6RR','M','14:05-14:45','Sabbu mam','Health','{\"source\": \"manual-assignment\", \"is_fixed\": true}','2026-06-20 06:12:34','2026-06-20 06:12:34'),(2683,10,1,1,'Grade 6RR','M','15:00-15:45','Mohit sir','Maths','{\"source\": \"manual-assignment\", \"is_fixed\": true}','2026-06-20 06:12:34','2026-06-20 06:12:34'),(2684,10,1,1,'Grade 6RR','T','09:40-10:25','Tanju mam','Science','{\"source\": \"manual-assignment\", \"is_fixed\": true}','2026-06-20 06:12:34','2026-06-20 06:12:34'),(2685,10,1,1,'Grade 6RR','T','10:35-11:15','Sabbu mam','Health','{\"source\": \"laravel-ai-master-schedule-agent\", \"is_fixed\": true}','2026-06-20 06:12:34','2026-06-20 06:12:34'),(2686,10,1,1,'Grade 6RR','T','11:25-12:05','Chandika mam','Nepali','{\"source\": \"laravel-ai-master-schedule-agent\", \"is_fixed\": true}','2026-06-20 06:12:34','2026-06-20 06:12:34'),(2687,10,1,1,'Grade 6RR','T','12:05-12:45','Bina mam','Social','{\"source\": \"laravel-ai-master-schedule-agent\", \"is_fixed\": true}','2026-06-20 06:12:34','2026-06-20 06:12:34'),(2688,10,1,1,'Grade 6RR','T','13:20-14:05','Game Sir','Games','{\"source\": \"manual-assignment\", \"is_fixed\": true}','2026-06-20 06:12:34','2026-06-20 06:12:34'),(2689,10,1,1,'Grade 6RR','T','14:05-14:45','Sonam sir','English','{\"source\": \"laravel-ai-master-schedule-agent\", \"is_fixed\": true}','2026-06-20 06:12:34','2026-06-20 06:12:34'),(2690,10,1,1,'Grade 6RR','T','15:00-15:45','Mohit sir','Maths','{\"source\": \"laravel-ai-master-schedule-agent\", \"is_fixed\": true}','2026-06-20 06:12:34','2026-06-20 06:12:34'),(2691,10,1,1,'Grade 6RR','Th','09:40-10:25','Bina mam','Social','{\"source\": \"laravel-ai-master-schedule-agent\", \"is_fixed\": true}','2026-06-20 06:12:34','2026-06-20 06:12:34'),(2692,10,1,1,'Grade 6RR','Th','10:35-11:15','Chandika mam','Nepali','{\"source\": \"laravel-ai-master-schedule-agent\", \"is_fixed\": true}','2026-06-20 06:12:34','2026-06-20 06:12:34'),(2693,10,1,1,'Grade 6RR','Th','11:25-12:05','Tanju mam','Science','{\"source\": \"manual-assignment\", \"is_fixed\": true}','2026-06-20 06:12:34','2026-06-20 06:12:34'),(2694,10,1,1,'Grade 6RR','Th','12:05-12:45','Sonam sir','English','{\"source\": \"laravel-ai-master-schedule-agent\", \"is_fixed\": true}','2026-06-20 06:12:34','2026-06-20 06:12:34'),(2695,10,1,1,'Grade 6RR','Th','13:20-14:05','Salina Mam','ICT','{\"source\": \"manual-assignment\", \"is_fixed\": true}','2026-06-20 06:12:34','2026-06-20 06:12:34'),(2696,10,1,1,'Grade 6RR','Th','14:05-14:45','Club Sir','Club','{\"source\": \"manual-assignment\", \"is_fixed\": true}','2026-06-20 06:12:34','2026-06-20 06:12:34'),(2697,10,1,1,'Grade 6RR','Th','15:00-15:45','Mohit sir','Maths','{\"source\": \"laravel-ai-master-schedule-agent\", \"is_fixed\": true}','2026-06-20 06:12:34','2026-06-20 06:12:34'),(2698,10,1,1,'Grade 6RR','W','09:40-10:25','Tanju mam','Science','{\"source\": \"manual-assignment\", \"is_fixed\": true}','2026-06-20 06:12:34','2026-06-20 06:12:34'),(2699,10,1,1,'Grade 6RR','W','10:35-11:15','Chandika mam','Nepali','{\"source\": \"laravel-ai-master-schedule-agent\", \"is_fixed\": true}','2026-06-20 06:12:34','2026-06-20 06:12:34'),(2700,10,1,1,'Grade 6RR','W','11:25-12:05','Sabbu mam','Health','{\"source\": \"laravel-ai-master-schedule-agent\", \"is_fixed\": true}','2026-06-20 06:12:34','2026-06-20 06:12:34'),(2701,10,1,1,'Grade 6RR','W','12:05-12:45','Bina mam','Social','{\"source\": \"laravel-ai-master-schedule-agent\", \"is_fixed\": true}','2026-06-20 06:12:34','2026-06-20 06:12:34'),(2702,10,1,1,'Grade 6RR','W','13:20-14:05','Salina Mam','ICT','{\"source\": \"manual-assignment\", \"is_fixed\": true}','2026-06-20 06:12:34','2026-06-20 06:12:34'),(2703,10,1,1,'Grade 6RR','W','14:05-14:45','Sonam sir','English','{\"source\": \"laravel-ai-master-schedule-agent\", \"is_fixed\": true}','2026-06-20 06:12:34','2026-06-20 06:12:34'),(2704,10,1,1,'Grade 6RR','W','15:00-15:45','Mohit sir','Maths','{\"source\": \"laravel-ai-master-schedule-agent\", \"is_fixed\": true}','2026-06-20 06:12:34','2026-06-20 06:12:34'),(2705,10,1,2,'Grade 6TM','F','09:40-10:25','Chandika mam','Nepali','{\"source\": \"laravel-ai-master-schedule-agent\", \"is_fixed\": true}','2026-06-20 06:12:35','2026-06-20 06:12:35'),(2706,10,1,2,'Grade 6TM','F','10:35-11:15','Bina mam','Social','{\"source\": \"laravel-ai-master-schedule-agent\", \"is_fixed\": true}','2026-06-20 06:12:35','2026-06-20 06:12:35'),(2707,10,1,2,'Grade 6TM','F','11:25-12:05','Mohit sir','Maths','{\"source\": \"laravel-ai-master-schedule-agent\", \"is_fixed\": true}','2026-06-20 06:12:35','2026-06-20 06:12:35'),(2708,10,1,2,'Grade 6TM','F','12:05-12:45','Tanju mam','Science','{\"source\": \"laravel-ai-master-schedule-agent\", \"is_fixed\": true}','2026-06-20 06:12:35','2026-06-20 06:12:35'),(2709,10,1,2,'Grade 6TM','F','13:20-14:05','Chinese Mam','Chinese','{\"source\": \"manual-assignment\", \"is_fixed\": true}','2026-06-20 06:12:35','2026-06-20 06:12:35'),(2710,10,1,2,'Grade 6TM','F','14:05-14:45','Awanti mam','English','{\"source\": \"laravel-ai-master-schedule-agent\", \"is_fixed\": true}','2026-06-20 06:12:35','2026-06-20 06:12:35'),(2711,10,1,2,'Grade 6TM','F','15:00-15:45','Sabbu mam','Health','{\"source\": \"manual-assignment\", \"is_fixed\": true}','2026-06-20 06:12:35','2026-06-20 06:12:35'),(2712,10,1,2,'Grade 6TM','M','09:40-10:25','Chandika mam','Nepali','{\"source\": \"laravel-ai-master-schedule-agent\", \"is_fixed\": true}','2026-06-20 06:12:35','2026-06-20 06:12:35'),(2713,10,1,2,'Grade 6TM','M','10:35-11:15','Mohit sir','Maths','{\"source\": \"laravel-ai-master-schedule-agent\", \"is_fixed\": true}','2026-06-20 06:12:35','2026-06-20 06:12:35'),(2714,10,1,2,'Grade 6TM','M','11:25-12:05','Bina mam','Social','{\"source\": \"laravel-ai-master-schedule-agent\", \"is_fixed\": true}','2026-06-20 06:12:35','2026-06-20 06:12:35'),(2715,10,1,2,'Grade 6TM','M','12:05-12:45','Saliza mam','ICT','{\"source\": \"manual-assignment\", \"is_fixed\": true}','2026-06-20 06:12:35','2026-06-20 06:12:35'),(2716,10,1,2,'Grade 6TM','M','13:20-14:05','Dance Mam','Dance','{\"source\": \"manual-assignment\", \"is_fixed\": true}','2026-06-20 06:12:35','2026-06-20 06:12:35'),(2717,10,1,2,'Grade 6TM','M','14:05-14:45','Tanju mam','Science','{\"source\": \"laravel-ai-master-schedule-agent\", \"is_fixed\": true}','2026-06-20 06:12:35','2026-06-20 06:12:35'),(2718,10,1,2,'Grade 6TM','M','15:00-15:45','Awanti mam','English','{\"source\": \"laravel-ai-master-schedule-agent\", \"is_fixed\": true}','2026-06-20 06:12:35','2026-06-20 06:12:35'),(2719,10,1,2,'Grade 6TM','T','09:40-10:25','Chandika mam','Nepali','{\"source\": \"laravel-ai-master-schedule-agent\", \"is_fixed\": true}','2026-06-20 06:12:35','2026-06-20 06:12:35'),(2720,10,1,2,'Grade 6TM','T','10:35-11:15','Bina mam','Social','{\"source\": \"laravel-ai-master-schedule-agent\", \"is_fixed\": true}','2026-06-20 06:12:35','2026-06-20 06:12:35'),(2721,10,1,2,'Grade 6TM','T','11:25-12:05','Mohit sir','Maths','{\"source\": \"laravel-ai-master-schedule-agent\", \"is_fixed\": true}','2026-06-20 06:12:35','2026-06-20 06:12:35'),(2722,10,1,2,'Grade 6TM','T','12:05-12:45','Saliza mam','ICT','{\"source\": \"manual-assignment\", \"is_fixed\": true}','2026-06-20 06:12:35','2026-06-20 06:12:35'),(2723,10,1,2,'Grade 6TM','T','13:20-14:05','Game Sir','Games','{\"source\": \"manual-assignment\", \"is_fixed\": true}','2026-06-20 06:12:35','2026-06-20 06:12:35'),(2724,10,1,2,'Grade 6TM','T','14:05-14:45','Tanju mam','Science','{\"source\": \"laravel-ai-master-schedule-agent\", \"is_fixed\": true}','2026-06-20 06:12:35','2026-06-20 06:12:35'),(2725,10,1,2,'Grade 6TM','T','15:00-15:45','Awanti mam','English','{\"source\": \"manual-assignment\", \"is_fixed\": true}','2026-06-20 06:12:35','2026-06-20 06:12:35'),(2726,10,1,2,'Grade 6TM','Th','09:40-10:25','Chandika mam','Nepali','{\"source\": \"laravel-ai-master-schedule-agent\", \"is_fixed\": true}','2026-06-20 06:12:35','2026-06-20 06:12:35'),(2727,10,1,2,'Grade 6TM','Th','10:35-11:15','Bina mam','Social','{\"source\": \"laravel-ai-master-schedule-agent\", \"is_fixed\": true}','2026-06-20 06:12:35','2026-06-20 06:12:35'),(2728,10,1,2,'Grade 6TM','Th','11:25-12:05','Mohit sir','Maths','{\"source\": \"manual-assignment\", \"is_fixed\": true}','2026-06-20 06:12:35','2026-06-20 06:12:35'),(2729,10,1,2,'Grade 6TM','Th','12:05-12:45','Sabbu mam','Health','{\"source\": \"laravel-ai-master-schedule-agent\", \"is_fixed\": true}','2026-06-20 06:12:35','2026-06-20 06:12:35'),(2730,10,1,2,'Grade 6TM','Th','13:20-14:05','Tanju mam','Science','{\"source\": \"laravel-ai-master-schedule-agent\", \"is_fixed\": true}','2026-06-20 06:12:35','2026-06-20 06:12:35'),(2731,10,1,2,'Grade 6TM','Th','14:05-14:45','Club Sir','Club','{\"source\": \"manual-assignment\", \"is_fixed\": true}','2026-06-20 06:12:35','2026-06-20 06:12:35'),(2732,10,1,2,'Grade 6TM','Th','15:00-15:45','Awanti mam','English','{\"source\": \"laravel-ai-master-schedule-agent\", \"is_fixed\": true}','2026-06-20 06:12:35','2026-06-20 06:12:35'),(2733,10,1,2,'Grade 6TM','W','09:40-10:25','Chandika mam','Nepali','{\"source\": \"laravel-ai-master-schedule-agent\", \"is_fixed\": true}','2026-06-20 06:12:35','2026-06-20 06:12:35'),(2734,10,1,2,'Grade 6TM','W','10:35-11:15','Bina mam','Social','{\"source\": \"laravel-ai-master-schedule-agent\", \"is_fixed\": true}','2026-06-20 06:12:35','2026-06-20 06:12:35'),(2735,10,1,2,'Grade 6TM','W','11:25-12:05','Mohit sir','Maths','{\"source\": \"manual-assignment\", \"is_fixed\": true}','2026-06-20 06:12:35','2026-06-20 06:12:35'),(2736,10,1,2,'Grade 6TM','W','12:05-12:45','Saliza mam','ICT','{\"source\": \"manual-assignment\", \"is_fixed\": true}','2026-06-20 06:12:35','2026-06-20 06:12:35'),(2737,10,1,2,'Grade 6TM','W','13:20-14:05','Sabbu mam','Health','{\"source\": \"laravel-ai-master-schedule-agent\", \"is_fixed\": true}','2026-06-20 06:12:35','2026-06-20 06:12:35'),(2738,10,1,2,'Grade 6TM','W','14:05-14:45','Tanju mam','Science','{\"source\": \"laravel-ai-master-schedule-agent\", \"is_fixed\": true}','2026-06-20 06:12:35','2026-06-20 06:12:35'),(2739,10,1,2,'Grade 6TM','W','15:00-15:45','Awanti mam','English','{\"source\": \"laravel-ai-master-schedule-agent\", \"is_fixed\": true}','2026-06-20 06:12:35','2026-06-20 06:12:35'),(2740,10,1,6,'Grade 7PM','F','09:40-10:25','Sharmila mam','Social','{\"source\": \"manual-assignment\", \"is_fixed\": true}','2026-06-20 06:12:35','2026-06-20 06:12:35'),(2741,10,1,6,'Grade 7PM','F','10:35-11:15','Archana mam','Nepali','{\"source\": \"manual-assignment\", \"is_fixed\": true}','2026-06-20 06:12:35','2026-06-20 06:12:35'),(2742,10,1,6,'Grade 7PM','F','11:25-12:05','Salina Mam','ICT','{\"source\": \"manual-assignment\", \"is_fixed\": true}','2026-06-20 06:12:35','2026-06-20 06:12:35'),(2743,10,1,6,'Grade 7PM','F','12:05-12:45','Pratibha mam','Science','{\"source\": \"laravel-ai-master-schedule-agent\", \"is_fixed\": true}','2026-06-20 06:12:35','2026-06-20 06:12:35'),(2744,10,1,6,'Grade 7PM','F','13:20-14:05','Mohit sir','Maths','{\"source\": \"laravel-ai-master-schedule-agent\", \"is_fixed\": true}','2026-06-20 06:12:35','2026-06-20 06:12:35'),(2745,10,1,6,'Grade 7PM','F','14:05-14:45','Sabbu mam','Health','{\"source\": \"manual-assignment\", \"is_fixed\": true}','2026-06-20 06:12:35','2026-06-20 06:12:35'),(2746,10,1,6,'Grade 7PM','F','15:00-15:45','Awanti mam','English','{\"source\": \"laravel-ai-master-schedule-agent\", \"is_fixed\": true}','2026-06-20 06:12:35','2026-06-20 06:12:35'),(2747,10,1,6,'Grade 7PM','M','09:40-10:25','Sharmila mam','Social','{\"source\": \"manual-assignment\", \"is_fixed\": true}','2026-06-20 06:12:35','2026-06-20 06:12:35'),(2748,10,1,6,'Grade 7PM','M','10:35-11:15','Archana mam','Nepali','{\"source\": \"manual-assignment\", \"is_fixed\": true}','2026-06-20 06:12:35','2026-06-20 06:12:35'),(2749,10,1,6,'Grade 7PM','M','11:25-12:05','Mohit sir','Maths','{\"source\": \"laravel-ai-master-schedule-agent\", \"is_fixed\": true}','2026-06-20 06:12:35','2026-06-20 06:12:35'),(2750,10,1,6,'Grade 7PM','M','12:05-12:45','Sabbu mam','Health','{\"source\": \"manual-assignment\", \"is_fixed\": true}','2026-06-20 06:12:35','2026-06-20 06:12:35'),(2751,10,1,6,'Grade 7PM','M','13:20-14:05','Awanti mam','English','{\"source\": \"laravel-ai-master-schedule-agent\", \"is_fixed\": true}','2026-06-20 06:12:35','2026-06-20 06:12:35'),(2752,10,1,6,'Grade 7PM','M','14:05-14:45','Dance Mam','Dance','{\"source\": \"manual-assignment\", \"is_fixed\": true}','2026-06-20 06:12:35','2026-06-20 06:12:35'),(2753,10,1,6,'Grade 7PM','M','15:00-15:45','Pratibha mam','Science','{\"source\": \"manual-assignment\", \"is_fixed\": true}','2026-06-20 06:12:35','2026-06-20 06:12:35'),(2754,10,1,6,'Grade 7PM','T','09:40-10:25','Sharmila mam','Social','{\"source\": \"manual-assignment\", \"is_fixed\": true}','2026-06-20 06:12:35','2026-06-20 06:12:35'),(2755,10,1,6,'Grade 7PM','T','10:35-11:15','Archana mam','Nepali','{\"source\": \"manual-assignment\", \"is_fixed\": true}','2026-06-20 06:12:35','2026-06-20 06:12:35'),(2756,10,1,6,'Grade 7PM','T','11:25-12:05','Pratibha mam','Science','{\"source\": \"laravel-ai-master-schedule-agent\", \"is_fixed\": true}','2026-06-20 06:12:35','2026-06-20 06:12:35'),(2757,10,1,6,'Grade 7PM','T','12:05-12:45','Mohit sir','Maths','{\"source\": \"laravel-ai-master-schedule-agent\", \"is_fixed\": true}','2026-06-20 06:12:35','2026-06-20 06:12:35'),(2758,10,1,6,'Grade 7PM','T','13:20-14:05','Sabbu mam','Health','{\"source\": \"laravel-ai-master-schedule-agent\", \"is_fixed\": true}','2026-06-20 06:12:35','2026-06-20 06:12:35'),(2759,10,1,6,'Grade 7PM','T','14:05-14:45','Awanti mam','English','{\"source\": \"laravel-ai-master-schedule-agent\", \"is_fixed\": true}','2026-06-20 06:12:35','2026-06-20 06:12:35'),(2760,10,1,6,'Grade 7PM','T','15:00-15:45','Chinese Mam','Chinese','{\"source\": \"manual-assignment\", \"is_fixed\": true}','2026-06-20 06:12:35','2026-06-20 06:12:35'),(2761,10,1,6,'Grade 7PM','Th','09:40-10:25','Sharmila mam','Social','{\"source\": \"manual-assignment\", \"is_fixed\": true}','2026-06-20 06:12:35','2026-06-20 06:12:35'),(2762,10,1,6,'Grade 7PM','Th','10:35-11:15','Archana mam','Nepali','{\"source\": \"manual-assignment\", \"is_fixed\": true}','2026-06-20 06:12:35','2026-06-20 06:12:35'),(2763,10,1,6,'Grade 7PM','Th','11:25-12:05','Salina Mam','ICT','{\"source\": \"manual-assignment\", \"is_fixed\": true}','2026-06-20 06:12:35','2026-06-20 06:12:35'),(2764,10,1,6,'Grade 7PM','Th','12:05-12:45','Mohit sir','Maths','{\"source\": \"laravel-ai-master-schedule-agent\", \"is_fixed\": true}','2026-06-20 06:12:35','2026-06-20 06:12:35'),(2765,10,1,6,'Grade 7PM','Th','13:20-14:05','Awanti mam','English','{\"source\": \"manual-assignment\", \"is_fixed\": true}','2026-06-20 06:12:35','2026-06-20 06:12:35'),(2766,10,1,6,'Grade 7PM','Th','14:05-14:45','Pratibha mam','Science','{\"source\": \"laravel-ai-master-schedule-agent\", \"is_fixed\": true}','2026-06-20 06:12:35','2026-06-20 06:12:35'),(2767,10,1,6,'Grade 7PM','Th','15:00-15:45','Club Sir','Club','{\"source\": \"manual-assignment\", \"is_fixed\": true}','2026-06-20 06:12:35','2026-06-20 06:12:35'),(2768,10,1,6,'Grade 7PM','W','09:40-10:25','Sharmila mam','Social','{\"source\": \"manual-assignment\", \"is_fixed\": true}','2026-06-20 06:12:35','2026-06-20 06:12:35'),(2769,10,1,6,'Grade 7PM','W','10:35-11:15','Archana mam','Nepali','{\"source\": \"manual-assignment\", \"is_fixed\": true}','2026-06-20 06:12:35','2026-06-20 06:12:35'),(2770,10,1,6,'Grade 7PM','W','11:25-12:05','Salina Mam','ICT','{\"source\": \"manual-assignment\", \"is_fixed\": true}','2026-06-20 06:12:35','2026-06-20 06:12:35'),(2771,10,1,6,'Grade 7PM','W','12:05-12:45','Mohit sir','Maths','{\"source\": \"laravel-ai-master-schedule-agent\", \"is_fixed\": true}','2026-06-20 06:12:35','2026-06-20 06:12:35'),(2772,10,1,6,'Grade 7PM','W','13:20-14:05','Awanti mam','English','{\"source\": \"laravel-ai-master-schedule-agent\", \"is_fixed\": true}','2026-06-20 06:12:35','2026-06-20 06:12:35'),(2773,10,1,6,'Grade 7PM','W','14:05-14:45','Game Sir','Games','{\"source\": \"manual-assignment\", \"is_fixed\": true}','2026-06-20 06:12:35','2026-06-20 06:12:35'),(2774,10,1,6,'Grade 7PM','W','15:00-15:45','Pratibha mam','Science','{\"source\": \"manual-assignment\", \"is_fixed\": true}','2026-06-20 06:12:35','2026-06-20 06:12:35'),(2775,10,1,4,'Grade 7RR','F','09:40-10:25','Sabbu mam','Health','{\"source\": \"laravel-ai-master-schedule-agent\", \"is_fixed\": true}','2026-06-20 06:12:35','2026-06-20 06:12:35'),(2776,10,1,4,'Grade 7RR','F','10:35-11:15','Tanju mam','Science','{\"source\": \"laravel-ai-master-schedule-agent\", \"is_fixed\": true}','2026-06-20 06:12:35','2026-06-20 06:12:35'),(2777,10,1,4,'Grade 7RR','F','11:25-12:05','Saliza mam','ICT','{\"source\": \"manual-assignment\", \"is_fixed\": true}','2026-06-20 06:12:35','2026-06-20 06:12:35'),(2778,10,1,4,'Grade 7RR','F','13:20-14:05','Awanti mam','English','{\"source\": \"laravel-ai-master-schedule-agent\", \"is_fixed\": true}','2026-06-20 06:12:35','2026-06-20 06:12:35'),(2779,10,1,4,'Grade 7RR','F','14:05-14:45','Monika mam','Maths','{\"source\": \"laravel-ai-master-schedule-agent\", \"is_fixed\": true}','2026-06-20 06:12:35','2026-06-20 06:12:35'),(2780,10,1,4,'Grade 7RR','F','15:00-15:45','Sharmila mam','Social','{\"source\": \"manual-assignment\", \"is_fixed\": true}','2026-06-20 06:12:35','2026-06-20 06:12:35'),(2781,10,1,4,'Grade 7RR','M','09:40-10:25','Awanti mam','English','{\"source\": \"laravel-ai-master-schedule-agent\", \"is_fixed\": true}','2026-06-20 06:12:35','2026-06-20 06:12:35'),(2782,10,1,4,'Grade 7RR','M','10:35-11:15','Tanju mam','Science','{\"source\": \"laravel-ai-master-schedule-agent\", \"is_fixed\": true}','2026-06-20 06:12:35','2026-06-20 06:12:35'),(2783,10,1,4,'Grade 7RR','M','11:25-12:05','Saliza mam','ICT','{\"source\": \"manual-assignment\", \"is_fixed\": true}','2026-06-20 06:12:35','2026-06-20 06:12:35'),(2784,10,1,4,'Grade 7RR','M','12:05-12:45','Chandika mam','Nepali','{\"source\": \"laravel-ai-master-schedule-agent\", \"is_fixed\": true}','2026-06-20 06:12:35','2026-06-20 06:12:35'),(2785,10,1,4,'Grade 7RR','M','13:20-14:05','Monika mam','Maths','{\"source\": \"laravel-ai-master-schedule-agent\", \"is_fixed\": true}','2026-06-20 06:12:35','2026-06-20 06:12:35'),(2786,10,1,4,'Grade 7RR','M','14:05-14:45','Dance Mam','Dance','{\"source\": \"manual-assignment\", \"is_fixed\": true}','2026-06-20 06:12:35','2026-06-20 06:12:35'),(2787,10,1,4,'Grade 7RR','M','15:00-15:45','Sharmila mam','Social','{\"source\": \"manual-assignment\", \"is_fixed\": true}','2026-06-20 06:12:35','2026-06-20 06:12:35'),(2788,10,1,4,'Grade 7RR','T','09:40-10:25','Awanti mam','English','{\"source\": \"laravel-ai-master-schedule-agent\", \"is_fixed\": true}','2026-06-20 06:12:35','2026-06-20 06:12:35'),(2789,10,1,4,'Grade 7RR','T','10:35-11:15','Tanju mam','Science','{\"source\": \"laravel-ai-master-schedule-agent\", \"is_fixed\": true}','2026-06-20 06:12:35','2026-06-20 06:12:35'),(2790,10,1,4,'Grade 7RR','T','11:25-12:05','Saliza mam','ICT','{\"source\": \"manual-assignment\", \"is_fixed\": true}','2026-06-20 06:12:35','2026-06-20 06:12:35'),(2791,10,1,4,'Grade 7RR','T','12:05-12:45','Chandika mam','Nepali','{\"source\": \"laravel-ai-master-schedule-agent\", \"is_fixed\": true}','2026-06-20 06:12:35','2026-06-20 06:12:35'),(2792,10,1,4,'Grade 7RR','T','13:20-14:05','Monika mam','Maths','{\"source\": \"laravel-ai-master-schedule-agent\", \"is_fixed\": true}','2026-06-20 06:12:35','2026-06-20 06:12:35'),(2793,10,1,4,'Grade 7RR','T','14:05-14:45','Chinese Mam','Chinese','{\"source\": \"manual-assignment\", \"is_fixed\": true}','2026-06-20 06:12:35','2026-06-20 06:12:35'),(2794,10,1,4,'Grade 7RR','T','15:00-15:45','Sharmila mam','Social','{\"source\": \"manual-assignment\", \"is_fixed\": true}','2026-06-20 06:12:35','2026-06-20 06:12:35'),(2795,10,1,4,'Grade 7RR','Th','09:40-10:25','Tanju mam','Science','{\"source\": \"laravel-ai-master-schedule-agent\", \"is_fixed\": true}','2026-06-20 06:12:35','2026-06-20 06:12:35'),(2796,10,1,4,'Grade 7RR','Th','10:35-11:15','Sabbu mam','Health','{\"source\": \"laravel-ai-master-schedule-agent\", \"is_fixed\": true}','2026-06-20 06:12:35','2026-06-20 06:12:35'),(2797,10,1,4,'Grade 7RR','Th','11:25-12:05','Awanti mam','English','{\"source\": \"laravel-ai-master-schedule-agent\", \"is_fixed\": true}','2026-06-20 06:12:35','2026-06-20 06:12:35'),(2798,10,1,4,'Grade 7RR','Th','12:05-12:45','Chandika mam','Nepali','{\"source\": \"laravel-ai-master-schedule-agent\", \"is_fixed\": true}','2026-06-20 06:12:35','2026-06-20 06:12:35'),(2799,10,1,4,'Grade 7RR','Th','13:20-14:05','Monika mam','Maths','{\"source\": \"laravel-ai-master-schedule-agent\", \"is_fixed\": true}','2026-06-20 06:12:35','2026-06-20 06:12:35'),(2800,10,1,4,'Grade 7RR','Th','14:05-14:45','Sharmila mam','Social','{\"source\": \"manual-assignment\", \"is_fixed\": true}','2026-06-20 06:12:35','2026-06-20 06:12:35'),(2801,10,1,4,'Grade 7RR','Th','15:00-15:45','Club Sir','Club','{\"source\": \"manual-assignment\", \"is_fixed\": true}','2026-06-20 06:12:35','2026-06-20 06:12:35'),(2802,10,1,4,'Grade 7RR','W','09:40-10:25','Sabbu mam','Health','{\"source\": \"laravel-ai-master-schedule-agent\", \"is_fixed\": true}','2026-06-20 06:12:35','2026-06-20 06:12:35'),(2803,10,1,4,'Grade 7RR','W','10:35-11:15','Tanju mam','Science','{\"source\": \"laravel-ai-master-schedule-agent\", \"is_fixed\": true}','2026-06-20 06:12:35','2026-06-20 06:12:35'),(2804,10,1,4,'Grade 7RR','W','11:25-12:05','Awanti mam','English','{\"source\": \"laravel-ai-master-schedule-agent\", \"is_fixed\": true}','2026-06-20 06:12:35','2026-06-20 06:12:35'),(2805,10,1,4,'Grade 7RR','W','12:05-12:45','Chandika mam','Nepali','{\"source\": \"laravel-ai-master-schedule-agent\", \"is_fixed\": true}','2026-06-20 06:12:35','2026-06-20 06:12:35'),(2806,10,1,4,'Grade 7RR','W','13:20-14:05','Monika mam','Maths','{\"source\": \"laravel-ai-master-schedule-agent\", \"is_fixed\": true}','2026-06-20 06:12:35','2026-06-20 06:12:35'),(2807,10,1,4,'Grade 7RR','W','14:05-14:45','Game Sir','Games','{\"source\": \"manual-assignment\", \"is_fixed\": true}','2026-06-20 06:12:35','2026-06-20 06:12:35'),(2808,10,1,4,'Grade 7RR','W','15:00-15:45','Sharmila mam','Social','{\"source\": \"manual-assignment\", \"is_fixed\": true}','2026-06-20 06:12:35','2026-06-20 06:12:35'),(2809,10,1,5,'Grade 7TM','F','10:35-11:15','Salina Mam','ICT','{\"source\": \"manual-assignment\", \"is_fixed\": true}','2026-06-20 06:17:31','2026-06-20 06:17:31'),(2810,10,1,5,'Grade 7TM','F','11:25-12:05','Chinese Mam','Chinese','{\"source\": \"manual-assignment\", \"is_fixed\": true}','2026-06-20 06:17:31','2026-06-20 06:17:31'),(2811,10,1,5,'Grade 7TM','F','13:20-14:05','Sharmila mam','Social','{\"source\": \"manual-assignment\", \"is_fixed\": true}','2026-06-20 06:17:31','2026-06-20 06:17:31'),(2812,10,1,5,'Grade 7TM','M','09:40-10:25','Pratibha mam','Science','{\"source\": \"laravel-ai-master-schedule-agent\", \"is_fixed\": true}','2026-06-20 06:17:31','2026-06-20 06:17:31'),(2813,10,1,5,'Grade 7TM','M','13:20-14:05','Sharmila mam','Social','{\"source\": \"manual-assignment\", \"is_fixed\": true}','2026-06-20 06:17:31','2026-06-20 06:17:31'),(2814,10,1,5,'Grade 7TM','M','14:05-14:45','Dance Mam','Dance','{\"source\": \"manual-assignment\", \"is_fixed\": true}','2026-06-20 06:17:31','2026-06-20 06:17:31'),(2815,10,1,5,'Grade 7TM','T','09:40-10:25','Pratibha mam','Science','{\"source\": \"laravel-ai-master-schedule-agent\", \"is_fixed\": true}','2026-06-20 06:17:31','2026-06-20 06:17:31'),(2816,10,1,5,'Grade 7TM','T','13:20-14:05','Sharmila mam','Social','{\"source\": \"manual-assignment\", \"is_fixed\": true}','2026-06-20 06:17:31','2026-06-20 06:17:31'),(2817,10,1,5,'Grade 7TM','Th','09:40-10:25','Pratibha mam','Science','{\"source\": \"manual-assignment\", \"is_fixed\": true}','2026-06-20 06:17:31','2026-06-20 06:17:31'),(2818,10,1,5,'Grade 7TM','Th','10:35-11:15','Salina Mam','ICT','{\"source\": \"manual-assignment\", \"is_fixed\": true}','2026-06-20 06:17:31','2026-06-20 06:17:31'),(2819,10,1,5,'Grade 7TM','Th','13:20-14:05','Sharmila mam','Social','{\"source\": \"manual-assignment\", \"is_fixed\": true}','2026-06-20 06:17:31','2026-06-20 06:17:31'),(2820,10,1,5,'Grade 7TM','Th','15:00-15:45','Club Sir','Club','{\"source\": \"manual-assignment\", \"is_fixed\": true}','2026-06-20 06:17:31','2026-06-20 06:17:31'),(2821,10,1,5,'Grade 7TM','W','10:35-11:15','Salina Mam','ICT','{\"source\": \"manual-assignment\", \"is_fixed\": true}','2026-06-20 06:17:31','2026-06-20 06:17:31'),(2822,10,1,5,'Grade 7TM','W','13:20-14:05','Sharmila mam','Social','{\"source\": \"manual-assignment\", \"is_fixed\": true}','2026-06-20 06:17:31','2026-06-20 06:17:31'),(2823,10,1,5,'Grade 7TM','W','14:05-14:45','Game Sir','Games','{\"source\": \"manual-assignment\", \"is_fixed\": true}','2026-06-20 06:17:31','2026-06-20 06:17:31'),(2824,10,1,5,'Grade 7TM','T','10:35-11:15','Mohit sir','Maths','{\"source\": \"laravel-ai-master-schedule-agent\"}','2026-06-20 06:17:31','2026-06-20 06:17:31'),(2825,10,1,5,'Grade 7TM','Th','14:05-14:45','Mohit sir','Maths','{\"source\": \"laravel-ai-master-schedule-agent\"}','2026-06-20 06:17:31','2026-06-20 06:17:31'),(2826,10,1,5,'Grade 7TM','F','09:40-10:25','Mohit sir','Maths','{\"source\": \"laravel-ai-master-schedule-agent\"}','2026-06-20 06:17:31','2026-06-20 06:17:31'),(2827,10,1,5,'Grade 7TM','M','12:05-12:45','Mohit sir','Maths','{\"source\": \"laravel-ai-master-schedule-agent\"}','2026-06-20 06:17:31','2026-06-20 06:17:31'),(2828,10,1,5,'Grade 7TM','T','14:05-14:45','Chandika mam','Nepali','{\"source\": \"laravel-ai-master-schedule-agent\"}','2026-06-20 06:17:31','2026-06-20 06:17:31'),(2829,10,1,5,'Grade 7TM','W','15:00-15:45','Chandika mam','Nepali','{\"source\": \"laravel-ai-master-schedule-agent\"}','2026-06-20 06:17:31','2026-06-20 06:17:31'),(2830,10,1,5,'Grade 7TM','F','14:05-14:45','Chandika mam','Nepali','{\"source\": \"laravel-ai-master-schedule-agent\"}','2026-06-20 06:17:31','2026-06-20 06:17:31'),(2831,10,1,5,'Grade 7TM','M','15:00-15:45','Chandika mam','Nepali','{\"source\": \"laravel-ai-master-schedule-agent\"}','2026-06-20 06:17:31','2026-06-20 06:17:31'),(2832,10,1,5,'Grade 7TM','T','12:05-12:45','Sabbu mam','Health','{\"source\": \"laravel-ai-master-schedule-agent\"}','2026-06-20 06:17:31','2026-06-20 06:17:31'),(2833,10,1,5,'Grade 7TM','Th','11:25-12:05','Sabbu mam','Health','{\"source\": \"laravel-ai-master-schedule-agent\"}','2026-06-20 06:17:31','2026-06-20 06:17:31'),(2834,10,1,5,'Grade 7TM','M','10:35-11:15','Sabbu mam','Health','{\"source\": \"laravel-ai-master-schedule-agent\"}','2026-06-20 06:17:31','2026-06-20 06:17:31'),(2835,10,1,5,'Grade 7TM','T','11:25-12:05','Awanti mam','English','{\"source\": \"laravel-ai-master-schedule-agent\"}','2026-06-20 06:17:31','2026-06-20 06:17:31'),(2836,10,1,5,'Grade 7TM','W','09:40-10:25','Awanti mam','English','{\"source\": \"laravel-ai-master-schedule-agent\"}','2026-06-20 06:17:31','2026-06-20 06:17:31'),(2837,10,1,5,'Grade 7TM','Th','12:05-12:45','Awanti mam','English','{\"source\": \"laravel-ai-master-schedule-agent\"}','2026-06-20 06:17:31','2026-06-20 06:17:31'),(2838,10,1,5,'Grade 7TM','F','12:05-12:45','Awanti mam','English','{\"source\": \"laravel-ai-master-schedule-agent\"}','2026-06-20 06:17:31','2026-06-20 06:17:31'),(2839,10,1,5,'Grade 7TM','M','11:25-12:05','Awanti mam','English','{\"source\": \"laravel-ai-master-schedule-agent\"}','2026-06-20 06:17:31','2026-06-20 06:17:31'),(2840,10,1,4,'Grade 7RR','F','12:05-12:45','Chandika mam','Nepali','{\"source\": \"manual-assignment\", \"is_fixed\": true}','2026-06-20 06:19:21','2026-06-20 06:19:25'),(2841,10,1,9,'Grade 8PM','F','09:40-10:25','Saliza mam','ICT','{\"source\": \"manual-assignment\", \"is_fixed\": true}','2026-06-20 06:22:35','2026-06-20 06:22:35'),(2842,10,1,9,'Grade 8PM','F','13:20-14:05','Archana mam','Nepali','{\"source\": \"manual-assignment\", \"is_fixed\": true}','2026-06-20 06:22:35','2026-06-20 06:22:35'),(2843,10,1,9,'Grade 8PM','F','15:00-15:45','Sandhya mam','English','{\"source\": \"manual-assignment\", \"is_fixed\": true}','2026-06-20 06:22:35','2026-06-20 06:22:35'),(2844,10,1,9,'Grade 8PM','M','11:25-12:05','Archana mam','Nepali','{\"source\": \"manual-assignment\", \"is_fixed\": true}','2026-06-20 06:22:35','2026-06-20 06:22:35'),(2845,10,1,9,'Grade 8PM','M','15:00-15:45','Sandhya mam','English','{\"source\": \"manual-assignment\", \"is_fixed\": true}','2026-06-20 06:22:35','2026-06-20 06:22:35'),(2846,10,1,9,'Grade 8PM','T','11:25-12:05','Archana mam','Nepali','{\"source\": \"manual-assignment\", \"is_fixed\": true}','2026-06-20 06:22:35','2026-06-20 06:22:35'),(2847,10,1,9,'Grade 8PM','T','15:00-15:45','Sandhya mam','English','{\"source\": \"manual-assignment\", \"is_fixed\": true}','2026-06-20 06:22:35','2026-06-20 06:22:35'),(2848,10,1,9,'Grade 8PM','Th','09:40-10:25','Saliza mam','ICT','{\"source\": \"manual-assignment\", \"is_fixed\": true}','2026-06-20 06:22:35','2026-06-20 06:22:35'),(2849,10,1,9,'Grade 8PM','Th','13:20-14:05','Archana mam','Nepali','{\"source\": \"manual-assignment\", \"is_fixed\": true}','2026-06-20 06:22:35','2026-06-20 06:22:35'),(2850,10,1,9,'Grade 8PM','Th','14:05-14:45','Sandhya mam','English','{\"source\": \"manual-assignment\", \"is_fixed\": true}','2026-06-20 06:22:35','2026-06-20 06:22:35'),(2851,10,1,9,'Grade 8PM','Th','15:00-15:45','Club Sir','Club','{\"source\": \"manual-assignment\", \"is_fixed\": true}','2026-06-20 06:22:35','2026-06-20 06:22:35'),(2852,10,1,9,'Grade 8PM','W','11:25-12:05','Saliza mam','ICT','{\"source\": \"manual-assignment\", \"is_fixed\": true}','2026-06-20 06:22:35','2026-06-20 06:22:35'),(2853,10,1,9,'Grade 8PM','W','13:20-14:05','Archana mam','Nepali','{\"source\": \"manual-assignment\", \"is_fixed\": true}','2026-06-20 06:22:35','2026-06-20 06:22:35'),(2854,10,1,9,'Grade 8PM','W','14:05-14:45','Sandhya mam','English','{\"source\": \"manual-assignment\", \"is_fixed\": true}','2026-06-20 06:22:35','2026-06-20 06:22:35'),(2855,10,1,9,'Grade 8PM','W','15:00-15:45','Game Sir','Games','{\"source\": \"manual-assignment\", \"is_fixed\": true}','2026-06-20 06:22:35','2026-06-20 06:22:35'),(2856,10,1,9,'Grade 8PM','T','14:05-14:45','Sabbu mam','Health','{\"source\": \"laravel-ai-master-schedule-agent\"}','2026-06-20 06:22:35','2026-06-20 06:22:35'),(2857,10,1,9,'Grade 8PM','W','10:35-11:15','Sabbu mam','Health','{\"source\": \"laravel-ai-master-schedule-agent\"}','2026-06-20 06:22:35','2026-06-20 06:22:35'),(2858,10,1,9,'Grade 8PM','T','09:40-10:25','Bina mam','Social','{\"source\": \"laravel-ai-master-schedule-agent\"}','2026-06-20 06:22:35','2026-06-20 06:22:35'),(2859,10,1,9,'Grade 8PM','W','09:40-10:25','Bina mam','Social','{\"source\": \"laravel-ai-master-schedule-agent\"}','2026-06-20 06:22:35','2026-06-20 06:22:35'),(2860,10,1,9,'Grade 8PM','Th','11:25-12:05','Bina mam','Social','{\"source\": \"laravel-ai-master-schedule-agent\"}','2026-06-20 06:22:35','2026-06-20 06:22:35'),(2861,10,1,9,'Grade 8PM','F','11:25-12:05','Bina mam','Social','{\"source\": \"laravel-ai-master-schedule-agent\"}','2026-06-20 06:22:35','2026-06-20 06:22:35'),(2862,10,1,9,'Grade 8PM','T','10:35-11:15','Monika mam','Maths','{\"source\": \"laravel-ai-master-schedule-agent\"}','2026-06-20 06:22:35','2026-06-20 06:22:35'),(2863,10,1,9,'Grade 8PM','T','12:05-12:45','Monika mam','Opt Maths','{\"source\": \"laravel-ai-master-schedule-agent\"}','2026-06-20 06:22:35','2026-06-20 06:22:35'),(2864,10,1,9,'Grade 8PM','W','12:05-12:45','Pratibha mam','Science','{\"source\": \"laravel-ai-master-schedule-agent\"}','2026-06-20 06:22:35','2026-06-20 06:22:35'),(2865,10,1,9,'Grade 8PM','Th','10:35-11:15','Monika mam','Maths','{\"source\": \"laravel-ai-master-schedule-agent\"}','2026-06-20 06:22:35','2026-06-20 06:22:35'),(2866,10,1,9,'Grade 8PM','Th','12:05-12:45','Monika mam','Opt Maths','{\"source\": \"laravel-ai-master-schedule-agent\"}','2026-06-20 06:22:35','2026-06-20 06:22:35'),(2867,10,1,9,'Grade 8PM','F','10:35-11:15','Pratibha mam','Science','{\"source\": \"laravel-ai-master-schedule-agent\"}','2026-06-20 06:22:35','2026-06-20 06:22:35'),(2868,10,1,9,'Grade 8PM','F','12:05-12:45','Monika mam','Maths','{\"source\": \"laravel-ai-master-schedule-agent\"}','2026-06-20 06:22:35','2026-06-20 06:22:35'),(2869,10,1,9,'Grade 8PM','M','09:40-10:25','Monika mam','Opt Maths','{\"source\": \"laravel-ai-master-schedule-agent\"}','2026-06-20 06:22:35','2026-06-20 06:22:35'),(2870,10,1,9,'Grade 8PM','M','10:35-11:15','Pratibha mam','Science','{\"source\": \"laravel-ai-master-schedule-agent\"}','2026-06-20 06:22:35','2026-06-20 06:22:35'),(2871,10,1,9,'Grade 8PM','M','12:05-12:45','Monika mam','Maths','{\"source\": \"laravel-ai-master-schedule-agent\"}','2026-06-20 06:22:35','2026-06-20 06:22:35'),(2872,10,1,7,'Grade 8RR','F','12:05-12:45','Salina Mam','ICT','{\"source\": \"manual-assignment\", \"is_fixed\": true}','2026-06-20 06:27:43','2026-06-20 06:27:43'),(2873,10,1,7,'Grade 8RR','F','14:05-14:45','Archana mam','Nepali','{\"source\": \"manual-assignment\", \"is_fixed\": true}','2026-06-20 06:27:43','2026-06-20 06:27:43'),(2874,10,1,7,'Grade 8RR','F','15:00-15:45','Nabin sir','Opt Maths','{\"source\": \"manual-assignment\", \"is_fixed\": true}','2026-06-20 06:27:43','2026-06-20 06:27:43'),(2875,10,1,7,'Grade 8RR','M','14:05-14:45','Archana mam','Nepali','{\"source\": \"manual-assignment\", \"is_fixed\": true}','2026-06-20 06:27:43','2026-06-20 06:27:43'),(2876,10,1,7,'Grade 8RR','M','15:00-15:45','Nabin sir','Opt Maths','{\"source\": \"manual-assignment\", \"is_fixed\": true}','2026-06-20 06:27:43','2026-06-20 06:27:43'),(2877,10,1,7,'Grade 8RR','T','14:05-14:45','Archana mam','Nepali','{\"source\": \"manual-assignment\", \"is_fixed\": true}','2026-06-20 06:27:43','2026-06-20 06:27:43'),(2878,10,1,7,'Grade 8RR','T','15:00-15:45','Nabin sir','Opt Maths','{\"source\": \"manual-assignment\", \"is_fixed\": true}','2026-06-20 06:27:43','2026-06-20 06:27:43'),(2879,10,1,7,'Grade 8RR','Th','12:05-12:45','Salina Mam','ICT','{\"source\": \"manual-assignment\", \"is_fixed\": true}','2026-06-20 06:27:43','2026-06-20 06:27:43'),(2880,10,1,7,'Grade 8RR','Th','14:05-14:45','Archana mam','Nepali','{\"source\": \"manual-assignment\", \"is_fixed\": true}','2026-06-20 06:27:43','2026-06-20 06:27:43'),(2881,10,1,7,'Grade 8RR','Th','15:00-15:45','Club Sir','Club','{\"source\": \"manual-assignment\", \"is_fixed\": true}','2026-06-20 06:27:43','2026-06-20 06:27:43'),(2882,10,1,7,'Grade 8RR','W','12:05-12:45','Salina Mam','ICT','{\"source\": \"manual-assignment\", \"is_fixed\": true}','2026-06-20 06:27:43','2026-06-20 06:27:43'),(2883,10,1,7,'Grade 8RR','W','14:05-14:45','Archana mam','Nepali','{\"source\": \"manual-assignment\", \"is_fixed\": true}','2026-06-20 06:27:43','2026-06-20 06:27:43'),(2884,10,1,7,'Grade 8RR','W','15:00-15:45','Game Sir','Games','{\"source\": \"manual-assignment\", \"is_fixed\": true}','2026-06-20 06:27:43','2026-06-20 06:27:43'),(2885,10,1,7,'Grade 8RR','Th','09:40-10:25','Sabbu mam','Health','{\"source\": \"laravel-ai-master-schedule-agent\"}','2026-06-20 06:27:43','2026-06-20 06:27:43'),(2886,10,1,7,'Grade 8RR','F','10:35-11:15','Sabbu mam','Health','{\"source\": \"laravel-ai-master-schedule-agent\"}','2026-06-20 06:27:43','2026-06-20 06:27:43'),(2887,10,1,7,'Grade 8RR','T','10:35-11:15','Awanti mam','English','{\"source\": \"laravel-ai-master-schedule-agent\"}','2026-06-20 06:27:43','2026-06-20 06:27:43'),(2888,10,1,7,'Grade 8RR','T','09:40-10:25','Monika mam','Maths','{\"source\": \"laravel-ai-master-schedule-agent\"}','2026-06-20 06:27:43','2026-06-20 06:27:43'),(2889,10,1,7,'Grade 8RR','W','10:35-11:15','Awanti mam','English','{\"source\": \"laravel-ai-master-schedule-agent\"}','2026-06-20 06:27:43','2026-06-20 06:27:43'),(2890,10,1,7,'Grade 8RR','W','09:40-10:25','Monika mam','Maths','{\"source\": \"laravel-ai-master-schedule-agent\"}','2026-06-20 06:27:43','2026-06-20 06:27:43'),(2891,10,1,7,'Grade 8RR','Th','10:35-11:15','Awanti mam','English','{\"source\": \"laravel-ai-master-schedule-agent\"}','2026-06-20 06:27:43','2026-06-20 06:27:43'),(2892,10,1,7,'Grade 8RR','Th','11:25-12:05','Monika mam','Maths','{\"source\": \"laravel-ai-master-schedule-agent\"}','2026-06-20 06:27:43','2026-06-20 06:27:43'),(2893,10,1,7,'Grade 8RR','F','09:40-10:25','Awanti mam','English','{\"source\": \"laravel-ai-master-schedule-agent\"}','2026-06-20 06:27:43','2026-06-20 06:27:43'),(2894,10,1,7,'Grade 8RR','F','11:25-12:05','Monika mam','Maths','{\"source\": \"laravel-ai-master-schedule-agent\"}','2026-06-20 06:27:43','2026-06-20 06:27:43'),(2895,10,1,7,'Grade 8RR','M','10:35-11:15','Awanti mam','English','{\"source\": \"laravel-ai-master-schedule-agent\"}','2026-06-20 06:27:43','2026-06-20 06:27:43'),(2896,10,1,7,'Grade 8RR','M','11:25-12:05','Monika mam','Maths','{\"source\": \"laravel-ai-master-schedule-agent\"}','2026-06-20 06:27:43','2026-06-20 06:27:43'),(2897,10,1,7,'Grade 8RR','T','11:25-12:05','Bina mam','Social','{\"source\": \"laravel-ai-master-schedule-agent\"}','2026-06-20 06:27:43','2026-06-20 06:27:43'),(2898,10,1,7,'Grade 8RR','W','13:20-14:05','Bina mam','Social','{\"source\": \"laravel-ai-master-schedule-agent\"}','2026-06-20 06:27:43','2026-06-20 06:27:43'),(2899,10,1,7,'Grade 8RR','F','13:20-14:05','Bina mam','Social','{\"source\": \"laravel-ai-master-schedule-agent\"}','2026-06-20 06:27:43','2026-06-20 06:27:43'),(2900,10,1,7,'Grade 8RR','M','09:40-10:25','Bina mam','Social','{\"source\": \"laravel-ai-master-schedule-agent\"}','2026-06-20 06:27:43','2026-06-20 06:27:43'),(2901,10,1,7,'Grade 8RR','T','12:05-12:45','Pratibha mam','Science','{\"source\": \"laravel-ai-master-schedule-agent\"}','2026-06-20 06:27:43','2026-06-20 06:27:43'),(2902,10,1,7,'Grade 8RR','W','11:25-12:05','Pratibha mam','Science','{\"source\": \"laravel-ai-master-schedule-agent\"}','2026-06-20 06:27:43','2026-06-20 06:27:43'),(2903,10,1,7,'Grade 8RR','M','12:05-12:45','Pratibha mam','Science','{\"source\": \"laravel-ai-master-schedule-agent\"}','2026-06-20 06:27:43','2026-06-20 06:27:43'),(2904,10,1,8,'Grade 8TM','F','09:40-10:25','Salina Mam','ICT','{\"source\": \"manual-assignment\", \"is_fixed\": true}','2026-06-20 06:27:43','2026-06-20 06:27:43'),(2905,10,1,8,'Grade 8TM','F','10:35-11:15','Monika mam','Opt Maths','{\"source\": \"manual-assignment\", \"is_fixed\": true}','2026-06-20 06:27:43','2026-06-20 06:27:43'),(2906,10,1,8,'Grade 8TM','F','11:25-12:05','Sharmila mam','Social','{\"source\": \"manual-assignment\", \"is_fixed\": true}','2026-06-20 06:27:43','2026-06-20 06:27:43'),(2907,10,1,8,'Grade 8TM','F','12:05-12:45','Archana mam','Nepali','{\"source\": \"manual-assignment\", \"is_fixed\": true}','2026-06-20 06:27:43','2026-06-20 06:27:43'),(2908,10,1,8,'Grade 8TM','F','13:20-14:05','Pratibha mam','Science','{\"source\": \"manual-assignment\", \"is_fixed\": true}','2026-06-20 06:27:43','2026-06-20 06:27:43'),(2909,10,1,8,'Grade 8TM','F','14:05-14:45','Sandhya mam','English','{\"source\": \"manual-assignment\", \"is_fixed\": true}','2026-06-20 06:27:43','2026-06-20 06:27:43'),(2910,10,1,8,'Grade 8TM','F','15:00-15:45','Monika mam','Maths','{\"source\": \"manual-assignment\", \"is_fixed\": true}','2026-06-20 06:27:43','2026-06-20 06:27:43'),(2911,10,1,8,'Grade 8TM','M','09:40-10:25','Sabbu mam','Health','{\"source\": \"laravel-ai-master-schedule-agent\", \"is_fixed\": true}','2026-06-20 06:27:43','2026-06-20 06:27:43'),(2912,10,1,8,'Grade 8TM','M','10:35-11:15','Monika mam','Opt Maths','{\"source\": \"manual-assignment\", \"is_fixed\": true}','2026-06-20 06:27:43','2026-06-20 06:27:43'),(2913,10,1,8,'Grade 8TM','M','11:25-12:05','Sharmila mam','Social','{\"source\": \"manual-assignment\", \"is_fixed\": true}','2026-06-20 06:27:43','2026-06-20 06:27:43'),(2914,10,1,8,'Grade 8TM','M','12:05-12:45','Archana mam','Nepali','{\"source\": \"manual-assignment\", \"is_fixed\": true}','2026-06-20 06:27:43','2026-06-20 06:27:43'),(2915,10,1,8,'Grade 8TM','M','13:20-14:05','Pratibha mam','Science','{\"source\": \"manual-assignment\", \"is_fixed\": true}','2026-06-20 06:27:43','2026-06-20 06:27:43'),(2916,10,1,8,'Grade 8TM','M','14:05-14:45','Sandhya mam','English','{\"source\": \"manual-assignment\", \"is_fixed\": true}','2026-06-20 06:27:43','2026-06-20 06:27:43'),(2917,10,1,8,'Grade 8TM','M','15:00-15:45','Monika mam','Maths','{\"source\": \"manual-assignment\", \"is_fixed\": true}','2026-06-20 06:27:43','2026-06-20 06:27:43'),(2918,10,1,8,'Grade 8TM','T','09:40-10:25','Sabbu mam','Health','{\"source\": \"manual-assignment\", \"is_fixed\": true}','2026-06-20 06:27:43','2026-06-20 06:27:43'),(2919,10,1,8,'Grade 8TM','T','10:35-11:15','Sandhya mam','English','{\"source\": \"manual-assignment\", \"is_fixed\": true}','2026-06-20 06:27:43','2026-06-20 06:27:43'),(2920,10,1,8,'Grade 8TM','T','11:25-12:05','Monika mam','Opt Maths','{\"source\": \"manual-assignment\", \"is_fixed\": true}','2026-06-20 06:27:43','2026-06-20 06:27:43'),(2921,10,1,8,'Grade 8TM','T','12:05-12:45','Archana mam','Nepali','{\"source\": \"manual-assignment\", \"is_fixed\": true}','2026-06-20 06:27:43','2026-06-20 06:27:43'),(2922,10,1,8,'Grade 8TM','T','13:20-14:05','Pratibha mam','Science','{\"source\": \"manual-assignment\", \"is_fixed\": true}','2026-06-20 06:27:43','2026-06-20 06:27:43'),(2923,10,1,8,'Grade 8TM','T','14:05-14:45','Sharmila mam','Social','{\"source\": \"manual-assignment\", \"is_fixed\": true}','2026-06-20 06:27:43','2026-06-20 06:27:43'),(2924,10,1,8,'Grade 8TM','T','15:00-15:45','Monika mam','Maths','{\"source\": \"manual-assignment\", \"is_fixed\": true}','2026-06-20 06:27:43','2026-06-20 06:27:43'),(2925,10,1,8,'Grade 8TM','Th','09:40-10:25','Salina Mam','ICT','{\"source\": \"manual-assignment\", \"is_fixed\": true}','2026-06-20 06:27:43','2026-06-20 06:27:43'),(2926,10,1,8,'Grade 8TM','Th','10:35-11:15','Sandhya mam','English','{\"source\": \"manual-assignment\", \"is_fixed\": true}','2026-06-20 06:27:43','2026-06-20 06:27:43'),(2927,10,1,8,'Grade 8TM','Th','11:25-12:05','Sharmila mam','Social','{\"source\": \"manual-assignment\", \"is_fixed\": true}','2026-06-20 06:27:43','2026-06-20 06:27:43'),(2928,10,1,8,'Grade 8TM','Th','12:05-12:45','Archana mam','Nepali','{\"source\": \"manual-assignment\", \"is_fixed\": true}','2026-06-20 06:27:43','2026-06-20 06:27:43'),(2929,10,1,8,'Grade 8TM','Th','13:20-14:05','Pratibha mam','Science','{\"source\": \"manual-assignment\", \"is_fixed\": true}','2026-06-20 06:27:43','2026-06-20 06:27:43'),(2930,10,1,8,'Grade 8TM','Th','14:05-14:45','Monika mam','Maths','{\"source\": \"manual-assignment\", \"is_fixed\": true}','2026-06-20 06:27:43','2026-06-20 06:27:43'),(2931,10,1,8,'Grade 8TM','Th','15:00-15:45','Club Sir','Club','{\"source\": \"manual-assignment\", \"is_fixed\": true}','2026-06-20 06:27:43','2026-06-20 06:27:43'),(2932,10,1,8,'Grade 8TM','W','09:40-10:25','Salina Mam','ICT','{\"source\": \"manual-assignment\", \"is_fixed\": true}','2026-06-20 06:27:43','2026-06-20 06:27:43'),(2933,10,1,8,'Grade 8TM','W','10:35-11:15','Sandhya mam','English','{\"source\": \"manual-assignment\", \"is_fixed\": true}','2026-06-20 06:27:43','2026-06-20 06:27:43'),(2934,10,1,8,'Grade 8TM','W','11:25-12:05','Monika mam','Maths','{\"source\": \"laravel-ai-master-schedule-agent\", \"is_fixed\": true}','2026-06-20 06:27:43','2026-06-20 06:27:43'),(2935,10,1,8,'Grade 8TM','W','12:05-12:45','Archana mam','Nepali','{\"source\": \"manual-assignment\", \"is_fixed\": true}','2026-06-20 06:27:43','2026-06-20 06:27:43'),(2936,10,1,8,'Grade 8TM','W','13:20-14:05','Pratibha mam','Science','{\"source\": \"laravel-ai-master-schedule-agent\", \"is_fixed\": true}','2026-06-20 06:27:43','2026-06-20 06:27:43'),(2937,10,1,8,'Grade 8TM','W','14:05-14:45','Sharmila mam','Social','{\"source\": \"manual-assignment\", \"is_fixed\": true}','2026-06-20 06:27:43','2026-06-20 06:27:43'),(2938,10,1,8,'Grade 8TM','W','15:00-15:45','Game Sir','Games','{\"source\": \"manual-assignment\", \"is_fixed\": true}','2026-06-20 06:27:43','2026-06-20 06:27:43');
/*!40000 ALTER TABLE `master_schedule_entries` ENABLE KEYS */;
UNLOCK TABLES;

--
-- Table structure for table `master_schedule_runs`
--

DROP TABLE IF EXISTS `master_schedule_runs`;
/*!40101 SET @saved_cs_client     = @@character_set_client */;
/*!50503 SET character_set_client = utf8mb4 */;
CREATE TABLE `master_schedule_runs` (
  `id` bigint unsigned NOT NULL AUTO_INCREMENT,
  `school_id` bigint unsigned NOT NULL,
  `status` varchar(255) CHARACTER SET utf8mb4 COLLATE utf8mb4_unicode_ci NOT NULL DEFAULT 'pending',
  `total_sections` int unsigned NOT NULL DEFAULT '0',
  `processed_sections` int unsigned NOT NULL DEFAULT '0',
  `failed_sections` int unsigned NOT NULL DEFAULT '0',
  `error_message` text CHARACTER SET utf8mb4 COLLATE utf8mb4_unicode_ci,
  `started_at` timestamp NULL DEFAULT NULL,
  `finished_at` timestamp NULL DEFAULT NULL,
  `created_at` timestamp NULL DEFAULT NULL,
  `updated_at` timestamp NULL DEFAULT NULL,
  PRIMARY KEY (`id`),
  KEY `master_schedule_runs_school_id_status_index` (`school_id`,`status`),
  CONSTRAINT `master_schedule_runs_school_id_foreign` FOREIGN KEY (`school_id`) REFERENCES `schools` (`id`) ON DELETE CASCADE
) ENGINE=InnoDB AUTO_INCREMENT=11 DEFAULT CHARSET=utf8mb4 COLLATE=utf8mb4_unicode_ci;
/*!40101 SET character_set_client = @saved_cs_client */;

--
-- Dumping data for table `master_schedule_runs`
--

LOCK TABLES `master_schedule_runs` WRITE;
/*!40000 ALTER TABLE `master_schedule_runs` DISABLE KEYS */;
INSERT INTO `master_schedule_runs` VALUES (5,1,'completed',0,0,0,NULL,NULL,NULL,'2026-06-08 09:39:47','2026-06-08 09:39:47'),(6,1,'completed',9,9,0,NULL,'2026-06-20 02:08:22','2026-06-20 02:37:55','2026-06-20 02:08:21','2026-06-20 02:37:55'),(7,1,'completed',9,9,0,NULL,'2026-06-20 02:41:53','2026-06-20 03:24:41','2026-06-20 02:41:52','2026-06-20 03:24:41'),(8,1,'completed',9,9,0,NULL,'2026-06-20 03:49:21','2026-06-20 04:16:30','2026-06-20 03:49:19','2026-06-20 04:16:30'),(9,1,'completed',9,9,0,NULL,'2026-06-20 04:24:37','2026-06-20 04:55:18','2026-06-20 04:24:36','2026-06-20 04:55:18'),(10,1,'completed',9,9,0,NULL,'2026-06-20 06:12:34','2026-06-20 06:27:43','2026-06-20 06:12:31','2026-06-20 06:27:43');
/*!40000 ALTER TABLE `master_schedule_runs` ENABLE KEYS */;
UNLOCK TABLES;

--
-- Table structure for table `migrations`
--

DROP TABLE IF EXISTS `migrations`;
/*!40101 SET @saved_cs_client     = @@character_set_client */;
/*!50503 SET character_set_client = utf8mb4 */;
CREATE TABLE `migrations` (
  `id` int unsigned NOT NULL AUTO_INCREMENT,
  `migration` varchar(255) CHARACTER SET utf8mb4 COLLATE utf8mb4_unicode_ci NOT NULL,
  `batch` int NOT NULL,
  PRIMARY KEY (`id`)
) ENGINE=InnoDB AUTO_INCREMENT=20 DEFAULT CHARSET=utf8mb4 COLLATE=utf8mb4_unicode_ci;
/*!40101 SET character_set_client = @saved_cs_client */;

--
-- Dumping data for table `migrations`
--

LOCK TABLES `migrations` WRITE;
/*!40000 ALTER TABLE `migrations` DISABLE KEYS */;
INSERT INTO `migrations` VALUES (1,'0001_01_01_000000_create_users_table',1),(2,'0001_01_01_000001_create_cache_table',1),(3,'0001_01_01_000002_create_jobs_table',1),(4,'2026_01_16_060055_create_personal_access_tokens_table',1),(5,'2026_05_26_000000_create_admins_table',1),(6,'2026_05_26_000000_create_schools_table',1),(7,'2026_05_26_000001_create_clients_table',1),(8,'2026_05_28_000000_create_teachers_table',1),(9,'2026_05_28_000100_create_grades_table',1),(10,'2026_05_28_000101_create_sections_table',1),(11,'2026_05_28_000102_create_grade_sections_table',1),(12,'2026_05_28_000200_create_subjects_table',1),(13,'2026_05_28_000300_create_schedule_templates_table',1),(14,'2026_05_28_000400_create_master_schedule_runs_table',1),(15,'2026_05_28_000401_create_master_schedule_entries_table',1),(16,'2026_05_28_000402_normalize_grade_section_schedule_template_ids',1),(17,'2026_06_06_151741_create_agent_conversations_table',1),(18,'2026_06_08_153543_add_allow_multiple_sessions_to_teachers_table',2),(19,'2026_06_08_154933_drop_schedule_teacher_slot_unique_from_master_schedule_entries',3);
/*!40000 ALTER TABLE `migrations` ENABLE KEYS */;
UNLOCK TABLES;

--
-- Table structure for table `password_reset_tokens`
--

DROP TABLE IF EXISTS `password_reset_tokens`;
/*!40101 SET @saved_cs_client     = @@character_set_client */;
/*!50503 SET character_set_client = utf8mb4 */;
CREATE TABLE `password_reset_tokens` (
  `email` varchar(255) CHARACTER SET utf8mb4 COLLATE utf8mb4_unicode_ci NOT NULL,
  `token` varchar(255) CHARACTER SET utf8mb4 COLLATE utf8mb4_unicode_ci NOT NULL,
  `created_at` timestamp NULL DEFAULT NULL,
  PRIMARY KEY (`email`)
) ENGINE=InnoDB DEFAULT CHARSET=utf8mb4 COLLATE=utf8mb4_unicode_ci;
/*!40101 SET character_set_client = @saved_cs_client */;

--
-- Dumping data for table `password_reset_tokens`
--

LOCK TABLES `password_reset_tokens` WRITE;
/*!40000 ALTER TABLE `password_reset_tokens` DISABLE KEYS */;
/*!40000 ALTER TABLE `password_reset_tokens` ENABLE KEYS */;
UNLOCK TABLES;

--
-- Table structure for table `personal_access_tokens`
--

DROP TABLE IF EXISTS `personal_access_tokens`;
/*!40101 SET @saved_cs_client     = @@character_set_client */;
/*!50503 SET character_set_client = utf8mb4 */;
CREATE TABLE `personal_access_tokens` (
  `id` bigint unsigned NOT NULL AUTO_INCREMENT,
  `tokenable_type` varchar(255) CHARACTER SET utf8mb4 COLLATE utf8mb4_unicode_ci NOT NULL,
  `tokenable_id` bigint unsigned NOT NULL,
  `name` text CHARACTER SET utf8mb4 COLLATE utf8mb4_unicode_ci NOT NULL,
  `token` varchar(64) CHARACTER SET utf8mb4 COLLATE utf8mb4_unicode_ci NOT NULL,
  `abilities` text CHARACTER SET utf8mb4 COLLATE utf8mb4_unicode_ci,
  `last_used_at` timestamp NULL DEFAULT NULL,
  `expires_at` timestamp NULL DEFAULT NULL,
  `created_at` timestamp NULL DEFAULT NULL,
  `updated_at` timestamp NULL DEFAULT NULL,
  PRIMARY KEY (`id`),
  UNIQUE KEY `personal_access_tokens_token_unique` (`token`),
  KEY `personal_access_tokens_tokenable_type_tokenable_id_index` (`tokenable_type`,`tokenable_id`),
  KEY `personal_access_tokens_expires_at_index` (`expires_at`)
) ENGINE=InnoDB AUTO_INCREMENT=12 DEFAULT CHARSET=utf8mb4 COLLATE=utf8mb4_unicode_ci;
/*!40101 SET character_set_client = @saved_cs_client */;

--
-- Dumping data for table `personal_access_tokens`
--

LOCK TABLES `personal_access_tokens` WRITE;
/*!40000 ALTER TABLE `personal_access_tokens` DISABLE KEYS */;
INSERT INTO `personal_access_tokens` VALUES (2,'App\\Models\\Client',1,'client-token','351bf839c985b7b1700a7cfcaf1386e1b3014a3a17ab51f92b26eaf48d82b678','[\"*\"]','2026-06-08 05:50:20',NULL,'2026-06-08 03:17:23','2026-06-08 05:50:20'),(3,'App\\Models\\Client',1,'client-token','8ef210b60e05c8281b14d7218e493f2935aed496bd88d1d7c32e24f726495204','[\"*\"]','2026-06-08 05:50:20',NULL,'2026-06-08 03:17:44','2026-06-08 05:50:20'),(5,'App\\Models\\Client',1,'client-token','7454ea6bec8da86cb4d85cb8596ac370d7fcc76e6a1d53431832f9bbfcf22543','[\"*\"]','2026-06-08 10:56:54',NULL,'2026-06-08 10:56:38','2026-06-08 10:56:54'),(6,'App\\Models\\Client',1,'client-token','afc18edd116dac4408a14a2d0ad288fdfb997f0b566778fe6a76d6f7277907f9','[\"*\"]','2026-06-08 11:01:19',NULL,'2026-06-08 10:57:09','2026-06-08 11:01:19'),(7,'App\\Models\\Client',1,'client-token','3151b00f0f5ba5c120968dcdb9af6d0017404ca52eb22884d20363c5c2caeaad','[\"*\"]','2026-06-08 11:01:46',NULL,'2026-06-08 10:59:15','2026-06-08 11:01:46'),(8,'App\\Models\\Client',1,'client-token','a7f198fe4cd7b276398cb3c3ae3821a11f3944ba2b77364f601aebb8dc378c19','[\"*\"]','2026-06-09 20:21:47',NULL,'2026-06-09 11:08:26','2026-06-09 20:21:47'),(10,'App\\Models\\Client',1,'client-token','d62c0f7a54f39fd287869e92b2a82fa06c49d80d4e6d99eb1749bc8793deee63','[\"*\"]','2026-06-09 21:53:33',NULL,'2026-06-09 21:07:58','2026-06-09 21:53:33'),(11,'App\\Models\\Client',1,'client-token','ea8e39cced224717b13f5de8c23925fa2dcea9079ec0ee941996b165bcdac7c2','[\"*\"]','2026-06-20 06:32:39',NULL,'2026-06-20 02:05:37','2026-06-20 06:32:39');
/*!40000 ALTER TABLE `personal_access_tokens` ENABLE KEYS */;
UNLOCK TABLES;

--
-- Table structure for table `schedule_templates`
--

DROP TABLE IF EXISTS `schedule_templates`;
/*!40101 SET @saved_cs_client     = @@character_set_client */;
/*!50503 SET character_set_client = utf8mb4 */;
CREATE TABLE `schedule_templates` (
  `id` bigint unsigned NOT NULL AUTO_INCREMENT,
  `school_id` bigint unsigned NOT NULL,
  `name` varchar(255) CHARACTER SET utf8mb4 COLLATE utf8mb4_unicode_ci NOT NULL,
  `level` varchar(255) CHARACTER SET utf8mb4 COLLATE utf8mb4_unicode_ci NOT NULL,
  `start_time` time DEFAULT NULL,
  `end_time` time DEFAULT NULL,
  `grade_ids` json DEFAULT NULL,
  `days` json DEFAULT NULL,
  `periods` json DEFAULT NULL,
  `created_at` timestamp NULL DEFAULT NULL,
  `updated_at` timestamp NULL DEFAULT NULL,
  PRIMARY KEY (`id`),
  UNIQUE KEY `schedule_templates_school_id_name_unique` (`school_id`,`name`),
  KEY `schedule_templates_school_id_level_index` (`school_id`,`level`),
  CONSTRAINT `schedule_templates_school_id_foreign` FOREIGN KEY (`school_id`) REFERENCES `schools` (`id`) ON DELETE CASCADE
) ENGINE=InnoDB AUTO_INCREMENT=2 DEFAULT CHARSET=utf8mb4 COLLATE=utf8mb4_unicode_ci;
/*!40101 SET character_set_client = @saved_cs_client */;

--
-- Dumping data for table `schedule_templates`
--

LOCK TABLES `schedule_templates` WRITE;
/*!40000 ALTER TABLE `schedule_templates` DISABLE KEYS */;
INSERT INTO `schedule_templates` VALUES (1,1,'Six To Ten','high','09:40:00','15:45:00','[1, 2, 3, 4, 5]','[\"T\", \"W\", \"Th\", \"F\", \"M\"]','[{\"end\": \"10:25\", \"type\": \"academic\", \"start\": \"09:40\"}, {\"end\": \"10:35\", \"type\": \"break\", \"start\": \"10:25\"}, {\"end\": \"11:15\", \"type\": \"academic\", \"start\": \"10:35\"}, {\"end\": \"11:25\", \"type\": \"break\", \"start\": \"11:15\"}, {\"end\": \"12:05\", \"type\": \"academic\", \"start\": \"11:25\"}, {\"end\": \"12:45\", \"type\": \"academic\", \"start\": \"12:05\"}, {\"end\": \"13:20\", \"type\": \"break\", \"start\": \"12:45\"}, {\"end\": \"14:05\", \"type\": \"academic\", \"start\": \"13:20\"}, {\"end\": \"14:45\", \"type\": \"academic\", \"start\": \"14:05\"}, {\"end\": \"15:00\", \"type\": \"break\", \"start\": \"14:45\"}, {\"end\": \"15:45\", \"type\": \"academic\", \"start\": \"15:00\"}]','2026-06-08 01:09:12','2026-06-08 01:09:12');
/*!40000 ALTER TABLE `schedule_templates` ENABLE KEYS */;
UNLOCK TABLES;

--
-- Table structure for table `schools`
--

DROP TABLE IF EXISTS `schools`;
/*!40101 SET @saved_cs_client     = @@character_set_client */;
/*!50503 SET character_set_client = utf8mb4 */;
CREATE TABLE `schools` (
  `id` bigint unsigned NOT NULL AUTO_INCREMENT,
  `name` varchar(255) CHARACTER SET utf8mb4 COLLATE utf8mb4_unicode_ci NOT NULL,
  `code` varchar(255) CHARACTER SET utf8mb4 COLLATE utf8mb4_unicode_ci DEFAULT NULL,
  `email` varchar(255) CHARACTER SET utf8mb4 COLLATE utf8mb4_unicode_ci DEFAULT NULL,
  `phone` varchar(255) CHARACTER SET utf8mb4 COLLATE utf8mb4_unicode_ci DEFAULT NULL,
  `address` text CHARACTER SET utf8mb4 COLLATE utf8mb4_unicode_ci,
  `is_active` tinyint(1) NOT NULL DEFAULT '1',
  `created_at` timestamp NULL DEFAULT NULL,
  `updated_at` timestamp NULL DEFAULT NULL,
  PRIMARY KEY (`id`),
  UNIQUE KEY `schools_code_unique` (`code`)
) ENGINE=InnoDB AUTO_INCREMENT=2 DEFAULT CHARSET=utf8mb4 COLLATE=utf8mb4_unicode_ci;
/*!40101 SET character_set_client = @saved_cs_client */;

--
-- Dumping data for table `schools`
--

LOCK TABLES `schools` WRITE;
/*!40000 ALTER TABLE `schools` DISABLE KEYS */;
INSERT INTO `schools` VALUES (1,'Little Angle','little-angle','school_one@gmail.com','981982983984','school_one@gmail.com',1,'2026-06-08 00:36:32','2026-06-08 00:36:32');
/*!40000 ALTER TABLE `schools` ENABLE KEYS */;
UNLOCK TABLES;

--
-- Table structure for table `sections`
--

DROP TABLE IF EXISTS `sections`;
/*!40101 SET @saved_cs_client     = @@character_set_client */;
/*!50503 SET character_set_client = utf8mb4 */;
CREATE TABLE `sections` (
  `id` bigint unsigned NOT NULL AUTO_INCREMENT,
  `school_id` bigint unsigned NOT NULL,
  `name` varchar(255) CHARACTER SET utf8mb4 COLLATE utf8mb4_unicode_ci NOT NULL,
  `created_at` timestamp NULL DEFAULT NULL,
  `updated_at` timestamp NULL DEFAULT NULL,
  PRIMARY KEY (`id`),
  UNIQUE KEY `sections_school_id_name_unique` (`school_id`,`name`),
  CONSTRAINT `sections_school_id_foreign` FOREIGN KEY (`school_id`) REFERENCES `schools` (`id`) ON DELETE CASCADE
) ENGINE=InnoDB AUTO_INCREMENT=4 DEFAULT CHARSET=utf8mb4 COLLATE=utf8mb4_unicode_ci;
/*!40101 SET character_set_client = @saved_cs_client */;

--
-- Dumping data for table `sections`
--

LOCK TABLES `sections` WRITE;
/*!40000 ALTER TABLE `sections` DISABLE KEYS */;
INSERT INTO `sections` VALUES (1,1,'RR','2026-06-08 00:57:22','2026-06-08 00:57:22'),(2,1,'TM','2026-06-08 00:57:25','2026-06-08 00:57:25'),(3,1,'PM','2026-06-08 00:57:29','2026-06-08 00:57:29');
/*!40000 ALTER TABLE `sections` ENABLE KEYS */;
UNLOCK TABLES;

--
-- Table structure for table `sessions`
--

DROP TABLE IF EXISTS `sessions`;
/*!40101 SET @saved_cs_client     = @@character_set_client */;
/*!50503 SET character_set_client = utf8mb4 */;
CREATE TABLE `sessions` (
  `id` varchar(255) CHARACTER SET utf8mb4 COLLATE utf8mb4_unicode_ci NOT NULL,
  `user_id` bigint unsigned DEFAULT NULL,
  `ip_address` varchar(45) CHARACTER SET utf8mb4 COLLATE utf8mb4_unicode_ci DEFAULT NULL,
  `user_agent` text CHARACTER SET utf8mb4 COLLATE utf8mb4_unicode_ci,
  `payload` longtext CHARACTER SET utf8mb4 COLLATE utf8mb4_unicode_ci NOT NULL,
  `last_activity` int NOT NULL,
  PRIMARY KEY (`id`),
  KEY `sessions_user_id_index` (`user_id`),
  KEY `sessions_last_activity_index` (`last_activity`)
) ENGINE=InnoDB DEFAULT CHARSET=utf8mb4 COLLATE=utf8mb4_unicode_ci;
/*!40101 SET character_set_client = @saved_cs_client */;

--
-- Dumping data for table `sessions`
--

LOCK TABLES `sessions` WRITE;
/*!40000 ALTER TABLE `sessions` DISABLE KEYS */;
INSERT INTO `sessions` VALUES ('2FWRLHCfe8rWcI7nBky0YzqvC0uaEbYMuYlTtCym',NULL,'127.0.0.1','Mozilla/5.0 (Windows NT; Windows NT 10.0; en-US) WindowsPowerShell/5.1.26100.8655','YTozOntzOjY6Il90b2tlbiI7czo0MDoiWjA3STRWZWt3dFp5MXJYeU9hMktQNHo5UDRiQVBORlBFcVZXSlBaRCI7czo5OiJfcHJldmlvdXMiO2E6Mjp7czozOiJ1cmwiO3M6Mzg6Imh0dHA6Ly8xMjcuMC4wLjE6ODAwMC9jbGllbnQvZGFzaGJvYXJkIjtzOjU6InJvdXRlIjtOO31zOjY6Il9mbGFzaCI7YToyOntzOjM6Im9sZCI7YTowOnt9czozOiJuZXciO2E6MDp7fX19',1781946165),('3DObcaSW6oZa9Px378euzLzdd2ccPYa0qY3jCkWX',NULL,'127.0.0.1','Mozilla/5.0 (Windows NT 10.0; Win64; x64) AppleWebKit/537.36 (KHTML, like Gecko) Chrome/149.0.0.0 Safari/537.36','YTozOntzOjY6Il90b2tlbiI7czo0MDoiRUFUY2lOQ0lOQ3lBNjFoU1VOc2RPWGJ4cUtkaHFqaVliTXJvOWFyaiI7czo5OiJfcHJldmlvdXMiO2E6Mjp7czozOiJ1cmwiO3M6Mjc6Imh0dHA6Ly8xMjcuMC4wLjE6ODAwMC9zdy5qcyI7czo1OiJyb3V0ZSI7Tjt9czo2OiJfZmxhc2giO2E6Mjp7czozOiJvbGQiO2E6MDp7fXM6MzoibmV3IjthOjA6e319fQ==',1781956118),('7toJGucjbLiIEYech98XaxlrEJTJtHpxWjdQDbNx',NULL,'127.0.0.1','Mozilla/5.0 (Windows NT; Windows NT 10.0; en-US) WindowsPowerShell/5.1.26100.8655','YTozOntzOjY6Il90b2tlbiI7czo0MDoiVGRMUmJqdFByWENOck5JMXNZdDlMR1dSQ2VPT3FCMVZhNVkyclBOdiI7czo5OiJfcHJldmlvdXMiO2E6Mjp7czozOiJ1cmwiO3M6Mzg6Imh0dHA6Ly8xMjcuMC4wLjE6ODAwMC9jbGllbnQvZGFzaGJvYXJkIjtzOjU6InJvdXRlIjtOO31zOjY6Il9mbGFzaCI7YToyOntzOjM6Im9sZCI7YTowOnt9czozOiJuZXciO2E6MDp7fX19',1781947746),('ETXp8bXStgBdyXEcMydWcweolEU3bF0Z2U3JFFAE',NULL,'127.0.0.1','Mozilla/5.0 (Windows NT; Windows NT 10.0; en-US) WindowsPowerShell/5.1.26100.8655','YTozOntzOjY6Il90b2tlbiI7czo0MDoickJTT080S3RZMTN0YnpVMkpOWHVOMHNhYkNOTlQ3VE1BcWUwRFZDaiI7czo5OiJfcHJldmlvdXMiO2E6Mjp7czozOiJ1cmwiO3M6Mzg6Imh0dHA6Ly8xMjcuMC4wLjE6ODAwMC9jbGllbnQvZGFzaGJvYXJkIjtzOjU6InJvdXRlIjtOO31zOjY6Il9mbGFzaCI7YToyOntzOjM6Im9sZCI7YTowOnt9czozOiJuZXciO2E6MDp7fX19',1781949227),('Hw0KrblcO1PYz82vXHNFXJZH1gplV5NWe7Saaqcu',NULL,'2400:1a00:4b40:4ed9:e05b:224b:8f12:cffc','Mozilla/5.0 (Windows NT 10.0; Win64; x64) AppleWebKit/537.36 (KHTML, like Gecko) Chrome/149.0.0.0 Safari/537.36','YTozOntzOjY6Il90b2tlbiI7czo0MDoiYVVnSUtVbzYwNEtlSW5FdTMyU1BjUXJPa0ZtMFVBN3ZKWFhYSkdGUyI7czo5OiJfcHJldmlvdXMiO2E6Mjp7czozOiJ1cmwiO3M6NjQ6Imh0dHBzOi8vc25vd3Nob2UtYXBwZWFzaW5nLWJ1c2xvYWQubmdyb2stZnJlZS5kZXYvY2xpZW50L3NpZ24taW4iO3M6NToicm91dGUiO047fXM6NjoiX2ZsYXNoIjthOjI6e3M6Mzoib2xkIjthOjA6e31zOjM6Im5ldyI7YTowOnt9fX0=',1781057197),('mLOetXjtKVGPblsVou75dkWYCykIoWbWxzr1QMET',NULL,'127.0.0.1','Mozilla/5.0 (Windows NT; Windows NT 10.0; en-US) WindowsPowerShell/5.1.26100.8655','YTozOntzOjY6Il90b2tlbiI7czo0MDoib0dVUFR0cVl1RjhzSTBaZVdaVUpJMUc5a2wyU0Vtekg5MU9QRU5tNSI7czo5OiJfcHJldmlvdXMiO2E6Mjp7czozOiJ1cmwiO3M6Mzg6Imh0dHA6Ly8xMjcuMC4wLjE6ODAwMC9jbGllbnQvZGFzaGJvYXJkIjtzOjU6InJvdXRlIjtOO31zOjY6Il9mbGFzaCI7YToyOntzOjM6Im9sZCI7YTowOnt9czozOiJuZXciO2E6MDp7fX19',1781954931),('yFzu6zM8wb8BN5Q7EeE405E9Jo3ono3aXUz7kA1g',NULL,'127.0.0.1','Mozilla/5.0 (Windows NT; Windows NT 10.0; en-US) WindowsPowerShell/5.1.26100.8655','YTozOntzOjY6Il90b2tlbiI7czo0MDoiendyUTBZejc4eURPdUJrSVR0Mk1GM01vSUh0cG1WNG16ZHVDWXU3dyI7czo5OiJfcHJldmlvdXMiO2E6Mjp7czozOiJ1cmwiO3M6Mzg6Imh0dHA6Ly8xMjcuMC4wLjE6ODAwMC9jbGllbnQvZGFzaGJvYXJkIjtzOjU6InJvdXRlIjtOO31zOjY6Il9mbGFzaCI7YToyOntzOjM6Im9sZCI7YTowOnt9czozOiJuZXciO2E6MDp7fX19',1781946138),('zcRFTY2Zl4cYlXCDA49LzT9nAyHMNy8c5ZHkq7q6',NULL,'127.0.0.1','Mozilla/5.0 (Windows NT 10.0; Win64; x64) AppleWebKit/537.36 (KHTML, like Gecko) Chrome/149.0.0.0 Safari/537.36','YTozOntzOjY6Il90b2tlbiI7czo0MDoiVzFaazA2UVlEaTVMYjVTMXVrUVdUQ01CaVNYR29rS3p3OWR4d09odSI7czo5OiJfcHJldmlvdXMiO2E6Mjp7czozOiJ1cmwiO3M6Mjc6Imh0dHA6Ly8xMjcuMC4wLjE6ODAwMC9zdy5qcyI7czo1OiJyb3V0ZSI7Tjt9czo2OiJfZmxhc2giO2E6Mjp7czozOiJvbGQiO2E6MDp7fXM6MzoibmV3IjthOjA6e319fQ==',1781062701);
/*!40000 ALTER TABLE `sessions` ENABLE KEYS */;
UNLOCK TABLES;

--
-- Table structure for table `subjects`
--

DROP TABLE IF EXISTS `subjects`;
/*!40101 SET @saved_cs_client     = @@character_set_client */;
/*!50503 SET character_set_client = utf8mb4 */;
CREATE TABLE `subjects` (
  `id` bigint unsigned NOT NULL AUTO_INCREMENT,
  `school_id` bigint unsigned NOT NULL,
  `name` varchar(255) CHARACTER SET utf8mb4 COLLATE utf8mb4_unicode_ci NOT NULL,
  `status` varchar(255) CHARACTER SET utf8mb4 COLLATE utf8mb4_unicode_ci NOT NULL DEFAULT 'active',
  `created_at` timestamp NULL DEFAULT NULL,
  `updated_at` timestamp NULL DEFAULT NULL,
  PRIMARY KEY (`id`),
  UNIQUE KEY `subjects_school_id_name_unique` (`school_id`,`name`),
  KEY `subjects_school_id_status_index` (`school_id`,`status`),
  CONSTRAINT `subjects_school_id_foreign` FOREIGN KEY (`school_id`) REFERENCES `schools` (`id`) ON DELETE CASCADE
) ENGINE=InnoDB AUTO_INCREMENT=16 DEFAULT CHARSET=utf8mb4 COLLATE=utf8mb4_unicode_ci;
/*!40101 SET character_set_client = @saved_cs_client */;

--
-- Dumping data for table `subjects`
--

LOCK TABLES `subjects` WRITE;
/*!40000 ALTER TABLE `subjects` DISABLE KEYS */;
INSERT INTO `subjects` VALUES (1,1,'Science','active','2026-06-08 00:39:23','2026-06-08 00:39:23'),(2,1,'Maths','active','2026-06-08 00:39:26','2026-06-08 00:39:26'),(3,1,'Nepali','active','2026-06-08 00:39:29','2026-06-08 00:39:29'),(4,1,'Social','active','2026-06-08 00:39:30','2026-06-08 00:39:30'),(5,1,'Dance','active','2026-06-08 00:39:32','2026-06-08 00:39:32'),(6,1,'English','active','2026-06-08 00:39:36','2026-06-08 00:39:36'),(7,1,'Health','active','2026-06-08 00:39:39','2026-06-08 00:39:39'),(8,1,'Games','active','2026-06-08 00:39:52','2026-06-08 00:39:52'),(9,1,'ICT','active','2026-06-08 00:39:57','2026-06-08 00:39:57'),(10,1,'Club','active','2026-06-08 00:40:00','2026-06-08 00:40:00'),(11,1,'Chinese','active','2026-06-08 00:40:04','2026-06-08 00:40:04'),(12,1,'Opt Maths','active','2026-06-08 00:53:03','2026-06-08 00:53:03'),(13,1,'FREE','active','2026-06-08 00:54:17','2026-06-08 00:54:17'),(14,1,'Population','active','2026-06-08 00:54:39','2026-06-08 00:54:39'),(15,1,'Computer','active','2026-06-08 02:15:05','2026-06-08 02:15:05');
/*!40000 ALTER TABLE `subjects` ENABLE KEYS */;
UNLOCK TABLES;

--
-- Table structure for table `teachers`
--

DROP TABLE IF EXISTS `teachers`;
/*!40101 SET @saved_cs_client     = @@character_set_client */;
/*!50503 SET character_set_client = utf8mb4 */;
CREATE TABLE `teachers` (
  `id` bigint unsigned NOT NULL AUTO_INCREMENT,
  `school_id` bigint unsigned NOT NULL,
  `full_name` varchar(255) CHARACTER SET utf8mb4 COLLATE utf8mb4_unicode_ci NOT NULL,
  `employment_type` varchar(255) CHARACTER SET utf8mb4 COLLATE utf8mb4_unicode_ci NOT NULL DEFAULT 'full-time',
  `max_daily_classes` tinyint unsigned NOT NULL DEFAULT '6',
  `allow_multiple_sessions` tinyint(1) NOT NULL DEFAULT '0',
  `ai_context_notes` text CHARACTER SET utf8mb4 COLLATE utf8mb4_unicode_ci,
  `availability` json DEFAULT NULL,
  `assignments` json DEFAULT NULL,
  `created_at` timestamp NULL DEFAULT NULL,
  `updated_at` timestamp NULL DEFAULT NULL,
  PRIMARY KEY (`id`),
  KEY `teachers_school_id_employment_type_index` (`school_id`,`employment_type`),
  KEY `teachers_school_id_full_name_index` (`school_id`,`full_name`),
  CONSTRAINT `teachers_school_id_foreign` FOREIGN KEY (`school_id`) REFERENCES `schools` (`id`) ON DELETE CASCADE
) ENGINE=InnoDB AUTO_INCREMENT=28 DEFAULT CHARSET=utf8mb4 COLLATE=utf8mb4_unicode_ci;
/*!40101 SET character_set_client = @saved_cs_client */;

--
-- Dumping data for table `teachers`
--

LOCK TABLES `teachers` WRITE;
/*!40000 ALTER TABLE `teachers` DISABLE KEYS */;
INSERT INTO `teachers` VALUES (1,1,'Archana mam','full-time',4,0,NULL,'{\"Friday\": {\"active\": true, \"end_time\": \"15:45\", \"start_time\": \"09:40\"}, \"Monday\": {\"active\": true, \"end_time\": \"15:45\", \"start_time\": \"09:40\"}, \"Tuesday\": {\"active\": true, \"end_time\": \"15:45\", \"start_time\": \"09:40\"}, \"Thursday\": {\"active\": true, \"end_time\": \"15:45\", \"start_time\": \"09:40\"}, \"Wednesday\": {\"active\": true, \"end_time\": \"15:45\", \"start_time\": \"09:40\"}}','[{\"subject_id\": \"3\", \"grade_section_id\": \"6\", \"sessions_per_week\": 5, \"max_sessions_per_day\": 1}, {\"subject_id\": \"3\", \"grade_section_id\": \"9\", \"sessions_per_week\": 5, \"max_sessions_per_day\": 1}, {\"subject_id\": \"3\", \"grade_section_id\": \"8\", \"sessions_per_week\": 5, \"max_sessions_per_day\": 1}, {\"subject_id\": \"3\", \"grade_section_id\": \"7\", \"sessions_per_week\": 5, \"max_sessions_per_day\": 1}]','2026-06-08 01:27:52','2026-06-20 03:45:12'),(3,1,'Awanti mam','full-time',7,0,NULL,'{\"Friday\": {\"active\": true, \"end_time\": \"15:45\", \"start_time\": \"09:40\"}, \"Monday\": {\"active\": true, \"end_time\": \"15:45\", \"start_time\": \"09:40\"}, \"Tuesday\": {\"active\": true, \"end_time\": \"15:45\", \"start_time\": \"09:40\"}, \"Thursday\": {\"active\": true, \"end_time\": \"15:45\", \"start_time\": \"09:40\"}, \"Wednesday\": {\"active\": true, \"end_time\": \"15:45\", \"start_time\": \"09:40\"}}','[{\"subject_id\": \"6\", \"grade_section_id\": \"2\", \"sessions_per_week\": 5, \"max_sessions_per_day\": 1}, {\"subject_id\": \"6\", \"grade_section_id\": \"4\", \"sessions_per_week\": 5, \"max_sessions_per_day\": 1}, {\"subject_id\": \"6\", \"grade_section_id\": \"5\", \"sessions_per_week\": 5, \"max_sessions_per_day\": 1}, {\"subject_id\": \"6\", \"grade_section_id\": \"6\", \"sessions_per_week\": 5, \"max_sessions_per_day\": 1}, {\"subject_id\": \"6\", \"grade_section_id\": \"7\", \"sessions_per_week\": 5, \"max_sessions_per_day\": 1}, {\"subject_id\": \"6\", \"grade_section_id\": \"8\", \"sessions_per_week\": 5, \"max_sessions_per_day\": 1}, {\"subject_id\": \"6\", \"grade_section_id\": \"9\", \"sessions_per_week\": 5, \"max_sessions_per_day\": 1}]','2026-06-08 01:35:03','2026-06-20 03:44:57'),(5,1,'Bina mam','full-time',5,0,NULL,'{\"Friday\": {\"active\": true, \"end_time\": \"15:45\", \"start_time\": \"09:40\"}, \"Monday\": {\"active\": true, \"end_time\": \"15:45\", \"start_time\": \"09:40\"}, \"Tuesday\": {\"active\": true, \"end_time\": \"15:45\", \"start_time\": \"09:40\"}, \"Thursday\": {\"active\": true, \"end_time\": \"15:45\", \"start_time\": \"09:40\"}, \"Wednesday\": {\"active\": true, \"end_time\": \"15:45\", \"start_time\": \"09:40\"}}','[{\"subject_id\": \"4\", \"grade_section_id\": \"1\", \"sessions_per_week\": 5, \"max_sessions_per_day\": 1}, {\"subject_id\": \"4\", \"grade_section_id\": \"2\", \"sessions_per_week\": 5, \"max_sessions_per_day\": 1}, {\"subject_id\": \"4\", \"grade_section_id\": \"3\", \"sessions_per_week\": 5, \"max_sessions_per_day\": 1}, {\"subject_id\": \"4\", \"grade_section_id\": \"7\", \"sessions_per_week\": 5, \"max_sessions_per_day\": 1}, {\"subject_id\": \"4\", \"grade_section_id\": \"9\", \"sessions_per_week\": 5, \"max_sessions_per_day\": 1}]','2026-06-08 01:44:22','2026-06-20 02:39:35'),(6,1,'Chandika mam','full-time',5,0,NULL,'{\"Friday\": {\"active\": true, \"end_time\": \"15:45\", \"start_time\": \"09:40\"}, \"Monday\": {\"active\": true, \"end_time\": \"15:45\", \"start_time\": \"09:40\"}, \"Tuesday\": {\"active\": true, \"end_time\": \"15:45\", \"start_time\": \"09:40\"}, \"Thursday\": {\"active\": true, \"end_time\": \"15:45\", \"start_time\": \"09:40\"}, \"Wednesday\": {\"active\": true, \"end_time\": \"15:45\", \"start_time\": \"09:40\"}}','[{\"subject_id\": \"3\", \"grade_section_id\": \"1\", \"sessions_per_week\": 5, \"max_sessions_per_day\": 1}, {\"subject_id\": \"3\", \"grade_section_id\": \"2\", \"sessions_per_week\": 5, \"max_sessions_per_day\": 1}, {\"subject_id\": \"3\", \"grade_section_id\": \"3\", \"sessions_per_week\": 5, \"max_sessions_per_day\": 1}, {\"subject_id\": \"3\", \"grade_section_id\": \"4\", \"sessions_per_week\": 5, \"max_sessions_per_day\": 1}, {\"subject_id\": \"3\", \"grade_section_id\": \"5\", \"sessions_per_week\": 5, \"max_sessions_per_day\": 1}]','2026-06-08 01:47:07','2026-06-20 02:39:07'),(10,1,'Mohit sir','full-time',5,0,NULL,'{\"Friday\": {\"active\": true, \"end_time\": \"15:45\", \"start_time\": \"09:40\"}, \"Monday\": {\"active\": true, \"end_time\": \"15:45\", \"start_time\": \"09:40\"}, \"Tuesday\": {\"active\": true, \"end_time\": \"15:45\", \"start_time\": \"09:40\"}, \"Thursday\": {\"active\": true, \"end_time\": \"15:45\", \"start_time\": \"09:40\"}, \"Wednesday\": {\"active\": true, \"end_time\": \"15:45\", \"start_time\": \"09:40\"}}','[{\"subject_id\": \"2\", \"grade_section_id\": \"2\", \"sessions_per_week\": 5, \"max_sessions_per_day\": 1}, {\"subject_id\": \"2\", \"grade_section_id\": \"3\", \"sessions_per_week\": 5, \"max_sessions_per_day\": 1}, {\"subject_id\": \"2\", \"grade_section_id\": \"1\", \"sessions_per_week\": 5, \"max_sessions_per_day\": 1}, {\"subject_id\": \"2\", \"grade_section_id\": \"6\", \"sessions_per_week\": 5, \"max_sessions_per_day\": 1}, {\"subject_id\": \"2\", \"grade_section_id\": \"5\", \"sessions_per_week\": 5, \"max_sessions_per_day\": 1}]','2026-06-08 01:57:37','2026-06-20 02:36:45'),(11,1,'Monika mam','full-time',6,0,NULL,'{\"Friday\": {\"active\": true, \"end_time\": \"15:45\", \"start_time\": \"09:40\"}, \"Monday\": {\"active\": true, \"end_time\": \"15:45\", \"start_time\": \"09:40\"}, \"Tuesday\": {\"active\": true, \"end_time\": \"15:45\", \"start_time\": \"09:40\"}, \"Thursday\": {\"active\": true, \"end_time\": \"15:45\", \"start_time\": \"09:40\"}, \"Wednesday\": {\"active\": true, \"end_time\": \"15:45\", \"start_time\": \"09:40\"}}','[{\"subject_id\": \"2\", \"grade_section_id\": \"4\", \"sessions_per_week\": 5, \"max_sessions_per_day\": 1}, {\"subject_id\": \"2\", \"grade_section_id\": \"9\", \"sessions_per_week\": 5, \"max_sessions_per_day\": 1}, {\"subject_id\": \"2\", \"grade_section_id\": \"8\", \"sessions_per_week\": 5, \"max_sessions_per_day\": 1}, {\"subject_id\": \"2\", \"grade_section_id\": \"7\", \"sessions_per_week\": 5, \"max_sessions_per_day\": 1}, {\"subject_id\": \"12\", \"grade_section_id\": \"9\", \"sessions_per_week\": 3, \"max_sessions_per_day\": 1}, {\"subject_id\": \"12\", \"grade_section_id\": \"8\", \"sessions_per_week\": 3, \"max_sessions_per_day\": 1}]','2026-06-08 02:03:16','2026-06-20 03:44:23'),(12,1,'Nabin sir','full-time',4,0,NULL,'{\"Friday\": {\"active\": true, \"end_time\": \"15:45\", \"start_time\": \"09:40\"}, \"Monday\": {\"active\": true, \"end_time\": \"15:45\", \"start_time\": \"09:40\"}, \"Tuesday\": {\"active\": true, \"end_time\": \"15:45\", \"start_time\": \"09:40\"}, \"Thursday\": {\"active\": true, \"end_time\": \"15:45\", \"start_time\": \"09:40\"}, \"Wednesday\": {\"active\": true, \"end_time\": \"15:45\", \"start_time\": \"09:40\"}}','[{\"subject_id\": \"12\", \"grade_section_id\": \"7\", \"sessions_per_week\": 3, \"max_sessions_per_day\": 1}]','2026-06-08 02:11:57','2026-06-20 02:35:16'),(13,1,'Pratibha mam','full-time',5,0,NULL,'{\"Friday\": {\"active\": true, \"end_time\": \"15:45\", \"start_time\": \"09:40\"}, \"Monday\": {\"active\": true, \"end_time\": \"15:45\", \"start_time\": \"09:40\"}, \"Tuesday\": {\"active\": true, \"end_time\": \"15:45\", \"start_time\": \"09:40\"}, \"Thursday\": {\"active\": true, \"end_time\": \"15:45\", \"start_time\": \"09:40\"}, \"Wednesday\": {\"active\": true, \"end_time\": \"15:45\", \"start_time\": \"09:40\"}}','[{\"subject_id\": \"1\", \"grade_section_id\": \"5\", \"sessions_per_week\": 5, \"max_sessions_per_day\": 1}, {\"subject_id\": \"1\", \"grade_section_id\": \"6\", \"sessions_per_week\": 5, \"max_sessions_per_day\": 1}, {\"subject_id\": \"1\", \"grade_section_id\": \"8\", \"sessions_per_week\": 5, \"max_sessions_per_day\": 1}, {\"subject_id\": \"1\", \"grade_section_id\": \"9\", \"sessions_per_week\": 5, \"max_sessions_per_day\": 1}, {\"subject_id\": \"1\", \"grade_section_id\": \"7\", \"sessions_per_week\": 5, \"max_sessions_per_day\": 1}]','2026-06-08 02:14:55','2026-06-20 02:35:00'),(15,1,'Sabbu mam','full-time',7,0,'Do not allocate at any first class like allocation only from 10:35 AM','{\"Friday\": {\"active\": true, \"end_time\": \"15:45\", \"start_time\": \"09:40\"}, \"Monday\": {\"active\": true, \"end_time\": \"15:45\", \"start_time\": \"09:40\"}, \"Tuesday\": {\"active\": true, \"end_time\": \"15:45\", \"start_time\": \"09:40\"}, \"Thursday\": {\"active\": true, \"end_time\": \"15:45\", \"start_time\": \"09:40\"}, \"Wednesday\": {\"active\": true, \"end_time\": \"15:45\", \"start_time\": \"09:40\"}}','[{\"subject_id\": \"7\", \"grade_section_id\": \"1\", \"sessions_per_week\": 3, \"max_sessions_per_day\": 1}, {\"subject_id\": \"7\", \"grade_section_id\": \"2\", \"sessions_per_week\": 3, \"max_sessions_per_day\": 1}, {\"subject_id\": \"7\", \"grade_section_id\": \"3\", \"sessions_per_week\": 3, \"max_sessions_per_day\": 1}, {\"subject_id\": \"7\", \"grade_section_id\": \"4\", \"sessions_per_week\": 3, \"max_sessions_per_day\": 1}, {\"subject_id\": \"7\", \"grade_section_id\": \"5\", \"sessions_per_week\": 3, \"max_sessions_per_day\": 1}, {\"subject_id\": \"7\", \"grade_section_id\": \"6\", \"sessions_per_week\": 3, \"max_sessions_per_day\": 1}, {\"subject_id\": \"7\", \"grade_section_id\": \"9\", \"sessions_per_week\": 2, \"max_sessions_per_day\": 1}, {\"subject_id\": \"7\", \"grade_section_id\": \"8\", \"sessions_per_week\": 2, \"max_sessions_per_day\": 1}, {\"subject_id\": \"7\", \"grade_section_id\": \"7\", \"sessions_per_week\": 2, \"max_sessions_per_day\": 1}]','2026-06-08 02:19:29','2026-06-20 03:43:39'),(16,1,'Salina Mam','part-time',5,0,NULL,'{\"Friday\": {\"active\": true, \"end_time\": \"15:00\", \"start_time\": \"09:40\"}, \"Monday\": {\"active\": true, \"end_time\": \"15:00\", \"start_time\": \"09:40\"}, \"Tuesday\": {\"active\": true, \"end_time\": \"15:00\", \"start_time\": \"09:40\"}, \"Thursday\": {\"active\": true, \"end_time\": \"15:00\", \"start_time\": \"09:40\"}, \"Wednesday\": {\"active\": true, \"end_time\": \"15:00\", \"start_time\": \"09:40\"}}','[{\"subject_id\": \"9\", \"grade_section_id\": \"1\", \"sessions_per_week\": 15, \"max_sessions_per_day\": 5}, {\"subject_id\": \"9\", \"grade_section_id\": \"5\", \"sessions_per_week\": 15, \"max_sessions_per_day\": 5}, {\"subject_id\": \"9\", \"grade_section_id\": \"6\", \"sessions_per_week\": 15, \"max_sessions_per_day\": 5}, {\"subject_id\": \"9\", \"grade_section_id\": \"8\", \"sessions_per_week\": 15, \"max_sessions_per_day\": 5}, {\"subject_id\": \"9\", \"grade_section_id\": \"7\", \"sessions_per_week\": 15, \"max_sessions_per_day\": 5}]','2026-06-08 02:22:04','2026-06-08 10:57:54'),(17,1,'Saliza mam','part-time',3,0,NULL,'{\"Friday\": {\"active\": true, \"end_time\": \"13:00\", \"start_time\": \"09:40\"}, \"Monday\": {\"active\": true, \"end_time\": \"13:00\", \"start_time\": \"09:40\"}, \"Tuesday\": {\"active\": true, \"end_time\": \"13:00\", \"start_time\": \"09:40\"}, \"Thursday\": {\"active\": true, \"end_time\": \"13:00\", \"start_time\": \"09:40\"}, \"Wednesday\": {\"active\": true, \"end_time\": \"13:00\", \"start_time\": \"09:40\"}}','[{\"subject_id\": \"9\", \"grade_section_id\": \"2\", \"sessions_per_week\": 12, \"max_sessions_per_day\": 3}, {\"subject_id\": \"9\", \"grade_section_id\": \"3\", \"sessions_per_week\": 12, \"max_sessions_per_day\": 3}, {\"subject_id\": \"9\", \"grade_section_id\": \"4\", \"sessions_per_week\": 12, \"max_sessions_per_day\": 3}, {\"subject_id\": \"9\", \"grade_section_id\": \"9\", \"sessions_per_week\": 12, \"max_sessions_per_day\": 3}]','2026-06-08 02:23:48','2026-06-08 10:57:43'),(18,1,'Sandhya mam','full-time',2,0,NULL,'{\"Friday\": {\"active\": true, \"end_time\": \"15:45\", \"start_time\": \"09:30\"}, \"Monday\": {\"active\": true, \"end_time\": \"15:45\", \"start_time\": \"09:40\"}, \"Tuesday\": {\"active\": true, \"end_time\": \"15:45\", \"start_time\": \"09:30\"}, \"Thursday\": {\"active\": true, \"end_time\": \"15:45\", \"start_time\": \"09:30\"}, \"Wednesday\": {\"active\": true, \"end_time\": \"15:45\", \"start_time\": \"09:30\"}}','[{\"subject_id\": \"6\", \"grade_section_id\": \"8\", \"sessions_per_week\": 5, \"max_sessions_per_day\": 1}, {\"subject_id\": \"6\", \"grade_section_id\": \"9\", \"sessions_per_week\": 5, \"max_sessions_per_day\": 1}]','2026-06-08 02:25:36','2026-06-20 03:42:46'),(19,1,'Sharmila mam','full-time',4,0,NULL,'{\"Friday\": {\"active\": true, \"end_time\": \"15:45\", \"start_time\": \"09:40\"}, \"Monday\": {\"active\": true, \"end_time\": \"15:45\", \"start_time\": \"09:40\"}, \"Tuesday\": {\"active\": true, \"end_time\": \"15:45\", \"start_time\": \"09:40\"}, \"Thursday\": {\"active\": true, \"end_time\": \"15:45\", \"start_time\": \"09:40\"}, \"Wednesday\": {\"active\": true, \"end_time\": \"15:45\", \"start_time\": \"09:40\"}}','[{\"subject_id\": \"4\", \"grade_section_id\": \"5\", \"sessions_per_week\": 5, \"max_sessions_per_day\": 1}, {\"subject_id\": \"4\", \"grade_section_id\": \"8\", \"sessions_per_week\": 5, \"max_sessions_per_day\": 1}, {\"subject_id\": \"4\", \"grade_section_id\": \"6\", \"sessions_per_week\": 5, \"max_sessions_per_day\": 1}, {\"subject_id\": \"4\", \"grade_section_id\": \"4\", \"sessions_per_week\": 5, \"max_sessions_per_day\": 1}]','2026-06-08 02:27:10','2026-06-20 03:42:29'),(20,1,'Sonam sir','full-time',2,0,NULL,'{\"Friday\": {\"active\": true, \"end_time\": \"15:45\", \"start_time\": \"09:40\"}, \"Monday\": {\"active\": true, \"end_time\": \"15:45\", \"start_time\": \"09:40\"}, \"Tuesday\": {\"active\": true, \"end_time\": \"15:45\", \"start_time\": \"09:40\"}, \"Thursday\": {\"active\": true, \"end_time\": \"15:45\", \"start_time\": \"09:40\"}, \"Wednesday\": {\"active\": true, \"end_time\": \"15:46\", \"start_time\": \"09:40\"}}','[{\"subject_id\": \"6\", \"grade_section_id\": \"3\", \"sessions_per_week\": 5, \"max_sessions_per_day\": 1}, {\"subject_id\": \"6\", \"grade_section_id\": \"1\", \"sessions_per_week\": 5, \"max_sessions_per_day\": 1}]','2026-06-08 02:29:01','2026-06-20 02:27:59'),(22,1,'Tanju mam','full-time',4,0,NULL,'{\"Friday\": {\"active\": true, \"end_time\": \"15:45\", \"start_time\": \"09:40\"}, \"Monday\": {\"active\": true, \"end_time\": \"15:45\", \"start_time\": \"09:40\"}, \"Tuesday\": {\"active\": true, \"end_time\": \"15:45\", \"start_time\": \"09:40\"}, \"Thursday\": {\"active\": true, \"end_time\": \"15:45\", \"start_time\": \"09:40\"}, \"Wednesday\": {\"active\": true, \"end_time\": \"15:45\", \"start_time\": \"09:40\"}}','[{\"subject_id\": \"1\", \"grade_section_id\": \"3\", \"sessions_per_week\": 5, \"max_sessions_per_day\": 1}, {\"subject_id\": \"1\", \"grade_section_id\": \"2\", \"sessions_per_week\": 5, \"max_sessions_per_day\": 1}, {\"subject_id\": \"1\", \"grade_section_id\": \"1\", \"sessions_per_week\": 5, \"max_sessions_per_day\": 1}, {\"subject_id\": \"1\", \"grade_section_id\": \"4\", \"sessions_per_week\": 5, \"max_sessions_per_day\": 1}]','2026-06-08 02:32:51','2026-06-20 03:42:13'),(24,1,'Dance Mam','full-time',3,1,NULL,'{\"Friday\": {\"active\": true, \"end_time\": \"15:45\", \"start_time\": \"09:40\"}, \"Monday\": {\"active\": true, \"end_time\": \"15:45\", \"start_time\": \"09:40\"}, \"Tuesday\": {\"active\": true, \"end_time\": \"15:45\", \"start_time\": \"09:40\"}, \"Thursday\": {\"active\": true, \"end_time\": \"15:45\", \"start_time\": \"09:40\"}, \"Wednesday\": {\"active\": true, \"end_time\": \"15:45\", \"start_time\": \"09:40\"}}','[{\"subject_id\": \"5\", \"grade_section_id\": \"1\", \"sessions_per_week\": 3, \"max_sessions_per_day\": 3}, {\"subject_id\": \"5\", \"grade_section_id\": \"2\", \"sessions_per_week\": 3, \"max_sessions_per_day\": 3}, {\"subject_id\": \"5\", \"grade_section_id\": \"3\", \"sessions_per_week\": 3, \"max_sessions_per_day\": 3}, {\"subject_id\": \"5\", \"grade_section_id\": \"4\", \"sessions_per_week\": 3, \"max_sessions_per_day\": 3}, {\"subject_id\": \"5\", \"grade_section_id\": \"5\", \"sessions_per_week\": 3, \"max_sessions_per_day\": 3}, {\"subject_id\": \"5\", \"grade_section_id\": \"6\", \"sessions_per_week\": 3, \"max_sessions_per_day\": 3}]','2026-06-08 03:14:09','2026-06-09 20:45:19'),(25,1,'Chinese Mam','part-time',4,1,NULL,'{\"Friday\": {\"active\": true, \"end_time\": \"15:45\", \"start_time\": \"09:40\"}, \"Monday\": {\"active\": true, \"end_time\": \"15:45\", \"start_time\": \"09:40\"}, \"Tuesday\": {\"active\": true, \"end_time\": \"15:45\", \"start_time\": \"09:40\"}, \"Thursday\": {\"active\": true, \"end_time\": \"15:45\", \"start_time\": \"09:40\"}, \"Wednesday\": {\"active\": true, \"end_time\": \"15:45\", \"start_time\": \"09:40\"}}','[{\"subject_id\": \"11\", \"grade_section_id\": \"3\", \"sessions_per_week\": 6, \"max_sessions_per_day\": 4}, {\"subject_id\": \"11\", \"grade_section_id\": \"2\", \"sessions_per_week\": 6, \"max_sessions_per_day\": 4}, {\"subject_id\": \"11\", \"grade_section_id\": \"1\", \"sessions_per_week\": 6, \"max_sessions_per_day\": 4}, {\"subject_id\": \"11\", \"grade_section_id\": \"6\", \"sessions_per_week\": 6, \"max_sessions_per_day\": 4}, {\"subject_id\": \"11\", \"grade_section_id\": \"5\", \"sessions_per_week\": 6, \"max_sessions_per_day\": 4}, {\"subject_id\": \"11\", \"grade_section_id\": \"4\", \"sessions_per_week\": 6, \"max_sessions_per_day\": 4}]','2026-06-08 03:33:37','2026-06-08 10:57:32'),(26,1,'Club Sir','part-time',9,1,NULL,'{\"Friday\": {\"active\": true, \"end_time\": \"15:45\", \"start_time\": \"09:30\"}, \"Monday\": {\"active\": true, \"end_time\": \"15:45\", \"start_time\": \"09:40\"}, \"Tuesday\": {\"active\": true, \"end_time\": \"15:45\", \"start_time\": \"09:30\"}, \"Thursday\": {\"active\": true, \"end_time\": \"15:45\", \"start_time\": \"09:30\"}, \"Wednesday\": {\"active\": true, \"end_time\": \"15:45\", \"start_time\": \"09:30\"}}','[{\"subject_id\": \"10\", \"grade_section_id\": \"1\", \"sessions_per_week\": 9, \"max_sessions_per_day\": 9}, {\"subject_id\": \"10\", \"grade_section_id\": \"2\", \"sessions_per_week\": 9, \"max_sessions_per_day\": 9}, {\"subject_id\": \"10\", \"grade_section_id\": \"3\", \"sessions_per_week\": 9, \"max_sessions_per_day\": 9}, {\"subject_id\": \"10\", \"grade_section_id\": \"4\", \"sessions_per_week\": 9, \"max_sessions_per_day\": 9}, {\"subject_id\": \"10\", \"grade_section_id\": \"5\", \"sessions_per_week\": 9, \"max_sessions_per_day\": 9}, {\"subject_id\": \"10\", \"grade_section_id\": \"6\", \"sessions_per_week\": 9, \"max_sessions_per_day\": 9}, {\"subject_id\": \"10\", \"grade_section_id\": \"7\", \"sessions_per_week\": 9, \"max_sessions_per_day\": 9}, {\"subject_id\": \"10\", \"grade_section_id\": \"8\", \"sessions_per_week\": 9, \"max_sessions_per_day\": 9}, {\"subject_id\": \"10\", \"grade_section_id\": \"9\", \"sessions_per_week\": 9, \"max_sessions_per_day\": 9}]','2026-06-08 03:38:22','2026-06-08 10:57:26'),(27,1,'Game Sir','part-time',11,1,NULL,'{\"Friday\": {\"active\": true, \"end_time\": \"15:45\", \"start_time\": \"09:40\"}, \"Monday\": {\"active\": true, \"end_time\": \"15:45\", \"start_time\": \"09:40\"}, \"Tuesday\": {\"active\": true, \"end_time\": \"15:45\", \"start_time\": \"09:40\"}, \"Thursday\": {\"active\": true, \"end_time\": \"15:45\", \"start_time\": \"09:40\"}, \"Wednesday\": {\"active\": true, \"end_time\": \"15:45\", \"start_time\": \"09:40\"}}','[{\"subject_id\": \"8\", \"grade_section_id\": \"3\", \"sessions_per_week\": 14, \"max_sessions_per_day\": 11}, {\"subject_id\": \"8\", \"grade_section_id\": \"2\", \"sessions_per_week\": 14, \"max_sessions_per_day\": 11}, {\"subject_id\": \"8\", \"grade_section_id\": \"1\", \"sessions_per_week\": 14, \"max_sessions_per_day\": 11}, {\"subject_id\": \"8\", \"grade_section_id\": \"6\", \"sessions_per_week\": 14, \"max_sessions_per_day\": 11}, {\"subject_id\": \"8\", \"grade_section_id\": \"5\", \"sessions_per_week\": 14, \"max_sessions_per_day\": 11}, {\"subject_id\": \"8\", \"grade_section_id\": \"4\", \"sessions_per_week\": 14, \"max_sessions_per_day\": 11}, {\"subject_id\": \"8\", \"grade_section_id\": \"9\", \"sessions_per_week\": 14, \"max_sessions_per_day\": 11}, {\"subject_id\": \"8\", \"grade_section_id\": \"8\", \"sessions_per_week\": 14, \"max_sessions_per_day\": 11}, {\"subject_id\": \"8\", \"grade_section_id\": \"7\", \"sessions_per_week\": 14, \"max_sessions_per_day\": 11}]','2026-06-08 04:19:54','2026-06-08 10:57:20');
/*!40000 ALTER TABLE `teachers` ENABLE KEYS */;
UNLOCK TABLES;

--
-- Table structure for table `users`
--

DROP TABLE IF EXISTS `users`;
/*!40101 SET @saved_cs_client     = @@character_set_client */;
/*!50503 SET character_set_client = utf8mb4 */;
CREATE TABLE `users` (
  `id` bigint unsigned NOT NULL AUTO_INCREMENT,
  `name` varchar(255) CHARACTER SET utf8mb4 COLLATE utf8mb4_unicode_ci NOT NULL,
  `email` varchar(255) CHARACTER SET utf8mb4 COLLATE utf8mb4_unicode_ci NOT NULL,
  `email_verified_at` timestamp NULL DEFAULT NULL,
  `password` varchar(255) CHARACTER SET utf8mb4 COLLATE utf8mb4_unicode_ci NOT NULL,
  `remember_token` varchar(100) CHARACTER SET utf8mb4 COLLATE utf8mb4_unicode_ci DEFAULT NULL,
  `created_at` timestamp NULL DEFAULT NULL,
  `updated_at` timestamp NULL DEFAULT NULL,
  PRIMARY KEY (`id`),
  UNIQUE KEY `users_email_unique` (`email`)
) ENGINE=InnoDB DEFAULT CHARSET=utf8mb4 COLLATE=utf8mb4_unicode_ci;
/*!40101 SET character_set_client = @saved_cs_client */;

--
-- Dumping data for table `users`
--

LOCK TABLES `users` WRITE;
/*!40000 ALTER TABLE `users` DISABLE KEYS */;
/*!40000 ALTER TABLE `users` ENABLE KEYS */;
UNLOCK TABLES;
/*!40103 SET TIME_ZONE=@OLD_TIME_ZONE */;

/*!40101 SET SQL_MODE=@OLD_SQL_MODE */;
/*!40014 SET FOREIGN_KEY_CHECKS=@OLD_FOREIGN_KEY_CHECKS */;
/*!40014 SET UNIQUE_CHECKS=@OLD_UNIQUE_CHECKS */;
/*!40101 SET CHARACTER_SET_CLIENT=@OLD_CHARACTER_SET_CLIENT */;
/*!40101 SET CHARACTER_SET_RESULTS=@OLD_CHARACTER_SET_RESULTS */;
/*!40101 SET COLLATION_CONNECTION=@OLD_COLLATION_CONNECTION */;
/*!40111 SET SQL_NOTES=@OLD_SQL_NOTES */;

-- Dump completed on 2026-06-20 18:03:51
